ISO-10303-21;
HEADER;
/* Generated by software containing ST-Developer
 * from STEP Tools, Inc. (www.steptools.com) 
 */

FILE_DESCRIPTION(
/* description */ (''),
/* implementation_level */ '2;1');

FILE_NAME(
/* name */ 'stargate electrode - 32mm.step',
/* time_stamp */ '2026-05-17T13:32:12+02:00',
/* author */ (''),
/* organization */ (''),
/* preprocessor_version */ 'ST-DEVELOPER v20.1',
/* originating_system */ 'Autodesk Translation Framework v15.8.0.0',
/* authorisation */ '');

FILE_SCHEMA (('AUTOMOTIVE_DESIGN { 1 0 10303 214 3 1 1 }'));
ENDSEC;

DATA;
#10=MECHANICAL_DESIGN_GEOMETRIC_PRESENTATION_REPRESENTATION('',(#23,#24),
#6989);
#11=ITEM_DEFINED_TRANSFORMATION($,$,#3825,#4395);
#12=ITEM_DEFINED_TRANSFORMATION($,$,#4016,#4396);
#13=(
REPRESENTATION_RELATIONSHIP($,$,#7003,#7002)
REPRESENTATION_RELATIONSHIP_WITH_TRANSFORMATION(#11)
SHAPE_REPRESENTATION_RELATIONSHIP()
);
#14=(
REPRESENTATION_RELATIONSHIP($,$,#7004,#7002)
REPRESENTATION_RELATIONSHIP_WITH_TRANSFORMATION(#12)
SHAPE_REPRESENTATION_RELATIONSHIP()
);
#15=CONTEXT_DEPENDENT_SHAPE_REPRESENTATION(#13,#7000);
#16=CONTEXT_DEPENDENT_SHAPE_REPRESENTATION(#14,#7001);
#17=NEXT_ASSEMBLY_USAGE_OCCURRENCE('Exterior:1','Exterior:1',
'Exterior:1',#7006,#7007,'Exterior:1');
#18=NEXT_ASSEMBLY_USAGE_OCCURRENCE('Interior:1','Interior:1',
'Interior:1',#7006,#7008,'Interior:1');
#19=SHAPE_REPRESENTATION_RELATIONSHIP('SRR','None',#7003,#21);
#20=SHAPE_REPRESENTATION_RELATIONSHIP('SRR','None',#7004,#22);
#21=ADVANCED_BREP_SHAPE_REPRESENTATION('',(#25),#6987);
#22=ADVANCED_BREP_SHAPE_REPRESENTATION('',(#26),#6988);
#23=STYLED_ITEM('',(#7022),#25);
#24=STYLED_ITEM('',(#7023),#26);
#25=MANIFOLD_SOLID_BREP('Exterior',#3799);
#26=MANIFOLD_SOLID_BREP('Interior',#3800);
#27=FACE_BOUND('',#434,.T.);
#28=FACE_BOUND('',#437,.T.);
#29=FACE_BOUND('',#612,.T.);
#30=FACE_BOUND('',#614,.T.);
#31=CYLINDRICAL_SURFACE('',#3865,1.05);
#32=CYLINDRICAL_SURFACE('',#3872,1.125);
#33=CYLINDRICAL_SURFACE('',#3894,1.05);
#34=CYLINDRICAL_SURFACE('',#3943,28.2);
#35=CYLINDRICAL_SURFACE('',#3945,28.2);
#36=CYLINDRICAL_SURFACE('',#3951,3.00000000000001);
#37=CYLINDRICAL_SURFACE('',#3952,3.00000000000001);
#38=CYLINDRICAL_SURFACE('',#3956,2.05);
#39=CYLINDRICAL_SURFACE('',#3958,2.05);
#40=CYLINDRICAL_SURFACE('',#3960,25.2000000000005);
#41=CYLINDRICAL_SURFACE('',#3962,3.);
#42=CYLINDRICAL_SURFACE('',#3963,3.);
#43=CYLINDRICAL_SURFACE('',#3964,28.2);
#44=CYLINDRICAL_SURFACE('',#3967,28.2);
#45=CYLINDRICAL_SURFACE('',#3969,26.147918471983);
#46=CYLINDRICAL_SURFACE('',#3975,25.2);
#47=CYLINDRICAL_SURFACE('',#3991,1.00000000000005);
#48=CYLINDRICAL_SURFACE('',#3992,2.32500000000001);
#49=CYLINDRICAL_SURFACE('',#3993,1.00000000000174);
#50=CYLINDRICAL_SURFACE('',#4003,26.147918471983);
#51=CYLINDRICAL_SURFACE('',#4006,24.252081528017);
#52=CYLINDRICAL_SURFACE('',#4009,24.252081528017);
#53=CYLINDRICAL_SURFACE('',#4014,25.2);
#54=CYLINDRICAL_SURFACE('',#4015,25.2000000000005);
#55=CYLINDRICAL_SURFACE('',#4017,0.399999999999903);
#56=CYLINDRICAL_SURFACE('',#4020,1.29999999999989);
#57=CYLINDRICAL_SURFACE('',#4023,7.59909545614403);
#58=CYLINDRICAL_SURFACE('',#4026,8.49909545614403);
#59=CYLINDRICAL_SURFACE('',#4029,0.800000000000009);
#60=CYLINDRICAL_SURFACE('',#4032,0.500000000003849);
#61=CYLINDRICAL_SURFACE('',#4035,16.0000000000015);
#62=CYLINDRICAL_SURFACE('',#4038,0.449999999999997);
#63=CYLINDRICAL_SURFACE('',#4041,16.9000000000015);
#64=CYLINDRICAL_SURFACE('',#4044,1.70000000000001);
#65=CYLINDRICAL_SURFACE('',#4047,7.59909545614403);
#66=CYLINDRICAL_SURFACE('',#4050,8.49909545614402);
#67=CYLINDRICAL_SURFACE('',#4053,0.399999999999903);
#68=CYLINDRICAL_SURFACE('',#4056,1.29999999999989);
#69=CYLINDRICAL_SURFACE('',#4059,7.59909545614403);
#70=CYLINDRICAL_SURFACE('',#4062,8.49909545614403);
#71=CYLINDRICAL_SURFACE('',#4065,0.800000000000009);
#72=CYLINDRICAL_SURFACE('',#4068,0.500000000003849);
#73=CYLINDRICAL_SURFACE('',#4071,16.0000000000015);
#74=CYLINDRICAL_SURFACE('',#4074,0.449999999999997);
#75=CYLINDRICAL_SURFACE('',#4077,16.9000000000015);
#76=CYLINDRICAL_SURFACE('',#4080,1.70000000000001);
#77=CYLINDRICAL_SURFACE('',#4083,7.59909545614403);
#78=CYLINDRICAL_SURFACE('',#4086,8.49909545614402);
#79=CYLINDRICAL_SURFACE('',#4089,0.399999999999903);
#80=CYLINDRICAL_SURFACE('',#4092,1.29999999999989);
#81=CYLINDRICAL_SURFACE('',#4095,7.59909545614403);
#82=CYLINDRICAL_SURFACE('',#4098,8.49909545614403);
#83=CYLINDRICAL_SURFACE('',#4101,0.800000000000009);
#84=CYLINDRICAL_SURFACE('',#4104,0.500000000003849);
#85=CYLINDRICAL_SURFACE('',#4107,16.0000000000015);
#86=CYLINDRICAL_SURFACE('',#4110,0.449999999999997);
#87=CYLINDRICAL_SURFACE('',#4113,16.9000000000015);
#88=CYLINDRICAL_SURFACE('',#4116,1.70000000000001);
#89=CYLINDRICAL_SURFACE('',#4119,7.59909545614403);
#90=CYLINDRICAL_SURFACE('',#4122,8.49909545614402);
#91=CYLINDRICAL_SURFACE('',#4125,0.399999999999903);
#92=CYLINDRICAL_SURFACE('',#4128,1.29999999999989);
#93=CYLINDRICAL_SURFACE('',#4131,7.59909545614403);
#94=CYLINDRICAL_SURFACE('',#4134,8.49909545614403);
#95=CYLINDRICAL_SURFACE('',#4137,0.800000000000009);
#96=CYLINDRICAL_SURFACE('',#4140,0.500000000003849);
#97=CYLINDRICAL_SURFACE('',#4143,16.0000000000015);
#98=CYLINDRICAL_SURFACE('',#4146,0.449999999999997);
#99=CYLINDRICAL_SURFACE('',#4149,16.9000000000015);
#100=CYLINDRICAL_SURFACE('',#4152,1.70000000000001);
#101=CYLINDRICAL_SURFACE('',#4155,7.59909545614403);
#102=CYLINDRICAL_SURFACE('',#4158,8.49909545614402);
#103=CYLINDRICAL_SURFACE('',#4161,0.399999999999903);
#104=CYLINDRICAL_SURFACE('',#4164,1.29999999999989);
#105=CYLINDRICAL_SURFACE('',#4167,7.59909545614403);
#106=CYLINDRICAL_SURFACE('',#4170,8.49909545614403);
#107=CYLINDRICAL_SURFACE('',#4173,0.80000000000001);
#108=CYLINDRICAL_SURFACE('',#4176,0.500000000003849);
#109=CYLINDRICAL_SURFACE('',#4179,16.0000000000015);
#110=CYLINDRICAL_SURFACE('',#4182,0.449999999999997);
#111=CYLINDRICAL_SURFACE('',#4185,16.9000000000015);
#112=CYLINDRICAL_SURFACE('',#4188,1.70000000000001);
#113=CYLINDRICAL_SURFACE('',#4191,7.59909545614404);
#114=CYLINDRICAL_SURFACE('',#4194,8.49909545614402);
#115=CYLINDRICAL_SURFACE('',#4197,0.399999999999903);
#116=CYLINDRICAL_SURFACE('',#4200,1.29999999999989);
#117=CYLINDRICAL_SURFACE('',#4203,7.59909545614403);
#118=CYLINDRICAL_SURFACE('',#4206,8.49909545614403);
#119=CYLINDRICAL_SURFACE('',#4209,0.800000000000009);
#120=CYLINDRICAL_SURFACE('',#4212,0.500000000003849);
#121=CYLINDRICAL_SURFACE('',#4215,16.0000000000015);
#122=CYLINDRICAL_SURFACE('',#4218,0.449999999999997);
#123=CYLINDRICAL_SURFACE('',#4221,16.9000000000015);
#124=CYLINDRICAL_SURFACE('',#4224,1.70000000000001);
#125=CYLINDRICAL_SURFACE('',#4227,7.59909545614403);
#126=CYLINDRICAL_SURFACE('',#4230,8.49909545614402);
#127=CYLINDRICAL_SURFACE('',#4233,0.399999999999903);
#128=CYLINDRICAL_SURFACE('',#4236,1.29999999999989);
#129=CYLINDRICAL_SURFACE('',#4239,7.59909545614403);
#130=CYLINDRICAL_SURFACE('',#4242,8.49909545614403);
#131=CYLINDRICAL_SURFACE('',#4245,0.800000000000009);
#132=CYLINDRICAL_SURFACE('',#4248,0.500000000003849);
#133=CYLINDRICAL_SURFACE('',#4251,16.0000000000015);
#134=CYLINDRICAL_SURFACE('',#4254,0.449999999999997);
#135=CYLINDRICAL_SURFACE('',#4257,16.9000000000015);
#136=CYLINDRICAL_SURFACE('',#4260,1.70000000000001);
#137=CYLINDRICAL_SURFACE('',#4263,7.59909545614403);
#138=CYLINDRICAL_SURFACE('',#4266,8.49909545614402);
#139=CYLINDRICAL_SURFACE('',#4269,0.399999999999903);
#140=CYLINDRICAL_SURFACE('',#4272,1.29999999999989);
#141=CYLINDRICAL_SURFACE('',#4275,7.59909545614403);
#142=CYLINDRICAL_SURFACE('',#4278,8.49909545614403);
#143=CYLINDRICAL_SURFACE('',#4281,0.800000000000009);
#144=CYLINDRICAL_SURFACE('',#4284,0.500000000003849);
#145=CYLINDRICAL_SURFACE('',#4287,16.0000000000015);
#146=CYLINDRICAL_SURFACE('',#4290,0.449999999999997);
#147=CYLINDRICAL_SURFACE('',#4293,16.9000000000015);
#148=CYLINDRICAL_SURFACE('',#4296,1.70000000000001);
#149=CYLINDRICAL_SURFACE('',#4299,7.59909545614403);
#150=CYLINDRICAL_SURFACE('',#4302,8.49909545614402);
#151=CYLINDRICAL_SURFACE('',#4305,23.);
#152=CYLINDRICAL_SURFACE('',#4308,23.);
#153=CYLINDRICAL_SURFACE('',#4311,23.);
#154=CYLINDRICAL_SURFACE('',#4314,23.);
#155=CYLINDRICAL_SURFACE('',#4317,23.);
#156=CYLINDRICAL_SURFACE('',#4320,23.);
#157=CYLINDRICAL_SURFACE('',#4323,23.);
#158=CYLINDRICAL_SURFACE('',#4326,23.);
#159=CYLINDRICAL_SURFACE('',#4329,23.);
#160=CYLINDRICAL_SURFACE('',#4332,0.399999999999902);
#161=CYLINDRICAL_SURFACE('',#4335,1.29999999999989);
#162=CYLINDRICAL_SURFACE('',#4338,7.59909545614403);
#163=CYLINDRICAL_SURFACE('',#4341,8.49909545614403);
#164=CYLINDRICAL_SURFACE('',#4344,0.800000000000009);
#165=CYLINDRICAL_SURFACE('',#4347,0.500000000003849);
#166=CYLINDRICAL_SURFACE('',#4350,16.0000000000015);
#167=CYLINDRICAL_SURFACE('',#4353,0.449999999999997);
#168=CYLINDRICAL_SURFACE('',#4356,16.9000000000015);
#169=CYLINDRICAL_SURFACE('',#4359,1.70000000000001);
#170=CYLINDRICAL_SURFACE('',#4362,7.59909545614403);
#171=CYLINDRICAL_SURFACE('',#4365,8.49909545614402);
#172=CYLINDRICAL_SURFACE('',#4376,25.);
#173=CYLINDRICAL_SURFACE('',#4389,25.);
#174=CYLINDRICAL_SURFACE('',#4394,24.0520815280172);
#175=PLANE('',#3855);
#176=PLANE('',#3880);
#177=PLANE('',#3902);
#178=PLANE('',#3908);
#179=PLANE('',#3912);
#180=PLANE('',#3921);
#181=PLANE('',#3926);
#182=PLANE('',#3937);
#183=PLANE('',#3994);
#184=PLANE('',#3995);
#185=PLANE('',#3997);
#186=PLANE('',#3998);
#187=PLANE('',#4005);
#188=PLANE('',#4007);
#189=PLANE('',#4008);
#190=PLANE('',#4011);
#191=PLANE('',#4368);
#192=PLANE('',#4369);
#193=PLANE('',#4370);
#194=PLANE('',#4371);
#195=PLANE('',#4382);
#196=PLANE('',#4383);
#197=B_SPLINE_CURVE_WITH_KNOTS('',3,(#5822,#5823,#5824,#5825,#5826,#5827),
 .UNSPECIFIED.,.F.,.F.,(4,2,4),(1.52094210788677,1.59696525994476,1.59791478432295),
 .UNSPECIFIED.);
#198=B_SPLINE_CURVE_WITH_KNOTS('',3,(#5832,#5833,#5834,#5835),
 .UNSPECIFIED.,.F.,.F.,(4,4),(1.59791478432295,1.62131036733984),
 .UNSPECIFIED.);
#199=B_SPLINE_CURVE_WITH_KNOTS('',3,(#5839,#5840,#5841,#5842,#5843,#5844),
 .UNSPECIFIED.,.F.,.F.,(4,2,4),(1.4205738484337,1.44491895582879,1.52094210788677),
 .UNSPECIFIED.);
#200=B_SPLINE_CURVE_WITH_KNOTS('',3,(#5881,#5882,#5883,#5884),
 .UNSPECIFIED.,.F.,.F.,(4,4),(1.66284097276066,1.74551042462462),
 .UNSPECIFIED.);
#201=B_SPLINE_CURVE_WITH_KNOTS('',3,(#5889,#5890,#5891,#5892),
 .UNSPECIFIED.,.F.,.F.,(4,4),(1.58017152089667,1.66284097276061),
 .UNSPECIFIED.);
#202=B_SPLINE_CURVE_WITH_KNOTS('',3,(#5919,#5920,#5921,#5922,#5923,#5924),
 .UNSPECIFIED.,.F.,.F.,(4,2,4),(1.44396943145058,1.44491895582878,1.52094210788677),
 .UNSPECIFIED.);
#203=B_SPLINE_CURVE_WITH_KNOTS('',3,(#5928,#5929,#5930,#5931,#5932,#5933),
 .UNSPECIFIED.,.F.,.F.,(4,2,4),(1.52094210788677,1.59696525994475,1.62131036733984),
 .UNSPECIFIED.);
#204=B_SPLINE_CURVE_WITH_KNOTS('',3,(#5936,#5937,#5938,#5939),
 .UNSPECIFIED.,.F.,.F.,(4,4),(1.42057384843369,1.44396943145058),
 .UNSPECIFIED.);
#205=B_SPLINE_CURVE_WITH_KNOTS('',3,(#5977,#5978,#5979,#5980),
 .UNSPECIFIED.,.F.,.F.,(4,4),(1.66284097276062,1.74551042462456),
 .UNSPECIFIED.);
#206=B_SPLINE_CURVE_WITH_KNOTS('',3,(#5983,#5984,#5985,#5986),
 .UNSPECIFIED.,.F.,.F.,(4,4),(1.58017152089671,1.66284097276067),
 .UNSPECIFIED.);
#207=(
BOUNDED_CURVE()
B_SPLINE_CURVE(2,(#5771,#5772,#5773),.UNSPECIFIED.,.F.,.F.)
B_SPLINE_CURVE_WITH_KNOTS((3,3),(0.000190825640525451,0.247513353296256),
 .UNSPECIFIED.)
CURVE()
GEOMETRIC_REPRESENTATION_ITEM()
RATIONAL_B_SPLINE_CURVE((1.00000092525563,1.00060005857548,1.))
REPRESENTATION_ITEM('')
);
#208=(
BOUNDED_CURVE()
B_SPLINE_CURVE(2,(#5777,#5778,#5779),.UNSPECIFIED.,.F.,.F.)
B_SPLINE_CURVE_WITH_KNOTS((3,3),(0.,0.247322527655734),.UNSPECIFIED.)
CURVE()
GEOMETRIC_REPRESENTATION_ITEM()
RATIONAL_B_SPLINE_CURVE((1.,1.00060005859844,1.00000092525567))
REPRESENTATION_ITEM('')
);
#209=(
BOUNDED_CURVE()
B_SPLINE_CURVE(2,(#6162,#6163,#6164),.UNSPECIFIED.,.F.,.F.)
B_SPLINE_CURVE_WITH_KNOTS((3,3),(0.000190825643222783,0.247513353296336),
 .UNSPECIFIED.)
CURVE()
GEOMETRIC_REPRESENTATION_ITEM()
RATIONAL_B_SPLINE_CURVE((1.00000092525419,1.0006000576329,1.))
REPRESENTATION_ITEM('')
);
#210=(
BOUNDED_CURVE()
B_SPLINE_CURVE(2,(#6173,#6174,#6175),.UNSPECIFIED.,.F.,.F.)
B_SPLINE_CURVE_WITH_KNOTS((3,3),(0.,0.247322527653109),.UNSPECIFIED.)
CURVE()
GEOMETRIC_REPRESENTATION_ITEM()
RATIONAL_B_SPLINE_CURVE((1.,1.00060005760946,1.00000092525416))
REPRESENTATION_ITEM('')
);
#211=FACE_OUTER_BOUND('',#413,.T.);
#212=FACE_OUTER_BOUND('',#414,.T.);
#213=FACE_OUTER_BOUND('',#415,.T.);
#214=FACE_OUTER_BOUND('',#416,.T.);
#215=FACE_OUTER_BOUND('',#417,.T.);
#216=FACE_OUTER_BOUND('',#418,.T.);
#217=FACE_OUTER_BOUND('',#419,.T.);
#218=FACE_OUTER_BOUND('',#420,.T.);
#219=FACE_OUTER_BOUND('',#421,.T.);
#220=FACE_OUTER_BOUND('',#422,.T.);
#221=FACE_OUTER_BOUND('',#423,.T.);
#222=FACE_OUTER_BOUND('',#424,.T.);
#223=FACE_OUTER_BOUND('',#425,.T.);
#224=FACE_OUTER_BOUND('',#426,.T.);
#225=FACE_OUTER_BOUND('',#427,.T.);
#226=FACE_OUTER_BOUND('',#428,.T.);
#227=FACE_OUTER_BOUND('',#429,.T.);
#228=FACE_OUTER_BOUND('',#430,.T.);
#229=FACE_OUTER_BOUND('',#431,.T.);
#230=FACE_OUTER_BOUND('',#432,.T.);
#231=FACE_OUTER_BOUND('',#433,.T.);
#232=FACE_OUTER_BOUND('',#435,.T.);
#233=FACE_OUTER_BOUND('',#436,.T.);
#234=FACE_OUTER_BOUND('',#438,.T.);
#235=FACE_OUTER_BOUND('',#439,.T.);
#236=FACE_OUTER_BOUND('',#440,.T.);
#237=FACE_OUTER_BOUND('',#441,.T.);
#238=FACE_OUTER_BOUND('',#442,.T.);
#239=FACE_OUTER_BOUND('',#443,.T.);
#240=FACE_OUTER_BOUND('',#444,.T.);
#241=FACE_OUTER_BOUND('',#445,.T.);
#242=FACE_OUTER_BOUND('',#446,.T.);
#243=FACE_OUTER_BOUND('',#447,.T.);
#244=FACE_OUTER_BOUND('',#448,.T.);
#245=FACE_OUTER_BOUND('',#449,.T.);
#246=FACE_OUTER_BOUND('',#450,.T.);
#247=FACE_OUTER_BOUND('',#451,.T.);
#248=FACE_OUTER_BOUND('',#452,.T.);
#249=FACE_OUTER_BOUND('',#453,.T.);
#250=FACE_OUTER_BOUND('',#454,.T.);
#251=FACE_OUTER_BOUND('',#455,.T.);
#252=FACE_OUTER_BOUND('',#456,.T.);
#253=FACE_OUTER_BOUND('',#457,.T.);
#254=FACE_OUTER_BOUND('',#458,.T.);
#255=FACE_OUTER_BOUND('',#459,.T.);
#256=FACE_OUTER_BOUND('',#460,.T.);
#257=FACE_OUTER_BOUND('',#461,.T.);
#258=FACE_OUTER_BOUND('',#462,.T.);
#259=FACE_OUTER_BOUND('',#463,.T.);
#260=FACE_OUTER_BOUND('',#464,.T.);
#261=FACE_OUTER_BOUND('',#465,.T.);
#262=FACE_OUTER_BOUND('',#466,.T.);
#263=FACE_OUTER_BOUND('',#467,.T.);
#264=FACE_OUTER_BOUND('',#468,.T.);
#265=FACE_OUTER_BOUND('',#469,.T.);
#266=FACE_OUTER_BOUND('',#470,.T.);
#267=FACE_OUTER_BOUND('',#471,.T.);
#268=FACE_OUTER_BOUND('',#472,.T.);
#269=FACE_OUTER_BOUND('',#473,.T.);
#270=FACE_OUTER_BOUND('',#474,.T.);
#271=FACE_OUTER_BOUND('',#475,.T.);
#272=FACE_OUTER_BOUND('',#476,.T.);
#273=FACE_OUTER_BOUND('',#477,.T.);
#274=FACE_OUTER_BOUND('',#478,.T.);
#275=FACE_OUTER_BOUND('',#479,.T.);
#276=FACE_OUTER_BOUND('',#480,.T.);
#277=FACE_OUTER_BOUND('',#481,.T.);
#278=FACE_OUTER_BOUND('',#482,.T.);
#279=FACE_OUTER_BOUND('',#483,.T.);
#280=FACE_OUTER_BOUND('',#484,.T.);
#281=FACE_OUTER_BOUND('',#485,.T.);
#282=FACE_OUTER_BOUND('',#486,.T.);
#283=FACE_OUTER_BOUND('',#487,.T.);
#284=FACE_OUTER_BOUND('',#488,.T.);
#285=FACE_OUTER_BOUND('',#489,.T.);
#286=FACE_OUTER_BOUND('',#490,.T.);
#287=FACE_OUTER_BOUND('',#491,.T.);
#288=FACE_OUTER_BOUND('',#492,.T.);
#289=FACE_OUTER_BOUND('',#493,.T.);
#290=FACE_OUTER_BOUND('',#494,.T.);
#291=FACE_OUTER_BOUND('',#495,.T.);
#292=FACE_OUTER_BOUND('',#496,.T.);
#293=FACE_OUTER_BOUND('',#497,.T.);
#294=FACE_OUTER_BOUND('',#498,.T.);
#295=FACE_OUTER_BOUND('',#499,.T.);
#296=FACE_OUTER_BOUND('',#500,.T.);
#297=FACE_OUTER_BOUND('',#501,.T.);
#298=FACE_OUTER_BOUND('',#502,.T.);
#299=FACE_OUTER_BOUND('',#503,.T.);
#300=FACE_OUTER_BOUND('',#504,.T.);
#301=FACE_OUTER_BOUND('',#505,.T.);
#302=FACE_OUTER_BOUND('',#506,.T.);
#303=FACE_OUTER_BOUND('',#507,.T.);
#304=FACE_OUTER_BOUND('',#508,.T.);
#305=FACE_OUTER_BOUND('',#509,.T.);
#306=FACE_OUTER_BOUND('',#510,.T.);
#307=FACE_OUTER_BOUND('',#511,.T.);
#308=FACE_OUTER_BOUND('',#512,.T.);
#309=FACE_OUTER_BOUND('',#513,.T.);
#310=FACE_OUTER_BOUND('',#514,.T.);
#311=FACE_OUTER_BOUND('',#515,.T.);
#312=FACE_OUTER_BOUND('',#516,.T.);
#313=FACE_OUTER_BOUND('',#517,.T.);
#314=FACE_OUTER_BOUND('',#518,.T.);
#315=FACE_OUTER_BOUND('',#519,.T.);
#316=FACE_OUTER_BOUND('',#520,.T.);
#317=FACE_OUTER_BOUND('',#521,.T.);
#318=FACE_OUTER_BOUND('',#522,.T.);
#319=FACE_OUTER_BOUND('',#523,.T.);
#320=FACE_OUTER_BOUND('',#524,.T.);
#321=FACE_OUTER_BOUND('',#525,.T.);
#322=FACE_OUTER_BOUND('',#526,.T.);
#323=FACE_OUTER_BOUND('',#527,.T.);
#324=FACE_OUTER_BOUND('',#528,.T.);
#325=FACE_OUTER_BOUND('',#529,.T.);
#326=FACE_OUTER_BOUND('',#530,.T.);
#327=FACE_OUTER_BOUND('',#531,.T.);
#328=FACE_OUTER_BOUND('',#532,.T.);
#329=FACE_OUTER_BOUND('',#533,.T.);
#330=FACE_OUTER_BOUND('',#534,.T.);
#331=FACE_OUTER_BOUND('',#535,.T.);
#332=FACE_OUTER_BOUND('',#536,.T.);
#333=FACE_OUTER_BOUND('',#537,.T.);
#334=FACE_OUTER_BOUND('',#538,.T.);
#335=FACE_OUTER_BOUND('',#539,.T.);
#336=FACE_OUTER_BOUND('',#540,.T.);
#337=FACE_OUTER_BOUND('',#541,.T.);
#338=FACE_OUTER_BOUND('',#542,.T.);
#339=FACE_OUTER_BOUND('',#543,.T.);
#340=FACE_OUTER_BOUND('',#544,.T.);
#341=FACE_OUTER_BOUND('',#545,.T.);
#342=FACE_OUTER_BOUND('',#546,.T.);
#343=FACE_OUTER_BOUND('',#547,.T.);
#344=FACE_OUTER_BOUND('',#548,.T.);
#345=FACE_OUTER_BOUND('',#549,.T.);
#346=FACE_OUTER_BOUND('',#550,.T.);
#347=FACE_OUTER_BOUND('',#551,.T.);
#348=FACE_OUTER_BOUND('',#552,.T.);
#349=FACE_OUTER_BOUND('',#553,.T.);
#350=FACE_OUTER_BOUND('',#554,.T.);
#351=FACE_OUTER_BOUND('',#555,.T.);
#352=FACE_OUTER_BOUND('',#556,.T.);
#353=FACE_OUTER_BOUND('',#557,.T.);
#354=FACE_OUTER_BOUND('',#558,.T.);
#355=FACE_OUTER_BOUND('',#559,.T.);
#356=FACE_OUTER_BOUND('',#560,.T.);
#357=FACE_OUTER_BOUND('',#561,.T.);
#358=FACE_OUTER_BOUND('',#562,.T.);
#359=FACE_OUTER_BOUND('',#563,.T.);
#360=FACE_OUTER_BOUND('',#564,.T.);
#361=FACE_OUTER_BOUND('',#565,.T.);
#362=FACE_OUTER_BOUND('',#566,.T.);
#363=FACE_OUTER_BOUND('',#567,.T.);
#364=FACE_OUTER_BOUND('',#568,.T.);
#365=FACE_OUTER_BOUND('',#569,.T.);
#366=FACE_OUTER_BOUND('',#570,.T.);
#367=FACE_OUTER_BOUND('',#571,.T.);
#368=FACE_OUTER_BOUND('',#572,.T.);
#369=FACE_OUTER_BOUND('',#573,.T.);
#370=FACE_OUTER_BOUND('',#574,.T.);
#371=FACE_OUTER_BOUND('',#575,.T.);
#372=FACE_OUTER_BOUND('',#576,.T.);
#373=FACE_OUTER_BOUND('',#577,.T.);
#374=FACE_OUTER_BOUND('',#578,.T.);
#375=FACE_OUTER_BOUND('',#579,.T.);
#376=FACE_OUTER_BOUND('',#580,.T.);
#377=FACE_OUTER_BOUND('',#581,.T.);
#378=FACE_OUTER_BOUND('',#582,.T.);
#379=FACE_OUTER_BOUND('',#583,.T.);
#380=FACE_OUTER_BOUND('',#584,.T.);
#381=FACE_OUTER_BOUND('',#585,.T.);
#382=FACE_OUTER_BOUND('',#586,.T.);
#383=FACE_OUTER_BOUND('',#587,.T.);
#384=FACE_OUTER_BOUND('',#588,.T.);
#385=FACE_OUTER_BOUND('',#589,.T.);
#386=FACE_OUTER_BOUND('',#590,.T.);
#387=FACE_OUTER_BOUND('',#591,.T.);
#388=FACE_OUTER_BOUND('',#592,.T.);
#389=FACE_OUTER_BOUND('',#593,.T.);
#390=FACE_OUTER_BOUND('',#594,.T.);
#391=FACE_OUTER_BOUND('',#595,.T.);
#392=FACE_OUTER_BOUND('',#596,.T.);
#393=FACE_OUTER_BOUND('',#597,.T.);
#394=FACE_OUTER_BOUND('',#598,.T.);
#395=FACE_OUTER_BOUND('',#599,.T.);
#396=FACE_OUTER_BOUND('',#600,.T.);
#397=FACE_OUTER_BOUND('',#601,.T.);
#398=FACE_OUTER_BOUND('',#602,.T.);
#399=FACE_OUTER_BOUND('',#603,.T.);
#400=FACE_OUTER_BOUND('',#604,.T.);
#401=FACE_OUTER_BOUND('',#605,.T.);
#402=FACE_OUTER_BOUND('',#606,.T.);
#403=FACE_OUTER_BOUND('',#607,.T.);
#404=FACE_OUTER_BOUND('',#608,.T.);
#405=FACE_OUTER_BOUND('',#609,.T.);
#406=FACE_OUTER_BOUND('',#610,.T.);
#407=FACE_OUTER_BOUND('',#611,.T.);
#408=FACE_OUTER_BOUND('',#613,.T.);
#409=FACE_OUTER_BOUND('',#615,.T.);
#410=FACE_OUTER_BOUND('',#616,.T.);
#411=FACE_OUTER_BOUND('',#617,.T.);
#412=FACE_OUTER_BOUND('',#618,.T.);
#413=EDGE_LOOP('',(#2381,#2382,#2383,#2384));
#414=EDGE_LOOP('',(#2385,#2386,#2387,#2388,#2389,#2390,#2391,#2392,#2393,
#2394,#2395,#2396));
#415=EDGE_LOOP('',(#2397,#2398,#2399,#2400));
#416=EDGE_LOOP('',(#2401,#2402,#2403,#2404,#2405,#2406,#2407,#2408));
#417=EDGE_LOOP('',(#2409,#2410,#2411,#2412,#2413,#2414,#2415,#2416));
#418=EDGE_LOOP('',(#2417,#2418,#2419,#2420,#2421));
#419=EDGE_LOOP('',(#2422,#2423,#2424,#2425,#2426,#2427,#2428,#2429,#2430,
#2431,#2432,#2433,#2434,#2435));
#420=EDGE_LOOP('',(#2436,#2437,#2438,#2439));
#421=EDGE_LOOP('',(#2440,#2441,#2442,#2443,#2444,#2445,#2446,#2447));
#422=EDGE_LOOP('',(#2448,#2449,#2450,#2451,#2452));
#423=EDGE_LOOP('',(#2453,#2454,#2455,#2456,#2457,#2458,#2459,#2460,#2461,
#2462));
#424=EDGE_LOOP('',(#2463,#2464,#2465,#2466,#2467,#2468,#2469,#2470));
#425=EDGE_LOOP('',(#2471,#2472,#2473,#2474,#2475,#2476,#2477,#2478,#2479,
#2480,#2481,#2482,#2483,#2484));
#426=EDGE_LOOP('',(#2485,#2486,#2487,#2488,#2489,#2490));
#427=EDGE_LOOP('',(#2491,#2492,#2493,#2494));
#428=EDGE_LOOP('',(#2495,#2496,#2497,#2498,#2499,#2500,#2501,#2502));
#429=EDGE_LOOP('',(#2503,#2504,#2505,#2506));
#430=EDGE_LOOP('',(#2507,#2508,#2509,#2510,#2511));
#431=EDGE_LOOP('',(#2512,#2513,#2514,#2515,#2516,#2517,#2518));
#432=EDGE_LOOP('',(#2519,#2520,#2521,#2522,#2523,#2524,#2525));
#433=EDGE_LOOP('',(#2526,#2527,#2528,#2529,#2530,#2531,#2532,#2533,#2534,
#2535,#2536,#2537));
#434=EDGE_LOOP('',(#2538));
#435=EDGE_LOOP('',(#2539,#2540,#2541,#2542,#2543,#2544,#2545));
#436=EDGE_LOOP('',(#2546,#2547,#2548,#2549,#2550,#2551,#2552,#2553,#2554,
#2555,#2556,#2557));
#437=EDGE_LOOP('',(#2558));
#438=EDGE_LOOP('',(#2559,#2560,#2561,#2562,#2563,#2564,#2565));
#439=EDGE_LOOP('',(#2566,#2567,#2568,#2569));
#440=EDGE_LOOP('',(#2570,#2571,#2572,#2573,#2574,#2575));
#441=EDGE_LOOP('',(#2576,#2577,#2578));
#442=EDGE_LOOP('',(#2579,#2580,#2581,#2582,#2583,#2584,#2585));
#443=EDGE_LOOP('',(#2586,#2587,#2588,#2589));
#444=EDGE_LOOP('',(#2590,#2591,#2592,#2593));
#445=EDGE_LOOP('',(#2594,#2595,#2596,#2597));
#446=EDGE_LOOP('',(#2598,#2599,#2600,#2601));
#447=EDGE_LOOP('',(#2602,#2603,#2604,#2605));
#448=EDGE_LOOP('',(#2606,#2607,#2608,#2609,#2610,#2611,#2612));
#449=EDGE_LOOP('',(#2613,#2614,#2615,#2616));
#450=EDGE_LOOP('',(#2617,#2618,#2619,#2620));
#451=EDGE_LOOP('',(#2621,#2622,#2623,#2624,#2625,#2626));
#452=EDGE_LOOP('',(#2627,#2628,#2629,#2630));
#453=EDGE_LOOP('',(#2631,#2632,#2633,#2634,#2635));
#454=EDGE_LOOP('',(#2636,#2637,#2638,#2639,#2640));
#455=EDGE_LOOP('',(#2641,#2642,#2643));
#456=EDGE_LOOP('',(#2644,#2645,#2646));
#457=EDGE_LOOP('',(#2647,#2648,#2649,#2650,#2651));
#458=EDGE_LOOP('',(#2652,#2653,#2654,#2655));
#459=EDGE_LOOP('',(#2656,#2657,#2658,#2659));
#460=EDGE_LOOP('',(#2660,#2661,#2662,#2663,#2664));
#461=EDGE_LOOP('',(#2665,#2666,#2667,#2668,#2669));
#462=EDGE_LOOP('',(#2670,#2671,#2672));
#463=EDGE_LOOP('',(#2673,#2674,#2675,#2676));
#464=EDGE_LOOP('',(#2677,#2678,#2679,#2680,#2681));
#465=EDGE_LOOP('',(#2682,#2683,#2684,#2685));
#466=EDGE_LOOP('',(#2686,#2687,#2688,#2689,#2690,#2691));
#467=EDGE_LOOP('',(#2692,#2693,#2694,#2695));
#468=EDGE_LOOP('',(#2696,#2697,#2698,#2699));
#469=EDGE_LOOP('',(#2700,#2701,#2702,#2703));
#470=EDGE_LOOP('',(#2704,#2705,#2706,#2707));
#471=EDGE_LOOP('',(#2708,#2709,#2710,#2711,#2712,#2713));
#472=EDGE_LOOP('',(#2714,#2715,#2716,#2717));
#473=EDGE_LOOP('',(#2718,#2719,#2720,#2721));
#474=EDGE_LOOP('',(#2722,#2723,#2724,#2725,#2726,#2727));
#475=EDGE_LOOP('',(#2728,#2729,#2730,#2731,#2732,#2733,#2734,#2735,#2736,
#2737,#2738,#2739));
#476=EDGE_LOOP('',(#2740,#2741,#2742,#2743,#2744));
#477=EDGE_LOOP('',(#2745,#2746,#2747,#2748));
#478=EDGE_LOOP('',(#2749,#2750,#2751,#2752));
#479=EDGE_LOOP('',(#2753,#2754,#2755,#2756));
#480=EDGE_LOOP('',(#2757,#2758,#2759,#2760));
#481=EDGE_LOOP('',(#2761,#2762,#2763,#2764));
#482=EDGE_LOOP('',(#2765,#2766,#2767,#2768));
#483=EDGE_LOOP('',(#2769,#2770,#2771,#2772));
#484=EDGE_LOOP('',(#2773,#2774,#2775,#2776,#2777,#2778,#2779,#2780));
#485=EDGE_LOOP('',(#2781,#2782,#2783,#2784,#2785,#2786,#2787));
#486=EDGE_LOOP('',(#2788,#2789,#2790,#2791,#2792));
#487=EDGE_LOOP('',(#2793,#2794,#2795,#2796));
#488=EDGE_LOOP('',(#2797,#2798,#2799,#2800));
#489=EDGE_LOOP('',(#2801,#2802,#2803,#2804));
#490=EDGE_LOOP('',(#2805,#2806,#2807,#2808));
#491=EDGE_LOOP('',(#2809,#2810,#2811,#2812));
#492=EDGE_LOOP('',(#2813,#2814,#2815,#2816));
#493=EDGE_LOOP('',(#2817,#2818,#2819,#2820));
#494=EDGE_LOOP('',(#2821,#2822,#2823,#2824));
#495=EDGE_LOOP('',(#2825,#2826,#2827,#2828));
#496=EDGE_LOOP('',(#2829,#2830,#2831,#2832));
#497=EDGE_LOOP('',(#2833,#2834,#2835,#2836));
#498=EDGE_LOOP('',(#2837,#2838,#2839,#2840));
#499=EDGE_LOOP('',(#2841,#2842,#2843,#2844));
#500=EDGE_LOOP('',(#2845,#2846,#2847,#2848));
#501=EDGE_LOOP('',(#2849,#2850,#2851,#2852));
#502=EDGE_LOOP('',(#2853,#2854,#2855,#2856));
#503=EDGE_LOOP('',(#2857,#2858,#2859,#2860));
#504=EDGE_LOOP('',(#2861,#2862,#2863,#2864));
#505=EDGE_LOOP('',(#2865,#2866,#2867,#2868));
#506=EDGE_LOOP('',(#2869,#2870,#2871,#2872));
#507=EDGE_LOOP('',(#2873,#2874,#2875,#2876));
#508=EDGE_LOOP('',(#2877,#2878,#2879,#2880));
#509=EDGE_LOOP('',(#2881,#2882,#2883,#2884));
#510=EDGE_LOOP('',(#2885,#2886,#2887,#2888));
#511=EDGE_LOOP('',(#2889,#2890,#2891,#2892));
#512=EDGE_LOOP('',(#2893,#2894,#2895,#2896));
#513=EDGE_LOOP('',(#2897,#2898,#2899,#2900));
#514=EDGE_LOOP('',(#2901,#2902,#2903,#2904));
#515=EDGE_LOOP('',(#2905,#2906,#2907,#2908));
#516=EDGE_LOOP('',(#2909,#2910,#2911,#2912));
#517=EDGE_LOOP('',(#2913,#2914,#2915,#2916));
#518=EDGE_LOOP('',(#2917,#2918,#2919,#2920));
#519=EDGE_LOOP('',(#2921,#2922,#2923,#2924));
#520=EDGE_LOOP('',(#2925,#2926,#2927,#2928));
#521=EDGE_LOOP('',(#2929,#2930,#2931,#2932));
#522=EDGE_LOOP('',(#2933,#2934,#2935,#2936));
#523=EDGE_LOOP('',(#2937,#2938,#2939,#2940));
#524=EDGE_LOOP('',(#2941,#2942,#2943,#2944));
#525=EDGE_LOOP('',(#2945,#2946,#2947,#2948));
#526=EDGE_LOOP('',(#2949,#2950,#2951,#2952));
#527=EDGE_LOOP('',(#2953,#2954,#2955,#2956));
#528=EDGE_LOOP('',(#2957,#2958,#2959,#2960));
#529=EDGE_LOOP('',(#2961,#2962,#2963,#2964));
#530=EDGE_LOOP('',(#2965,#2966,#2967,#2968));
#531=EDGE_LOOP('',(#2969,#2970,#2971,#2972));
#532=EDGE_LOOP('',(#2973,#2974,#2975,#2976));
#533=EDGE_LOOP('',(#2977,#2978,#2979,#2980));
#534=EDGE_LOOP('',(#2981,#2982,#2983,#2984));
#535=EDGE_LOOP('',(#2985,#2986,#2987,#2988));
#536=EDGE_LOOP('',(#2989,#2990,#2991,#2992));
#537=EDGE_LOOP('',(#2993,#2994,#2995,#2996));
#538=EDGE_LOOP('',(#2997,#2998,#2999,#3000));
#539=EDGE_LOOP('',(#3001,#3002,#3003,#3004));
#540=EDGE_LOOP('',(#3005,#3006,#3007,#3008));
#541=EDGE_LOOP('',(#3009,#3010,#3011,#3012));
#542=EDGE_LOOP('',(#3013,#3014,#3015,#3016));
#543=EDGE_LOOP('',(#3017,#3018,#3019,#3020));
#544=EDGE_LOOP('',(#3021,#3022,#3023,#3024));
#545=EDGE_LOOP('',(#3025,#3026,#3027,#3028));
#546=EDGE_LOOP('',(#3029,#3030,#3031,#3032));
#547=EDGE_LOOP('',(#3033,#3034,#3035,#3036));
#548=EDGE_LOOP('',(#3037,#3038,#3039,#3040));
#549=EDGE_LOOP('',(#3041,#3042,#3043,#3044));
#550=EDGE_LOOP('',(#3045,#3046,#3047,#3048));
#551=EDGE_LOOP('',(#3049,#3050,#3051,#3052));
#552=EDGE_LOOP('',(#3053,#3054,#3055,#3056));
#553=EDGE_LOOP('',(#3057,#3058,#3059,#3060));
#554=EDGE_LOOP('',(#3061,#3062,#3063,#3064));
#555=EDGE_LOOP('',(#3065,#3066,#3067,#3068));
#556=EDGE_LOOP('',(#3069,#3070,#3071,#3072));
#557=EDGE_LOOP('',(#3073,#3074,#3075,#3076));
#558=EDGE_LOOP('',(#3077,#3078,#3079,#3080));
#559=EDGE_LOOP('',(#3081,#3082,#3083,#3084));
#560=EDGE_LOOP('',(#3085,#3086,#3087,#3088));
#561=EDGE_LOOP('',(#3089,#3090,#3091,#3092));
#562=EDGE_LOOP('',(#3093,#3094,#3095,#3096));
#563=EDGE_LOOP('',(#3097,#3098,#3099,#3100));
#564=EDGE_LOOP('',(#3101,#3102,#3103,#3104));
#565=EDGE_LOOP('',(#3105,#3106,#3107,#3108));
#566=EDGE_LOOP('',(#3109,#3110,#3111,#3112));
#567=EDGE_LOOP('',(#3113,#3114,#3115,#3116));
#568=EDGE_LOOP('',(#3117,#3118,#3119,#3120));
#569=EDGE_LOOP('',(#3121,#3122,#3123,#3124));
#570=EDGE_LOOP('',(#3125,#3126,#3127,#3128));
#571=EDGE_LOOP('',(#3129,#3130,#3131,#3132));
#572=EDGE_LOOP('',(#3133,#3134,#3135,#3136));
#573=EDGE_LOOP('',(#3137,#3138,#3139,#3140));
#574=EDGE_LOOP('',(#3141,#3142,#3143,#3144));
#575=EDGE_LOOP('',(#3145,#3146,#3147,#3148));
#576=EDGE_LOOP('',(#3149,#3150,#3151,#3152));
#577=EDGE_LOOP('',(#3153,#3154,#3155,#3156));
#578=EDGE_LOOP('',(#3157,#3158,#3159,#3160));
#579=EDGE_LOOP('',(#3161,#3162,#3163,#3164));
#580=EDGE_LOOP('',(#3165,#3166,#3167,#3168));
#581=EDGE_LOOP('',(#3169,#3170,#3171,#3172));
#582=EDGE_LOOP('',(#3173,#3174,#3175,#3176));
#583=EDGE_LOOP('',(#3177,#3178,#3179,#3180));
#584=EDGE_LOOP('',(#3181,#3182,#3183,#3184));
#585=EDGE_LOOP('',(#3185,#3186,#3187,#3188));
#586=EDGE_LOOP('',(#3189,#3190,#3191,#3192));
#587=EDGE_LOOP('',(#3193,#3194,#3195,#3196));
#588=EDGE_LOOP('',(#3197,#3198,#3199,#3200));
#589=EDGE_LOOP('',(#3201,#3202,#3203,#3204));
#590=EDGE_LOOP('',(#3205,#3206,#3207,#3208));
#591=EDGE_LOOP('',(#3209,#3210,#3211,#3212));
#592=EDGE_LOOP('',(#3213,#3214,#3215,#3216));
#593=EDGE_LOOP('',(#3217,#3218,#3219,#3220));
#594=EDGE_LOOP('',(#3221,#3222,#3223,#3224));
#595=EDGE_LOOP('',(#3225,#3226,#3227,#3228));
#596=EDGE_LOOP('',(#3229,#3230,#3231,#3232));
#597=EDGE_LOOP('',(#3233,#3234,#3235,#3236));
#598=EDGE_LOOP('',(#3237,#3238,#3239,#3240));
#599=EDGE_LOOP('',(#3241,#3242,#3243,#3244));
#600=EDGE_LOOP('',(#3245,#3246,#3247,#3248));
#601=EDGE_LOOP('',(#3249,#3250,#3251,#3252));
#602=EDGE_LOOP('',(#3253,#3254,#3255,#3256));
#603=EDGE_LOOP('',(#3257,#3258,#3259,#3260));
#604=EDGE_LOOP('',(#3261,#3262,#3263,#3264));
#605=EDGE_LOOP('',(#3265,#3266,#3267,#3268));
#606=EDGE_LOOP('',(#3269,#3270,#3271,#3272));
#607=EDGE_LOOP('',(#3273,#3274,#3275,#3276));
#608=EDGE_LOOP('',(#3277,#3278,#3279,#3280,#3281));
#609=EDGE_LOOP('',(#3282,#3283,#3284,#3285,#3286));
#610=EDGE_LOOP('',(#3287,#3288,#3289,#3290,#3291,#3292,#3293,#3294));
#611=EDGE_LOOP('',(#3295));
#612=EDGE_LOOP('',(#3296,#3297,#3298,#3299,#3300,#3301,#3302,#3303,#3304,
#3305,#3306,#3307,#3308,#3309,#3310,#3311,#3312,#3313,#3314,#3315,#3316,
#3317,#3318,#3319,#3320,#3321,#3322,#3323,#3324,#3325,#3326,#3327,#3328,
#3329,#3330,#3331,#3332,#3333,#3334,#3335,#3336,#3337,#3338,#3339,#3340,
#3341,#3342,#3343,#3344,#3345,#3346,#3347,#3348,#3349,#3350,#3351,#3352,
#3353,#3354,#3355,#3356,#3357,#3358,#3359,#3360,#3361,#3362,#3363,#3364,
#3365,#3366,#3367,#3368,#3369,#3370,#3371,#3372,#3373,#3374,#3375,#3376,
#3377,#3378,#3379,#3380,#3381,#3382,#3383,#3384,#3385,#3386,#3387,#3388,
#3389,#3390,#3391,#3392,#3393,#3394,#3395,#3396,#3397,#3398,#3399,#3400,
#3401,#3402,#3403,#3404,#3405,#3406,#3407,#3408,#3409,#3410,#3411,#3412));
#613=EDGE_LOOP('',(#3413));
#614=EDGE_LOOP('',(#3414,#3415,#3416,#3417,#3418,#3419,#3420,#3421,#3422,
#3423,#3424,#3425,#3426,#3427,#3428,#3429,#3430,#3431,#3432,#3433,#3434,
#3435,#3436,#3437,#3438,#3439,#3440,#3441,#3442,#3443,#3444,#3445,#3446,
#3447,#3448,#3449,#3450,#3451,#3452,#3453,#3454,#3455,#3456,#3457,#3458,
#3459,#3460,#3461,#3462,#3463,#3464,#3465,#3466,#3467,#3468,#3469,#3470,
#3471,#3472,#3473,#3474,#3475,#3476,#3477,#3478,#3479,#3480,#3481,#3482,
#3483,#3484,#3485,#3486,#3487,#3488,#3489,#3490,#3491,#3492,#3493,#3494,
#3495,#3496,#3497,#3498,#3499,#3500,#3501,#3502,#3503,#3504,#3505,#3506,
#3507,#3508,#3509,#3510,#3511,#3512,#3513,#3514,#3515,#3516,#3517,#3518,
#3519,#3520,#3521,#3522,#3523,#3524,#3525,#3526,#3527,#3528,#3529,#3530));
#615=EDGE_LOOP('',(#3531,#3532,#3533,#3534,#3535,#3536,#3537,#3538));
#616=EDGE_LOOP('',(#3539,#3540,#3541,#3542,#3543));
#617=EDGE_LOOP('',(#3544,#3545,#3546,#3547,#3548));
#618=EDGE_LOOP('',(#3549,#3550,#3551,#3552,#3553,#3554,#3555,#3556,#3557,
#3558,#3559,#3560));
#619=ELLIPSE('',#3828,52.4109462874597,30.6512255103059);
#620=ELLIPSE('',#3834,63.6676359394343,37.2344177146703);
#621=ELLIPSE('',#3840,62.7904946194871,36.721443645166);
#622=ELLIPSE('',#3846,51.5338049674424,30.1382514407803);
#623=ELLIPSE('',#3866,1.28181331819953,1.05);
#624=ELLIPSE('',#3893,6.78508109063683,3.96808425236509);
#625=ELLIPSE('',#3895,1.28181331819953,1.05);
#626=ELLIPSE('',#3903,34.4258434030731,28.2);
#627=ELLIPSE('',#3904,30.7635196367892,25.2000000000005);
#628=ELLIPSE('',#3905,52.4109462874922,30.651225510315);
#629=ELLIPSE('',#3906,6.78508109063698,3.96808425236516);
#630=ELLIPSE('',#3907,60.7935875176893,35.5536026837793);
#631=ELLIPSE('',#3909,34.4258434030731,28.2);
#632=ELLIPSE('',#3910,30.7635196367887,25.2);
#633=ELLIPSE('',#3911,60.793587517694,35.5536026837806);
#634=ELLIPSE('',#3913,34.4258434030731,28.2);
#635=ELLIPSE('',#3914,30.7635196367892,25.2000000000005);
#636=ELLIPSE('',#3915,31.9207144196032,26.147918471983);
#637=ELLIPSE('',#3916,30.7635196367887,25.2);
#638=ELLIPSE('',#3917,34.4258434030731,28.2);
#639=ELLIPSE('',#3918,3.66232376628436,3.);
#640=ELLIPSE('',#3919,2.50258790696098,2.05);
#641=ELLIPSE('',#3920,3.66232376628437,3.);
#642=ELLIPSE('',#3922,34.4258434030731,28.2);
#643=ELLIPSE('',#3923,59.9164461976404,35.0406286142449);
#644=ELLIPSE('',#3924,7.66222241068589,4.48105832189955);
#645=ELLIPSE('',#3925,30.7635196367892,25.2000000000005);
#646=ELLIPSE('',#3927,34.4258434030731,28.2);
#647=ELLIPSE('',#3928,3.66232376628437,3.00000000000001);
#648=ELLIPSE('',#3929,2.50258790696098,2.05);
#649=ELLIPSE('',#3930,3.66232376628436,3.);
#650=ELLIPSE('',#3931,34.4258434030731,28.2);
#651=ELLIPSE('',#3932,30.7635196367887,25.2);
#652=ELLIPSE('',#3933,63.6676359395372,37.2344177147008);
#653=ELLIPSE('',#3934,31.9207144196032,26.147918471983);
#654=ELLIPSE('',#3935,62.7904946193866,36.7214436451363);
#655=ELLIPSE('',#3936,30.7635196367892,25.2000000000005);
#656=ELLIPSE('',#3938,34.425843403073,28.2);
#657=ELLIPSE('',#3939,59.9164461976449,35.0406286142461);
#658=ELLIPSE('',#3940,7.66222241068573,4.48105832189948);
#659=ELLIPSE('',#3941,51.5338049674108,30.1382514407714);
#660=ELLIPSE('',#3942,30.7635196367887,25.2);
#661=CIRCLE('',#3827,23.7000000000001);
#662=CIRCLE('',#3829,25.2);
#663=CIRCLE('',#3831,26.147918471983);
#664=CIRCLE('',#3832,24.4000000000009);
#665=CIRCLE('',#3833,26.147918471983);
#666=CIRCLE('',#3835,25.2000000000005);
#667=CIRCLE('',#3836,24.2520815280189);
#668=CIRCLE('',#3837,25.2000000000005);
#669=CIRCLE('',#3839,25.2);
#670=CIRCLE('',#3841,26.147918471983);
#671=CIRCLE('',#3843,25.2000000000004);
#672=CIRCLE('',#3844,24.252081528017);
#673=CIRCLE('',#3845,25.2000000000004);
#674=CIRCLE('',#3847,23.7000000000002);
#675=CIRCLE('',#3849,1.05);
#676=CIRCLE('',#3850,1.55);
#677=CIRCLE('',#3851,1.3);
#678=CIRCLE('',#3853,4.);
#679=CIRCLE('',#3854,3.);
#680=CIRCLE('',#3856,4.00000000000001);
#681=CIRCLE('',#3857,23.7000000000002);
#682=CIRCLE('',#3858,4.00000000000001);
#683=CIRCLE('',#3859,27.2);
#684=CIRCLE('',#3860,2.00000000000005);
#685=CIRCLE('',#3861,1.625);
#686=CIRCLE('',#3862,1.625);
#687=CIRCLE('',#3863,2.00000000000174);
#688=CIRCLE('',#3864,27.2);
#689=CIRCLE('',#3868,1.125);
#690=CIRCLE('',#3869,1.47500000000001);
#691=CIRCLE('',#3871,1.00000000000174);
#692=CIRCLE('',#3873,1.125);
#693=CIRCLE('',#3874,1.125);
#694=CIRCLE('',#3875,1.125);
#695=CIRCLE('',#3877,1.05);
#696=CIRCLE('',#3878,1.3);
#697=CIRCLE('',#3879,1.55);
#698=CIRCLE('',#3881,4.);
#699=CIRCLE('',#3882,23.7000000000001);
#700=CIRCLE('',#3883,4.);
#701=CIRCLE('',#3884,27.2);
#702=CIRCLE('',#3885,2.00000000000174);
#703=CIRCLE('',#3886,1.625);
#704=CIRCLE('',#3887,1.625);
#705=CIRCLE('',#3888,2.00000000000005);
#706=CIRCLE('',#3889,27.2);
#707=CIRCLE('',#3890,4.00000000000001);
#708=CIRCLE('',#3892,3.);
#709=CIRCLE('',#3897,1.47500000000001);
#710=CIRCLE('',#3899,2.32500000000001);
#711=CIRCLE('',#3901,1.00000000000174);
#712=CIRCLE('',#3944,28.2);
#713=CIRCLE('',#3946,28.2);
#714=CIRCLE('',#3947,28.2);
#715=CIRCLE('',#3950,3.00000000000001);
#716=CIRCLE('',#3953,3.00000000000001);
#717=CIRCLE('',#3955,25.2000000000004);
#718=CIRCLE('',#3957,2.05);
#719=CIRCLE('',#3959,2.05);
#720=CIRCLE('',#3961,25.2000000000005);
#721=CIRCLE('',#3965,28.2);
#722=CIRCLE('',#3966,28.2);
#723=CIRCLE('',#3968,28.2);
#724=CIRCLE('',#3970,26.147918471983);
#725=CIRCLE('',#3971,26.147918471983);
#726=CIRCLE('',#3976,25.2);
#727=CIRCLE('',#3977,25.2);
#728=CIRCLE('',#3980,2.32500000000001);
#729=CIRCLE('',#3982,1.00000000000005);
#730=CIRCLE('',#3987,1.00000000000005);
#731=CIRCLE('',#3996,24.3999999999996);
#732=CIRCLE('',#4000,26.147918471983);
#733=CIRCLE('',#4001,24.2520815280168);
#734=CIRCLE('',#4002,25.2);
#735=CIRCLE('',#4010,24.252081528017);
#736=CIRCLE('',#4013,25.2);
#737=CIRCLE('',#4018,0.399999999999903);
#738=CIRCLE('',#4019,0.399999999999903);
#739=CIRCLE('',#4021,1.29999999999989);
#740=CIRCLE('',#4022,1.29999999999989);
#741=CIRCLE('',#4024,7.59909545614403);
#742=CIRCLE('',#4025,7.59909545614403);
#743=CIRCLE('',#4027,8.49909545614403);
#744=CIRCLE('',#4028,8.49909545614403);
#745=CIRCLE('',#4030,0.800000000000009);
#746=CIRCLE('',#4031,0.800000000000009);
#747=CIRCLE('',#4033,0.500000000003849);
#748=CIRCLE('',#4034,0.500000000003849);
#749=CIRCLE('',#4036,16.0000000000015);
#750=CIRCLE('',#4037,16.0000000000015);
#751=CIRCLE('',#4039,0.449999999999997);
#752=CIRCLE('',#4040,0.449999999999997);
#753=CIRCLE('',#4042,16.9000000000015);
#754=CIRCLE('',#4043,16.9000000000015);
#755=CIRCLE('',#4045,1.70000000000001);
#756=CIRCLE('',#4046,1.70000000000001);
#757=CIRCLE('',#4048,7.59909545614403);
#758=CIRCLE('',#4049,7.59909545614403);
#759=CIRCLE('',#4051,8.49909545614402);
#760=CIRCLE('',#4052,8.49909545614402);
#761=CIRCLE('',#4054,0.399999999999903);
#762=CIRCLE('',#4055,0.399999999999903);
#763=CIRCLE('',#4057,1.29999999999989);
#764=CIRCLE('',#4058,1.29999999999989);
#765=CIRCLE('',#4060,7.59909545614403);
#766=CIRCLE('',#4061,7.59909545614403);
#767=CIRCLE('',#4063,8.49909545614403);
#768=CIRCLE('',#4064,8.49909545614403);
#769=CIRCLE('',#4066,0.800000000000009);
#770=CIRCLE('',#4067,0.800000000000009);
#771=CIRCLE('',#4069,0.500000000003849);
#772=CIRCLE('',#4070,0.500000000003849);
#773=CIRCLE('',#4072,16.0000000000015);
#774=CIRCLE('',#4073,16.0000000000015);
#775=CIRCLE('',#4075,0.449999999999997);
#776=CIRCLE('',#4076,0.449999999999997);
#777=CIRCLE('',#4078,16.9000000000015);
#778=CIRCLE('',#4079,16.9000000000015);
#779=CIRCLE('',#4081,1.70000000000001);
#780=CIRCLE('',#4082,1.70000000000001);
#781=CIRCLE('',#4084,7.59909545614403);
#782=CIRCLE('',#4085,7.59909545614403);
#783=CIRCLE('',#4087,8.49909545614402);
#784=CIRCLE('',#4088,8.49909545614402);
#785=CIRCLE('',#4090,0.399999999999903);
#786=CIRCLE('',#4091,0.399999999999903);
#787=CIRCLE('',#4093,1.29999999999989);
#788=CIRCLE('',#4094,1.29999999999989);
#789=CIRCLE('',#4096,7.59909545614403);
#790=CIRCLE('',#4097,7.59909545614403);
#791=CIRCLE('',#4099,8.49909545614403);
#792=CIRCLE('',#4100,8.49909545614403);
#793=CIRCLE('',#4102,0.800000000000009);
#794=CIRCLE('',#4103,0.800000000000009);
#795=CIRCLE('',#4105,0.500000000003849);
#796=CIRCLE('',#4106,0.500000000003849);
#797=CIRCLE('',#4108,16.0000000000015);
#798=CIRCLE('',#4109,16.0000000000015);
#799=CIRCLE('',#4111,0.449999999999997);
#800=CIRCLE('',#4112,0.449999999999997);
#801=CIRCLE('',#4114,16.9000000000015);
#802=CIRCLE('',#4115,16.9000000000015);
#803=CIRCLE('',#4117,1.70000000000001);
#804=CIRCLE('',#4118,1.70000000000001);
#805=CIRCLE('',#4120,7.59909545614403);
#806=CIRCLE('',#4121,7.59909545614403);
#807=CIRCLE('',#4123,8.49909545614402);
#808=CIRCLE('',#4124,8.49909545614402);
#809=CIRCLE('',#4126,0.399999999999903);
#810=CIRCLE('',#4127,0.399999999999903);
#811=CIRCLE('',#4129,1.29999999999989);
#812=CIRCLE('',#4130,1.29999999999989);
#813=CIRCLE('',#4132,7.59909545614403);
#814=CIRCLE('',#4133,7.59909545614403);
#815=CIRCLE('',#4135,8.49909545614403);
#816=CIRCLE('',#4136,8.49909545614403);
#817=CIRCLE('',#4138,0.800000000000009);
#818=CIRCLE('',#4139,0.800000000000009);
#819=CIRCLE('',#4141,0.500000000003849);
#820=CIRCLE('',#4142,0.500000000003849);
#821=CIRCLE('',#4144,16.0000000000015);
#822=CIRCLE('',#4145,16.0000000000015);
#823=CIRCLE('',#4147,0.449999999999997);
#824=CIRCLE('',#4148,0.449999999999997);
#825=CIRCLE('',#4150,16.9000000000015);
#826=CIRCLE('',#4151,16.9000000000015);
#827=CIRCLE('',#4153,1.70000000000001);
#828=CIRCLE('',#4154,1.70000000000001);
#829=CIRCLE('',#4156,7.59909545614403);
#830=CIRCLE('',#4157,7.59909545614403);
#831=CIRCLE('',#4159,8.49909545614402);
#832=CIRCLE('',#4160,8.49909545614402);
#833=CIRCLE('',#4162,0.399999999999903);
#834=CIRCLE('',#4163,0.399999999999903);
#835=CIRCLE('',#4165,1.29999999999989);
#836=CIRCLE('',#4166,1.29999999999989);
#837=CIRCLE('',#4168,7.59909545614403);
#838=CIRCLE('',#4169,7.59909545614403);
#839=CIRCLE('',#4171,8.49909545614403);
#840=CIRCLE('',#4172,8.49909545614403);
#841=CIRCLE('',#4174,0.80000000000001);
#842=CIRCLE('',#4175,0.80000000000001);
#843=CIRCLE('',#4177,0.500000000003849);
#844=CIRCLE('',#4178,0.500000000003849);
#845=CIRCLE('',#4180,16.0000000000015);
#846=CIRCLE('',#4181,16.0000000000015);
#847=CIRCLE('',#4183,0.449999999999997);
#848=CIRCLE('',#4184,0.449999999999997);
#849=CIRCLE('',#4186,16.9000000000015);
#850=CIRCLE('',#4187,16.9000000000015);
#851=CIRCLE('',#4189,1.70000000000001);
#852=CIRCLE('',#4190,1.70000000000001);
#853=CIRCLE('',#4192,7.59909545614404);
#854=CIRCLE('',#4193,7.59909545614404);
#855=CIRCLE('',#4195,8.49909545614402);
#856=CIRCLE('',#4196,8.49909545614402);
#857=CIRCLE('',#4198,0.399999999999903);
#858=CIRCLE('',#4199,0.399999999999903);
#859=CIRCLE('',#4201,1.29999999999989);
#860=CIRCLE('',#4202,1.29999999999989);
#861=CIRCLE('',#4204,7.59909545614403);
#862=CIRCLE('',#4205,7.59909545614403);
#863=CIRCLE('',#4207,8.49909545614403);
#864=CIRCLE('',#4208,8.49909545614403);
#865=CIRCLE('',#4210,0.800000000000009);
#866=CIRCLE('',#4211,0.800000000000009);
#867=CIRCLE('',#4213,0.500000000003849);
#868=CIRCLE('',#4214,0.500000000003849);
#869=CIRCLE('',#4216,16.0000000000015);
#870=CIRCLE('',#4217,16.0000000000015);
#871=CIRCLE('',#4219,0.449999999999997);
#872=CIRCLE('',#4220,0.449999999999997);
#873=CIRCLE('',#4222,16.9000000000015);
#874=CIRCLE('',#4223,16.9000000000015);
#875=CIRCLE('',#4225,1.70000000000001);
#876=CIRCLE('',#4226,1.70000000000001);
#877=CIRCLE('',#4228,7.59909545614403);
#878=CIRCLE('',#4229,7.59909545614403);
#879=CIRCLE('',#4231,8.49909545614402);
#880=CIRCLE('',#4232,8.49909545614402);
#881=CIRCLE('',#4234,0.399999999999903);
#882=CIRCLE('',#4235,0.399999999999903);
#883=CIRCLE('',#4237,1.29999999999989);
#884=CIRCLE('',#4238,1.29999999999989);
#885=CIRCLE('',#4240,7.59909545614403);
#886=CIRCLE('',#4241,7.59909545614403);
#887=CIRCLE('',#4243,8.49909545614403);
#888=CIRCLE('',#4244,8.49909545614403);
#889=CIRCLE('',#4246,0.800000000000009);
#890=CIRCLE('',#4247,0.800000000000009);
#891=CIRCLE('',#4249,0.500000000003849);
#892=CIRCLE('',#4250,0.500000000003849);
#893=CIRCLE('',#4252,16.0000000000015);
#894=CIRCLE('',#4253,16.0000000000015);
#895=CIRCLE('',#4255,0.449999999999997);
#896=CIRCLE('',#4256,0.449999999999997);
#897=CIRCLE('',#4258,16.9000000000015);
#898=CIRCLE('',#4259,16.9000000000015);
#899=CIRCLE('',#4261,1.70000000000001);
#900=CIRCLE('',#4262,1.70000000000001);
#901=CIRCLE('',#4264,7.59909545614403);
#902=CIRCLE('',#4265,7.59909545614403);
#903=CIRCLE('',#4267,8.49909545614402);
#904=CIRCLE('',#4268,8.49909545614402);
#905=CIRCLE('',#4270,0.399999999999903);
#906=CIRCLE('',#4271,0.399999999999903);
#907=CIRCLE('',#4273,1.29999999999989);
#908=CIRCLE('',#4274,1.29999999999989);
#909=CIRCLE('',#4276,7.59909545614403);
#910=CIRCLE('',#4277,7.59909545614403);
#911=CIRCLE('',#4279,8.49909545614403);
#912=CIRCLE('',#4280,8.49909545614403);
#913=CIRCLE('',#4282,0.800000000000009);
#914=CIRCLE('',#4283,0.800000000000009);
#915=CIRCLE('',#4285,0.500000000003849);
#916=CIRCLE('',#4286,0.500000000003849);
#917=CIRCLE('',#4288,16.0000000000015);
#918=CIRCLE('',#4289,16.0000000000015);
#919=CIRCLE('',#4291,0.449999999999997);
#920=CIRCLE('',#4292,0.449999999999997);
#921=CIRCLE('',#4294,16.9000000000015);
#922=CIRCLE('',#4295,16.9000000000015);
#923=CIRCLE('',#4297,1.70000000000001);
#924=CIRCLE('',#4298,1.70000000000001);
#925=CIRCLE('',#4300,7.59909545614403);
#926=CIRCLE('',#4301,7.59909545614403);
#927=CIRCLE('',#4303,8.49909545614402);
#928=CIRCLE('',#4304,8.49909545614402);
#929=CIRCLE('',#4306,23.);
#930=CIRCLE('',#4307,23.);
#931=CIRCLE('',#4309,23.);
#932=CIRCLE('',#4310,23.);
#933=CIRCLE('',#4312,23.);
#934=CIRCLE('',#4313,23.);
#935=CIRCLE('',#4315,23.);
#936=CIRCLE('',#4316,23.);
#937=CIRCLE('',#4318,23.);
#938=CIRCLE('',#4319,23.);
#939=CIRCLE('',#4321,23.);
#940=CIRCLE('',#4322,23.);
#941=CIRCLE('',#4324,23.);
#942=CIRCLE('',#4325,23.);
#943=CIRCLE('',#4327,23.);
#944=CIRCLE('',#4328,23.);
#945=CIRCLE('',#4330,23.);
#946=CIRCLE('',#4331,23.);
#947=CIRCLE('',#4333,0.399999999999902);
#948=CIRCLE('',#4334,0.399999999999902);
#949=CIRCLE('',#4336,1.29999999999989);
#950=CIRCLE('',#4337,1.29999999999989);
#951=CIRCLE('',#4339,7.59909545614403);
#952=CIRCLE('',#4340,7.59909545614403);
#953=CIRCLE('',#4342,8.49909545614403);
#954=CIRCLE('',#4343,8.49909545614403);
#955=CIRCLE('',#4345,0.800000000000009);
#956=CIRCLE('',#4346,0.800000000000009);
#957=CIRCLE('',#4348,0.500000000003849);
#958=CIRCLE('',#4349,0.500000000003849);
#959=CIRCLE('',#4351,16.0000000000015);
#960=CIRCLE('',#4352,16.0000000000015);
#961=CIRCLE('',#4354,0.449999999999997);
#962=CIRCLE('',#4355,0.449999999999997);
#963=CIRCLE('',#4357,16.9000000000015);
#964=CIRCLE('',#4358,16.9000000000015);
#965=CIRCLE('',#4360,1.70000000000001);
#966=CIRCLE('',#4361,1.70000000000001);
#967=CIRCLE('',#4363,7.59909545614403);
#968=CIRCLE('',#4364,7.59909545614403);
#969=CIRCLE('',#4366,8.49909545614402);
#970=CIRCLE('',#4367,8.49909545614402);
#971=CIRCLE('',#4373,25.);
#972=CIRCLE('',#4374,24.0520815280172);
#973=CIRCLE('',#4375,24.0520815280172);
#974=CIRCLE('',#4377,25.);
#975=CIRCLE('',#4378,25.);
#976=CIRCLE('',#4380,23.4999999999998);
#977=CIRCLE('',#4381,24.052081528017);
#978=CIRCLE('',#4384,23.5);
#979=CIRCLE('',#4386,25.);
#980=CIRCLE('',#4387,25.);
#981=CIRCLE('',#4388,24.0520815280173);
#982=CIRCLE('',#4390,25.);
#983=CIRCLE('',#4392,24.0520815280172);
#984=CIRCLE('',#4393,24.0520815280172);
#985=LINE('',#5758,#1195);
#986=LINE('',#5767,#1196);
#987=LINE('',#5787,#1197);
#988=LINE('',#5791,#1198);
#989=LINE('',#5796,#1199);
#990=LINE('',#5805,#1200);
#991=LINE('',#5809,#1201);
#992=LINE('',#5813,#1202);
#993=LINE('',#5829,#1203);
#994=LINE('',#5850,#1204);
#995=LINE('',#5853,#1205);
#996=LINE('',#5858,#1206);
#997=LINE('',#5861,#1207);
#998=LINE('',#5877,#1208);
#999=LINE('',#5886,#1209);
#1000=LINE('',#5896,#1210);
#1001=LINE('',#5899,#1211);
#1002=LINE('',#5902,#1212);
#1003=LINE('',#5904,#1213);
#1004=LINE('',#5906,#1214);
#1005=LINE('',#5911,#1215);
#1006=LINE('',#5917,#1216);
#1007=LINE('',#5943,#1217);
#1008=LINE('',#5947,#1218);
#1009=LINE('',#5965,#1219);
#1010=LINE('',#5969,#1220);
#1011=LINE('',#5974,#1221);
#1012=LINE('',#5981,#1222);
#1013=LINE('',#5990,#1223);
#1014=LINE('',#5993,#1224);
#1015=LINE('',#5996,#1225);
#1016=LINE('',#6003,#1226);
#1017=LINE('',#6015,#1227);
#1018=LINE('',#6023,#1228);
#1019=LINE('',#6053,#1229);
#1020=LINE('',#6075,#1230);
#1021=LINE('',#6078,#1231);
#1022=LINE('',#6082,#1232);
#1023=LINE('',#6085,#1233);
#1024=LINE('',#6088,#1234);
#1025=LINE('',#6091,#1235);
#1026=LINE('',#6094,#1236);
#1027=LINE('',#6100,#1237);
#1028=LINE('',#6102,#1238);
#1029=LINE('',#6106,#1239);
#1030=LINE('',#6108,#1240);
#1031=LINE('',#6110,#1241);
#1032=LINE('',#6113,#1242);
#1033=LINE('',#6120,#1243);
#1034=LINE('',#6123,#1244);
#1035=LINE('',#6130,#1245);
#1036=LINE('',#6135,#1246);
#1037=LINE('',#6138,#1247);
#1038=LINE('',#6141,#1248);
#1039=LINE('',#6146,#1249);
#1040=LINE('',#6148,#1250);
#1041=LINE('',#6150,#1251);
#1042=LINE('',#6153,#1252);
#1043=LINE('',#6155,#1253);
#1044=LINE('',#6158,#1254);
#1045=LINE('',#6160,#1255);
#1046=LINE('',#6165,#1256);
#1047=LINE('',#6169,#1257);
#1048=LINE('',#6171,#1258);
#1049=LINE('',#6179,#1259);
#1050=LINE('',#6183,#1260);
#1051=LINE('',#6188,#1261);
#1052=LINE('',#6190,#1262);
#1053=LINE('',#6192,#1263);
#1054=LINE('',#6195,#1264);
#1055=LINE('',#6196,#1265);
#1056=LINE('',#6200,#1266);
#1057=LINE('',#6203,#1267);
#1058=LINE('',#6204,#1268);
#1059=LINE('',#6215,#1269);
#1060=LINE('',#6218,#1270);
#1061=LINE('',#6224,#1271);
#1062=LINE('',#6227,#1272);
#1063=LINE('',#6233,#1273);
#1064=LINE('',#6239,#1274);
#1065=LINE('',#6245,#1275);
#1066=LINE('',#6251,#1276);
#1067=LINE('',#6257,#1277);
#1068=LINE('',#6263,#1278);
#1069=LINE('',#6269,#1279);
#1070=LINE('',#6275,#1280);
#1071=LINE('',#6281,#1281);
#1072=LINE('',#6290,#1282);
#1073=LINE('',#6293,#1283);
#1074=LINE('',#6299,#1284);
#1075=LINE('',#6302,#1285);
#1076=LINE('',#6308,#1286);
#1077=LINE('',#6314,#1287);
#1078=LINE('',#6320,#1288);
#1079=LINE('',#6326,#1289);
#1080=LINE('',#6332,#1290);
#1081=LINE('',#6338,#1291);
#1082=LINE('',#6344,#1292);
#1083=LINE('',#6350,#1293);
#1084=LINE('',#6356,#1294);
#1085=LINE('',#6365,#1295);
#1086=LINE('',#6368,#1296);
#1087=LINE('',#6374,#1297);
#1088=LINE('',#6377,#1298);
#1089=LINE('',#6383,#1299);
#1090=LINE('',#6389,#1300);
#1091=LINE('',#6395,#1301);
#1092=LINE('',#6401,#1302);
#1093=LINE('',#6407,#1303);
#1094=LINE('',#6413,#1304);
#1095=LINE('',#6419,#1305);
#1096=LINE('',#6425,#1306);
#1097=LINE('',#6431,#1307);
#1098=LINE('',#6440,#1308);
#1099=LINE('',#6443,#1309);
#1100=LINE('',#6449,#1310);
#1101=LINE('',#6452,#1311);
#1102=LINE('',#6458,#1312);
#1103=LINE('',#6464,#1313);
#1104=LINE('',#6470,#1314);
#1105=LINE('',#6476,#1315);
#1106=LINE('',#6482,#1316);
#1107=LINE('',#6488,#1317);
#1108=LINE('',#6494,#1318);
#1109=LINE('',#6500,#1319);
#1110=LINE('',#6506,#1320);
#1111=LINE('',#6515,#1321);
#1112=LINE('',#6518,#1322);
#1113=LINE('',#6524,#1323);
#1114=LINE('',#6527,#1324);
#1115=LINE('',#6533,#1325);
#1116=LINE('',#6539,#1326);
#1117=LINE('',#6545,#1327);
#1118=LINE('',#6551,#1328);
#1119=LINE('',#6557,#1329);
#1120=LINE('',#6563,#1330);
#1121=LINE('',#6569,#1331);
#1122=LINE('',#6575,#1332);
#1123=LINE('',#6581,#1333);
#1124=LINE('',#6590,#1334);
#1125=LINE('',#6593,#1335);
#1126=LINE('',#6599,#1336);
#1127=LINE('',#6602,#1337);
#1128=LINE('',#6608,#1338);
#1129=LINE('',#6614,#1339);
#1130=LINE('',#6620,#1340);
#1131=LINE('',#6626,#1341);
#1132=LINE('',#6632,#1342);
#1133=LINE('',#6638,#1343);
#1134=LINE('',#6644,#1344);
#1135=LINE('',#6650,#1345);
#1136=LINE('',#6656,#1346);
#1137=LINE('',#6665,#1347);
#1138=LINE('',#6668,#1348);
#1139=LINE('',#6674,#1349);
#1140=LINE('',#6677,#1350);
#1141=LINE('',#6683,#1351);
#1142=LINE('',#6689,#1352);
#1143=LINE('',#6695,#1353);
#1144=LINE('',#6701,#1354);
#1145=LINE('',#6707,#1355);
#1146=LINE('',#6713,#1356);
#1147=LINE('',#6719,#1357);
#1148=LINE('',#6725,#1358);
#1149=LINE('',#6731,#1359);
#1150=LINE('',#6740,#1360);
#1151=LINE('',#6743,#1361);
#1152=LINE('',#6749,#1362);
#1153=LINE('',#6752,#1363);
#1154=LINE('',#6758,#1364);
#1155=LINE('',#6764,#1365);
#1156=LINE('',#6770,#1366);
#1157=LINE('',#6776,#1367);
#1158=LINE('',#6782,#1368);
#1159=LINE('',#6788,#1369);
#1160=LINE('',#6794,#1370);
#1161=LINE('',#6800,#1371);
#1162=LINE('',#6806,#1372);
#1163=LINE('',#6814,#1373);
#1164=LINE('',#6838,#1374);
#1165=LINE('',#6847,#1375);
#1166=LINE('',#6854,#1376);
#1167=LINE('',#6860,#1377);
#1168=LINE('',#6866,#1378);
#1169=LINE('',#6872,#1379);
#1170=LINE('',#6878,#1380);
#1171=LINE('',#6884,#1381);
#1172=LINE('',#6890,#1382);
#1173=LINE('',#6896,#1383);
#1174=LINE('',#6902,#1384);
#1175=LINE('',#6908,#1385);
#1176=LINE('',#6915,#1386);
#1177=LINE('',#6917,#1387);
#1178=LINE('',#6919,#1388);
#1179=LINE('',#6920,#1389);
#1180=LINE('',#6924,#1390);
#1181=LINE('',#6926,#1391);
#1182=LINE('',#6928,#1392);
#1183=LINE('',#6929,#1393);
#1184=LINE('',#6933,#1394);
#1185=LINE('',#6935,#1395);
#1186=LINE('',#6937,#1396);
#1187=LINE('',#6938,#1397);
#1188=LINE('',#6942,#1398);
#1189=LINE('',#6944,#1399);
#1190=LINE('',#6946,#1400);
#1191=LINE('',#6947,#1401);
#1192=LINE('',#6960,#1402);
#1193=LINE('',#6969,#1403);
#1194=LINE('',#6979,#1404);
#1195=VECTOR('',#4403,24.45);
#1196=VECTOR('',#4412,25.6739592359918);
#1197=VECTOR('',#4423,10.);
#1198=VECTOR('',#4426,10.);
#1199=VECTOR('',#4431,25.6739592359915);
#1200=VECTOR('',#4440,24.4500000000003);
#1201=VECTOR('',#4443,10.);
#1202=VECTOR('',#4446,10.);
#1203=VECTOR('',#4455,1.3);
#1204=VECTOR('',#4466,10.);
#1205=VECTOR('',#4469,10.);
#1206=VECTOR('',#4474,10.);
#1207=VECTOR('',#4477,10.);
#1208=VECTOR('',#4494,1.05);
#1209=VECTOR('',#4499,1.375);
#1210=VECTOR('',#4506,10.);
#1211=VECTOR('',#4509,10.);
#1212=VECTOR('',#4512,1.125);
#1213=VECTOR('',#4513,10.);
#1214=VECTOR('',#4514,1.125);
#1215=VECTOR('',#4519,10.);
#1216=VECTOR('',#4526,1.3);
#1217=VECTOR('',#4535,10.);
#1218=VECTOR('',#4538,10.);
#1219=VECTOR('',#4557,10.);
#1220=VECTOR('',#4560,10.);
#1221=VECTOR('',#4567,1.05);
#1222=VECTOR('',#4570,1.375);
#1223=VECTOR('',#4575,10.);
#1224=VECTOR('',#4578,10.);
#1225=VECTOR('',#4581,10.);
#1226=VECTOR('',#4588,10.);
#1227=VECTOR('',#4601,10.);
#1228=VECTOR('',#4610,10.);
#1229=VECTOR('',#4647,10.);
#1230=VECTOR('',#4674,10.);
#1231=VECTOR('',#4677,10.);
#1232=VECTOR('',#4680,10.);
#1233=VECTOR('',#4685,10.);
#1234=VECTOR('',#4688,10.);
#1235=VECTOR('',#4693,10.);
#1236=VECTOR('',#4696,10.);
#1237=VECTOR('',#4707,10.);
#1238=VECTOR('',#4710,10.);
#1239=VECTOR('',#4717,10.);
#1240=VECTOR('',#4720,10.);
#1241=VECTOR('',#4723,10.);
#1242=VECTOR('',#4728,10.);
#1243=VECTOR('',#4739,10.);
#1244=VECTOR('',#4744,10.);
#1245=VECTOR('',#4753,10.);
#1246=VECTOR('',#4760,10.);
#1247=VECTOR('',#4765,10.);
#1248=VECTOR('',#4770,10.);
#1249=VECTOR('',#4779,10.);
#1250=VECTOR('',#4782,10.);
#1251=VECTOR('',#4785,10.);
#1252=VECTOR('',#4790,10.);
#1253=VECTOR('',#4793,10.);
#1254=VECTOR('',#4798,10.);
#1255=VECTOR('',#4799,10.);
#1256=VECTOR('',#4800,10.);
#1257=VECTOR('',#4805,10.);
#1258=VECTOR('',#4808,10.);
#1259=VECTOR('',#4815,10.);
#1260=VECTOR('',#4818,10.);
#1261=VECTOR('',#4827,10.);
#1262=VECTOR('',#4830,10.);
#1263=VECTOR('',#4833,10.);
#1264=VECTOR('',#4836,10.);
#1265=VECTOR('',#4837,10.);
#1266=VECTOR('',#4842,10.);
#1267=VECTOR('',#4845,10.);
#1268=VECTOR('',#4846,10.);
#1269=VECTOR('',#4861,10.);
#1270=VECTOR('',#4864,10.);
#1271=VECTOR('',#4869,10.);
#1272=VECTOR('',#4872,10.);
#1273=VECTOR('',#4879,10.);
#1274=VECTOR('',#4886,10.);
#1275=VECTOR('',#4893,10.);
#1276=VECTOR('',#4900,10.);
#1277=VECTOR('',#4907,10.);
#1278=VECTOR('',#4914,10.);
#1279=VECTOR('',#4921,10.);
#1280=VECTOR('',#4928,10.);
#1281=VECTOR('',#4935,10.);
#1282=VECTOR('',#4946,10.);
#1283=VECTOR('',#4949,10.);
#1284=VECTOR('',#4954,10.);
#1285=VECTOR('',#4957,10.);
#1286=VECTOR('',#4964,10.);
#1287=VECTOR('',#4971,10.);
#1288=VECTOR('',#4978,10.);
#1289=VECTOR('',#4985,10.);
#1290=VECTOR('',#4992,10.);
#1291=VECTOR('',#4999,10.);
#1292=VECTOR('',#5006,10.);
#1293=VECTOR('',#5013,10.);
#1294=VECTOR('',#5020,10.);
#1295=VECTOR('',#5031,10.);
#1296=VECTOR('',#5034,10.);
#1297=VECTOR('',#5039,10.);
#1298=VECTOR('',#5042,10.);
#1299=VECTOR('',#5049,10.);
#1300=VECTOR('',#5056,10.);
#1301=VECTOR('',#5063,10.);
#1302=VECTOR('',#5070,10.);
#1303=VECTOR('',#5077,10.);
#1304=VECTOR('',#5084,10.);
#1305=VECTOR('',#5091,10.);
#1306=VECTOR('',#5098,10.);
#1307=VECTOR('',#5105,10.);
#1308=VECTOR('',#5116,10.);
#1309=VECTOR('',#5119,10.);
#1310=VECTOR('',#5124,10.);
#1311=VECTOR('',#5127,10.);
#1312=VECTOR('',#5134,10.);
#1313=VECTOR('',#5141,10.);
#1314=VECTOR('',#5148,10.);
#1315=VECTOR('',#5155,10.);
#1316=VECTOR('',#5162,10.);
#1317=VECTOR('',#5169,10.);
#1318=VECTOR('',#5176,10.);
#1319=VECTOR('',#5183,10.);
#1320=VECTOR('',#5190,10.);
#1321=VECTOR('',#5201,10.);
#1322=VECTOR('',#5204,10.);
#1323=VECTOR('',#5209,10.);
#1324=VECTOR('',#5212,10.);
#1325=VECTOR('',#5219,10.);
#1326=VECTOR('',#5226,10.);
#1327=VECTOR('',#5233,10.);
#1328=VECTOR('',#5240,10.);
#1329=VECTOR('',#5247,10.);
#1330=VECTOR('',#5254,10.);
#1331=VECTOR('',#5261,10.);
#1332=VECTOR('',#5268,10.);
#1333=VECTOR('',#5275,10.);
#1334=VECTOR('',#5286,10.);
#1335=VECTOR('',#5289,10.);
#1336=VECTOR('',#5294,10.);
#1337=VECTOR('',#5297,10.);
#1338=VECTOR('',#5304,10.);
#1339=VECTOR('',#5311,10.);
#1340=VECTOR('',#5318,10.);
#1341=VECTOR('',#5325,10.);
#1342=VECTOR('',#5332,10.);
#1343=VECTOR('',#5339,10.);
#1344=VECTOR('',#5346,10.);
#1345=VECTOR('',#5353,10.);
#1346=VECTOR('',#5360,10.);
#1347=VECTOR('',#5371,10.);
#1348=VECTOR('',#5374,10.);
#1349=VECTOR('',#5379,10.);
#1350=VECTOR('',#5382,10.);
#1351=VECTOR('',#5389,10.);
#1352=VECTOR('',#5396,10.);
#1353=VECTOR('',#5403,10.);
#1354=VECTOR('',#5410,10.);
#1355=VECTOR('',#5417,10.);
#1356=VECTOR('',#5424,10.);
#1357=VECTOR('',#5431,10.);
#1358=VECTOR('',#5438,10.);
#1359=VECTOR('',#5445,10.);
#1360=VECTOR('',#5456,10.);
#1361=VECTOR('',#5459,10.);
#1362=VECTOR('',#5464,10.);
#1363=VECTOR('',#5467,10.);
#1364=VECTOR('',#5474,10.);
#1365=VECTOR('',#5481,10.);
#1366=VECTOR('',#5488,10.);
#1367=VECTOR('',#5495,10.);
#1368=VECTOR('',#5502,10.);
#1369=VECTOR('',#5509,10.);
#1370=VECTOR('',#5516,10.);
#1371=VECTOR('',#5523,10.);
#1372=VECTOR('',#5530,10.);
#1373=VECTOR('',#5541,10.);
#1374=VECTOR('',#5584,10.);
#1375=VECTOR('',#5597,10.);
#1376=VECTOR('',#5606,10.);
#1377=VECTOR('',#5613,10.);
#1378=VECTOR('',#5620,10.);
#1379=VECTOR('',#5627,10.);
#1380=VECTOR('',#5634,10.);
#1381=VECTOR('',#5641,10.);
#1382=VECTOR('',#5648,10.);
#1383=VECTOR('',#5655,10.);
#1384=VECTOR('',#5662,10.);
#1385=VECTOR('',#5669,10.);
#1386=VECTOR('',#5678,10.);
#1387=VECTOR('',#5679,10.);
#1388=VECTOR('',#5680,10.);
#1389=VECTOR('',#5681,10.);
#1390=VECTOR('',#5684,10.);
#1391=VECTOR('',#5685,10.);
#1392=VECTOR('',#5686,10.);
#1393=VECTOR('',#5687,10.);
#1394=VECTOR('',#5690,10.);
#1395=VECTOR('',#5691,10.);
#1396=VECTOR('',#5692,10.);
#1397=VECTOR('',#5693,10.);
#1398=VECTOR('',#5696,10.);
#1399=VECTOR('',#5697,10.);
#1400=VECTOR('',#5698,10.);
#1401=VECTOR('',#5699,10.);
#1402=VECTOR('',#5718,24.2499999999999);
#1403=VECTOR('',#5731,24.25);
#1404=VECTOR('',#5748,24.0520815280172);
#1405=VERTEX_POINT('',#5756);
#1406=VERTEX_POINT('',#5757);
#1407=VERTEX_POINT('',#5759);
#1408=VERTEX_POINT('',#5761);
#1409=VERTEX_POINT('',#5765);
#1410=VERTEX_POINT('',#5766);
#1411=VERTEX_POINT('',#5768);
#1412=VERTEX_POINT('',#5770);
#1413=VERTEX_POINT('',#5774);
#1414=VERTEX_POINT('',#5776);
#1415=VERTEX_POINT('',#5780);
#1416=VERTEX_POINT('',#5782);
#1417=VERTEX_POINT('',#5784);
#1418=VERTEX_POINT('',#5786);
#1419=VERTEX_POINT('',#5788);
#1420=VERTEX_POINT('',#5790);
#1421=VERTEX_POINT('',#5794);
#1422=VERTEX_POINT('',#5795);
#1423=VERTEX_POINT('',#5797);
#1424=VERTEX_POINT('',#5799);
#1425=VERTEX_POINT('',#5803);
#1426=VERTEX_POINT('',#5804);
#1427=VERTEX_POINT('',#5806);
#1428=VERTEX_POINT('',#5808);
#1429=VERTEX_POINT('',#5810);
#1430=VERTEX_POINT('',#5812);
#1431=VERTEX_POINT('',#5814);
#1432=VERTEX_POINT('',#5816);
#1433=VERTEX_POINT('',#5820);
#1434=VERTEX_POINT('',#5821);
#1435=VERTEX_POINT('',#5828);
#1436=VERTEX_POINT('',#5831);
#1437=VERTEX_POINT('',#5836);
#1438=VERTEX_POINT('',#5838);
#1439=VERTEX_POINT('',#5847);
#1440=VERTEX_POINT('',#5849);
#1441=VERTEX_POINT('',#5851);
#1442=VERTEX_POINT('',#5855);
#1443=VERTEX_POINT('',#5857);
#1444=VERTEX_POINT('',#5860);
#1445=VERTEX_POINT('',#5862);
#1446=VERTEX_POINT('',#5864);
#1447=VERTEX_POINT('',#5866);
#1448=VERTEX_POINT('',#5868);
#1449=VERTEX_POINT('',#5870);
#1450=VERTEX_POINT('',#5872);
#1451=VERTEX_POINT('',#5876);
#1452=VERTEX_POINT('',#5880);
#1453=VERTEX_POINT('',#5885);
#1454=VERTEX_POINT('',#5888);
#1455=VERTEX_POINT('',#5895);
#1456=VERTEX_POINT('',#5897);
#1457=VERTEX_POINT('',#5901);
#1458=VERTEX_POINT('',#5903);
#1459=VERTEX_POINT('',#5905);
#1460=VERTEX_POINT('',#5908);
#1461=VERTEX_POINT('',#5910);
#1462=VERTEX_POINT('',#5914);
#1463=VERTEX_POINT('',#5916);
#1464=VERTEX_POINT('',#5918);
#1465=VERTEX_POINT('',#5925);
#1466=VERTEX_POINT('',#5927);
#1467=VERTEX_POINT('',#5934);
#1468=VERTEX_POINT('',#5941);
#1469=VERTEX_POINT('',#5944);
#1470=VERTEX_POINT('',#5946);
#1471=VERTEX_POINT('',#5948);
#1472=VERTEX_POINT('',#5950);
#1473=VERTEX_POINT('',#5952);
#1474=VERTEX_POINT('',#5954);
#1475=VERTEX_POINT('',#5956);
#1476=VERTEX_POINT('',#5958);
#1477=VERTEX_POINT('',#5960);
#1478=VERTEX_POINT('',#5964);
#1479=VERTEX_POINT('',#5966);
#1480=VERTEX_POINT('',#5968);
#1481=VERTEX_POINT('',#5972);
#1482=VERTEX_POINT('',#5976);
#1483=VERTEX_POINT('',#5982);
#1484=VERTEX_POINT('',#5989);
#1485=VERTEX_POINT('',#5991);
#1486=VERTEX_POINT('',#5995);
#1487=VERTEX_POINT('',#5999);
#1488=VERTEX_POINT('',#6000);
#1489=VERTEX_POINT('',#6002);
#1490=VERTEX_POINT('',#6004);
#1491=VERTEX_POINT('',#6007);
#1492=VERTEX_POINT('',#6011);
#1493=VERTEX_POINT('',#6012);
#1494=VERTEX_POINT('',#6014);
#1495=VERTEX_POINT('',#6019);
#1496=VERTEX_POINT('',#6020);
#1497=VERTEX_POINT('',#6022);
#1498=VERTEX_POINT('',#6027);
#1499=VERTEX_POINT('',#6029);
#1500=VERTEX_POINT('',#6031);
#1501=VERTEX_POINT('',#6035);
#1502=VERTEX_POINT('',#6037);
#1503=VERTEX_POINT('',#6042);
#1504=VERTEX_POINT('',#6044);
#1505=VERTEX_POINT('',#6046);
#1506=VERTEX_POINT('',#6048);
#1507=VERTEX_POINT('',#6050);
#1508=VERTEX_POINT('',#6052);
#1509=VERTEX_POINT('',#6054);
#1510=VERTEX_POINT('',#6056);
#1511=VERTEX_POINT('',#6058);
#1512=VERTEX_POINT('',#6060);
#1513=VERTEX_POINT('',#6064);
#1514=VERTEX_POINT('',#6066);
#1515=VERTEX_POINT('',#6069);
#1516=VERTEX_POINT('',#6073);
#1517=VERTEX_POINT('',#6077);
#1518=VERTEX_POINT('',#6079);
#1519=VERTEX_POINT('',#6081);
#1520=VERTEX_POINT('',#6087);
#1521=VERTEX_POINT('',#6093);
#1522=VERTEX_POINT('',#6118);
#1523=VERTEX_POINT('',#6127);
#1524=VERTEX_POINT('',#6129);
#1525=VERTEX_POINT('',#6134);
#1526=VERTEX_POINT('',#6159);
#1527=VERTEX_POINT('',#6161);
#1528=VERTEX_POINT('',#6167);
#1529=VERTEX_POINT('',#6178);
#1530=VERTEX_POINT('',#6180);
#1531=VERTEX_POINT('',#6182);
#1532=VERTEX_POINT('',#6194);
#1533=VERTEX_POINT('',#6198);
#1534=VERTEX_POINT('',#6202);
#1535=VERTEX_POINT('',#6211);
#1536=VERTEX_POINT('',#6212);
#1537=VERTEX_POINT('',#6214);
#1538=VERTEX_POINT('',#6216);
#1539=VERTEX_POINT('',#6220);
#1540=VERTEX_POINT('',#6221);
#1541=VERTEX_POINT('',#6223);
#1542=VERTEX_POINT('',#6225);
#1543=VERTEX_POINT('',#6229);
#1544=VERTEX_POINT('',#6231);
#1545=VERTEX_POINT('',#6235);
#1546=VERTEX_POINT('',#6237);
#1547=VERTEX_POINT('',#6241);
#1548=VERTEX_POINT('',#6243);
#1549=VERTEX_POINT('',#6247);
#1550=VERTEX_POINT('',#6249);
#1551=VERTEX_POINT('',#6253);
#1552=VERTEX_POINT('',#6255);
#1553=VERTEX_POINT('',#6259);
#1554=VERTEX_POINT('',#6261);
#1555=VERTEX_POINT('',#6265);
#1556=VERTEX_POINT('',#6267);
#1557=VERTEX_POINT('',#6271);
#1558=VERTEX_POINT('',#6273);
#1559=VERTEX_POINT('',#6277);
#1560=VERTEX_POINT('',#6279);
#1561=VERTEX_POINT('',#6286);
#1562=VERTEX_POINT('',#6287);
#1563=VERTEX_POINT('',#6289);
#1564=VERTEX_POINT('',#6291);
#1565=VERTEX_POINT('',#6295);
#1566=VERTEX_POINT('',#6296);
#1567=VERTEX_POINT('',#6298);
#1568=VERTEX_POINT('',#6300);
#1569=VERTEX_POINT('',#6304);
#1570=VERTEX_POINT('',#6306);
#1571=VERTEX_POINT('',#6310);
#1572=VERTEX_POINT('',#6312);
#1573=VERTEX_POINT('',#6316);
#1574=VERTEX_POINT('',#6318);
#1575=VERTEX_POINT('',#6322);
#1576=VERTEX_POINT('',#6324);
#1577=VERTEX_POINT('',#6328);
#1578=VERTEX_POINT('',#6330);
#1579=VERTEX_POINT('',#6334);
#1580=VERTEX_POINT('',#6336);
#1581=VERTEX_POINT('',#6340);
#1582=VERTEX_POINT('',#6342);
#1583=VERTEX_POINT('',#6346);
#1584=VERTEX_POINT('',#6348);
#1585=VERTEX_POINT('',#6352);
#1586=VERTEX_POINT('',#6354);
#1587=VERTEX_POINT('',#6361);
#1588=VERTEX_POINT('',#6362);
#1589=VERTEX_POINT('',#6364);
#1590=VERTEX_POINT('',#6366);
#1591=VERTEX_POINT('',#6370);
#1592=VERTEX_POINT('',#6371);
#1593=VERTEX_POINT('',#6373);
#1594=VERTEX_POINT('',#6375);
#1595=VERTEX_POINT('',#6379);
#1596=VERTEX_POINT('',#6381);
#1597=VERTEX_POINT('',#6385);
#1598=VERTEX_POINT('',#6387);
#1599=VERTEX_POINT('',#6391);
#1600=VERTEX_POINT('',#6393);
#1601=VERTEX_POINT('',#6397);
#1602=VERTEX_POINT('',#6399);
#1603=VERTEX_POINT('',#6403);
#1604=VERTEX_POINT('',#6405);
#1605=VERTEX_POINT('',#6409);
#1606=VERTEX_POINT('',#6411);
#1607=VERTEX_POINT('',#6415);
#1608=VERTEX_POINT('',#6417);
#1609=VERTEX_POINT('',#6421);
#1610=VERTEX_POINT('',#6423);
#1611=VERTEX_POINT('',#6427);
#1612=VERTEX_POINT('',#6429);
#1613=VERTEX_POINT('',#6436);
#1614=VERTEX_POINT('',#6437);
#1615=VERTEX_POINT('',#6439);
#1616=VERTEX_POINT('',#6441);
#1617=VERTEX_POINT('',#6445);
#1618=VERTEX_POINT('',#6446);
#1619=VERTEX_POINT('',#6448);
#1620=VERTEX_POINT('',#6450);
#1621=VERTEX_POINT('',#6454);
#1622=VERTEX_POINT('',#6456);
#1623=VERTEX_POINT('',#6460);
#1624=VERTEX_POINT('',#6462);
#1625=VERTEX_POINT('',#6466);
#1626=VERTEX_POINT('',#6468);
#1627=VERTEX_POINT('',#6472);
#1628=VERTEX_POINT('',#6474);
#1629=VERTEX_POINT('',#6478);
#1630=VERTEX_POINT('',#6480);
#1631=VERTEX_POINT('',#6484);
#1632=VERTEX_POINT('',#6486);
#1633=VERTEX_POINT('',#6490);
#1634=VERTEX_POINT('',#6492);
#1635=VERTEX_POINT('',#6496);
#1636=VERTEX_POINT('',#6498);
#1637=VERTEX_POINT('',#6502);
#1638=VERTEX_POINT('',#6504);
#1639=VERTEX_POINT('',#6511);
#1640=VERTEX_POINT('',#6512);
#1641=VERTEX_POINT('',#6514);
#1642=VERTEX_POINT('',#6516);
#1643=VERTEX_POINT('',#6520);
#1644=VERTEX_POINT('',#6521);
#1645=VERTEX_POINT('',#6523);
#1646=VERTEX_POINT('',#6525);
#1647=VERTEX_POINT('',#6529);
#1648=VERTEX_POINT('',#6531);
#1649=VERTEX_POINT('',#6535);
#1650=VERTEX_POINT('',#6537);
#1651=VERTEX_POINT('',#6541);
#1652=VERTEX_POINT('',#6543);
#1653=VERTEX_POINT('',#6547);
#1654=VERTEX_POINT('',#6549);
#1655=VERTEX_POINT('',#6553);
#1656=VERTEX_POINT('',#6555);
#1657=VERTEX_POINT('',#6559);
#1658=VERTEX_POINT('',#6561);
#1659=VERTEX_POINT('',#6565);
#1660=VERTEX_POINT('',#6567);
#1661=VERTEX_POINT('',#6571);
#1662=VERTEX_POINT('',#6573);
#1663=VERTEX_POINT('',#6577);
#1664=VERTEX_POINT('',#6579);
#1665=VERTEX_POINT('',#6586);
#1666=VERTEX_POINT('',#6587);
#1667=VERTEX_POINT('',#6589);
#1668=VERTEX_POINT('',#6591);
#1669=VERTEX_POINT('',#6595);
#1670=VERTEX_POINT('',#6596);
#1671=VERTEX_POINT('',#6598);
#1672=VERTEX_POINT('',#6600);
#1673=VERTEX_POINT('',#6604);
#1674=VERTEX_POINT('',#6606);
#1675=VERTEX_POINT('',#6610);
#1676=VERTEX_POINT('',#6612);
#1677=VERTEX_POINT('',#6616);
#1678=VERTEX_POINT('',#6618);
#1679=VERTEX_POINT('',#6622);
#1680=VERTEX_POINT('',#6624);
#1681=VERTEX_POINT('',#6628);
#1682=VERTEX_POINT('',#6630);
#1683=VERTEX_POINT('',#6634);
#1684=VERTEX_POINT('',#6636);
#1685=VERTEX_POINT('',#6640);
#1686=VERTEX_POINT('',#6642);
#1687=VERTEX_POINT('',#6646);
#1688=VERTEX_POINT('',#6648);
#1689=VERTEX_POINT('',#6652);
#1690=VERTEX_POINT('',#6654);
#1691=VERTEX_POINT('',#6661);
#1692=VERTEX_POINT('',#6662);
#1693=VERTEX_POINT('',#6664);
#1694=VERTEX_POINT('',#6666);
#1695=VERTEX_POINT('',#6670);
#1696=VERTEX_POINT('',#6671);
#1697=VERTEX_POINT('',#6673);
#1698=VERTEX_POINT('',#6675);
#1699=VERTEX_POINT('',#6679);
#1700=VERTEX_POINT('',#6681);
#1701=VERTEX_POINT('',#6685);
#1702=VERTEX_POINT('',#6687);
#1703=VERTEX_POINT('',#6691);
#1704=VERTEX_POINT('',#6693);
#1705=VERTEX_POINT('',#6697);
#1706=VERTEX_POINT('',#6699);
#1707=VERTEX_POINT('',#6703);
#1708=VERTEX_POINT('',#6705);
#1709=VERTEX_POINT('',#6709);
#1710=VERTEX_POINT('',#6711);
#1711=VERTEX_POINT('',#6715);
#1712=VERTEX_POINT('',#6717);
#1713=VERTEX_POINT('',#6721);
#1714=VERTEX_POINT('',#6723);
#1715=VERTEX_POINT('',#6727);
#1716=VERTEX_POINT('',#6729);
#1717=VERTEX_POINT('',#6736);
#1718=VERTEX_POINT('',#6737);
#1719=VERTEX_POINT('',#6739);
#1720=VERTEX_POINT('',#6741);
#1721=VERTEX_POINT('',#6745);
#1722=VERTEX_POINT('',#6746);
#1723=VERTEX_POINT('',#6748);
#1724=VERTEX_POINT('',#6750);
#1725=VERTEX_POINT('',#6754);
#1726=VERTEX_POINT('',#6756);
#1727=VERTEX_POINT('',#6760);
#1728=VERTEX_POINT('',#6762);
#1729=VERTEX_POINT('',#6766);
#1730=VERTEX_POINT('',#6768);
#1731=VERTEX_POINT('',#6772);
#1732=VERTEX_POINT('',#6774);
#1733=VERTEX_POINT('',#6778);
#1734=VERTEX_POINT('',#6780);
#1735=VERTEX_POINT('',#6784);
#1736=VERTEX_POINT('',#6786);
#1737=VERTEX_POINT('',#6790);
#1738=VERTEX_POINT('',#6792);
#1739=VERTEX_POINT('',#6796);
#1740=VERTEX_POINT('',#6798);
#1741=VERTEX_POINT('',#6802);
#1742=VERTEX_POINT('',#6804);
#1743=VERTEX_POINT('',#6811);
#1744=VERTEX_POINT('',#6813);
#1745=VERTEX_POINT('',#6835);
#1746=VERTEX_POINT('',#6837);
#1747=VERTEX_POINT('',#6844);
#1748=VERTEX_POINT('',#6846);
#1749=VERTEX_POINT('',#6850);
#1750=VERTEX_POINT('',#6852);
#1751=VERTEX_POINT('',#6856);
#1752=VERTEX_POINT('',#6858);
#1753=VERTEX_POINT('',#6862);
#1754=VERTEX_POINT('',#6864);
#1755=VERTEX_POINT('',#6868);
#1756=VERTEX_POINT('',#6870);
#1757=VERTEX_POINT('',#6874);
#1758=VERTEX_POINT('',#6876);
#1759=VERTEX_POINT('',#6880);
#1760=VERTEX_POINT('',#6882);
#1761=VERTEX_POINT('',#6886);
#1762=VERTEX_POINT('',#6888);
#1763=VERTEX_POINT('',#6892);
#1764=VERTEX_POINT('',#6894);
#1765=VERTEX_POINT('',#6898);
#1766=VERTEX_POINT('',#6900);
#1767=VERTEX_POINT('',#6904);
#1768=VERTEX_POINT('',#6906);
#1769=VERTEX_POINT('',#6913);
#1770=VERTEX_POINT('',#6914);
#1771=VERTEX_POINT('',#6916);
#1772=VERTEX_POINT('',#6918);
#1773=VERTEX_POINT('',#6922);
#1774=VERTEX_POINT('',#6923);
#1775=VERTEX_POINT('',#6925);
#1776=VERTEX_POINT('',#6927);
#1777=VERTEX_POINT('',#6931);
#1778=VERTEX_POINT('',#6932);
#1779=VERTEX_POINT('',#6934);
#1780=VERTEX_POINT('',#6936);
#1781=VERTEX_POINT('',#6940);
#1782=VERTEX_POINT('',#6941);
#1783=VERTEX_POINT('',#6943);
#1784=VERTEX_POINT('',#6945);
#1785=VERTEX_POINT('',#6950);
#1786=VERTEX_POINT('',#6954);
#1787=VERTEX_POINT('',#6958);
#1788=VERTEX_POINT('',#6964);
#1789=VERTEX_POINT('',#6967);
#1790=VERTEX_POINT('',#6975);
#1791=EDGE_CURVE('',#1405,#1406,#985,.T.);
#1792=EDGE_CURVE('',#1405,#1407,#661,.T.);
#1793=EDGE_CURVE('',#1407,#1408,#619,.T.);
#1794=EDGE_CURVE('',#1406,#1408,#662,.T.);
#1795=EDGE_CURVE('',#1409,#1410,#986,.T.);
#1796=EDGE_CURVE('',#1409,#1411,#663,.T.);
#1797=EDGE_CURVE('',#1411,#1412,#207,.T.);
#1798=EDGE_CURVE('',#1412,#1413,#664,.T.);
#1799=EDGE_CURVE('',#1413,#1414,#208,.T.);
#1800=EDGE_CURVE('',#1414,#1415,#665,.T.);
#1801=EDGE_CURVE('',#1415,#1416,#620,.T.);
#1802=EDGE_CURVE('',#1417,#1416,#666,.T.);
#1803=EDGE_CURVE('',#1418,#1417,#987,.T.);
#1804=EDGE_CURVE('',#1419,#1418,#667,.T.);
#1805=EDGE_CURVE('',#1420,#1419,#988,.T.);
#1806=EDGE_CURVE('',#1410,#1420,#668,.T.);
#1807=EDGE_CURVE('',#1421,#1422,#989,.T.);
#1808=EDGE_CURVE('',#1421,#1423,#669,.T.);
#1809=EDGE_CURVE('',#1423,#1424,#621,.T.);
#1810=EDGE_CURVE('',#1422,#1424,#670,.T.);
#1811=EDGE_CURVE('',#1425,#1426,#990,.T.);
#1812=EDGE_CURVE('',#1425,#1427,#671,.T.);
#1813=EDGE_CURVE('',#1427,#1428,#991,.T.);
#1814=EDGE_CURVE('',#1428,#1429,#672,.T.);
#1815=EDGE_CURVE('',#1429,#1430,#992,.T.);
#1816=EDGE_CURVE('',#1430,#1431,#673,.T.);
#1817=EDGE_CURVE('',#1431,#1432,#622,.T.);
#1818=EDGE_CURVE('',#1426,#1432,#674,.T.);
#1819=EDGE_CURVE('',#1433,#1434,#197,.T.);
#1820=EDGE_CURVE('',#1434,#1435,#993,.T.);
#1821=EDGE_CURVE('',#1435,#1435,#675,.T.);
#1822=EDGE_CURVE('',#1434,#1436,#198,.T.);
#1823=EDGE_CURVE('',#1436,#1437,#676,.T.);
#1824=EDGE_CURVE('',#1437,#1438,#199,.T.);
#1825=EDGE_CURVE('',#1438,#1433,#677,.T.);
#1826=EDGE_CURVE('',#1437,#1439,#678,.T.);
#1827=EDGE_CURVE('',#1440,#1439,#994,.T.);
#1828=EDGE_CURVE('',#1440,#1441,#679,.T.);
#1829=EDGE_CURVE('',#1438,#1441,#995,.T.);
#1830=EDGE_CURVE('',#1442,#1436,#680,.T.);
#1831=EDGE_CURVE('',#1442,#1443,#996,.T.);
#1832=EDGE_CURVE('',#1443,#1426,#681,.T.);
#1833=EDGE_CURVE('',#1432,#1444,#997,.T.);
#1834=EDGE_CURVE('',#1445,#1444,#682,.T.);
#1835=EDGE_CURVE('',#1446,#1445,#683,.T.);
#1836=EDGE_CURVE('',#1447,#1446,#684,.T.);
#1837=EDGE_CURVE('',#1448,#1447,#685,.T.);
#1838=EDGE_CURVE('',#1449,#1448,#686,.T.);
#1839=EDGE_CURVE('',#1450,#1449,#687,.T.);
#1840=EDGE_CURVE('',#1439,#1450,#688,.T.);
#1841=EDGE_CURVE('',#1435,#1451,#998,.T.);
#1842=EDGE_CURVE('',#1451,#1451,#623,.T.);
#1843=EDGE_CURVE('',#1452,#1449,#200,.T.);
#1844=EDGE_CURVE('',#1448,#1453,#999,.T.);
#1845=EDGE_CURVE('',#1453,#1453,#689,.T.);
#1846=EDGE_CURVE('',#1447,#1454,#201,.T.);
#1847=EDGE_CURVE('',#1454,#1452,#690,.T.);
#1848=EDGE_CURVE('',#1452,#1455,#1000,.T.);
#1849=EDGE_CURVE('',#1455,#1456,#691,.T.);
#1850=EDGE_CURVE('',#1450,#1456,#1001,.T.);
#1851=EDGE_CURVE('',#1453,#1457,#1002,.T.);
#1852=EDGE_CURVE('',#1458,#1457,#1003,.T.);
#1853=EDGE_CURVE('',#1458,#1459,#1004,.T.);
#1854=EDGE_CURVE('',#1459,#1459,#692,.T.);
#1855=EDGE_CURVE('',#1458,#1460,#693,.T.);
#1856=EDGE_CURVE('',#1460,#1461,#1005,.T.);
#1857=EDGE_CURVE('',#1461,#1457,#694,.T.);
#1858=EDGE_CURVE('',#1462,#1462,#695,.T.);
#1859=EDGE_CURVE('',#1462,#1463,#1006,.T.);
#1860=EDGE_CURVE('',#1463,#1464,#202,.T.);
#1861=EDGE_CURVE('',#1464,#1465,#696,.T.);
#1862=EDGE_CURVE('',#1465,#1466,#203,.T.);
#1863=EDGE_CURVE('',#1466,#1467,#697,.T.);
#1864=EDGE_CURVE('',#1467,#1463,#204,.T.);
#1865=EDGE_CURVE('',#1468,#1466,#698,.T.);
#1866=EDGE_CURVE('',#1468,#1407,#1007,.T.);
#1867=EDGE_CURVE('',#1469,#1405,#699,.T.);
#1868=EDGE_CURVE('',#1469,#1470,#1008,.T.);
#1869=EDGE_CURVE('',#1471,#1470,#700,.T.);
#1870=EDGE_CURVE('',#1472,#1471,#701,.T.);
#1871=EDGE_CURVE('',#1473,#1472,#702,.T.);
#1872=EDGE_CURVE('',#1474,#1473,#703,.T.);
#1873=EDGE_CURVE('',#1475,#1474,#704,.T.);
#1874=EDGE_CURVE('',#1476,#1475,#705,.T.);
#1875=EDGE_CURVE('',#1477,#1476,#706,.T.);
#1876=EDGE_CURVE('',#1467,#1477,#707,.T.);
#1877=EDGE_CURVE('',#1478,#1465,#1009,.T.);
#1878=EDGE_CURVE('',#1478,#1479,#708,.T.);
#1879=EDGE_CURVE('',#1480,#1479,#1010,.T.);
#1880=EDGE_CURVE('',#1480,#1468,#624,.T.);
#1881=EDGE_CURVE('',#1481,#1481,#625,.T.);
#1882=EDGE_CURVE('',#1481,#1462,#1011,.T.);
#1883=EDGE_CURVE('',#1482,#1475,#205,.T.);
#1884=EDGE_CURVE('',#1474,#1459,#1012,.T.);
#1885=EDGE_CURVE('',#1473,#1483,#206,.T.);
#1886=EDGE_CURVE('',#1483,#1482,#709,.T.);
#1887=EDGE_CURVE('',#1484,#1483,#1013,.T.);
#1888=EDGE_CURVE('',#1484,#1485,#710,.T.);
#1889=EDGE_CURVE('',#1485,#1482,#1014,.T.);
#1890=EDGE_CURVE('',#1486,#1472,#1015,.T.);
#1891=EDGE_CURVE('',#1486,#1484,#711,.T.);
#1892=EDGE_CURVE('',#1487,#1488,#626,.T.);
#1893=EDGE_CURVE('',#1489,#1487,#1016,.T.);
#1894=EDGE_CURVE('',#1490,#1489,#627,.T.);
#1895=EDGE_CURVE('',#1443,#1490,#628,.T.);
#1896=EDGE_CURVE('',#1491,#1442,#629,.T.);
#1897=EDGE_CURVE('',#1488,#1491,#630,.T.);
#1898=EDGE_CURVE('',#1492,#1493,#631,.T.);
#1899=EDGE_CURVE('',#1494,#1492,#1017,.T.);
#1900=EDGE_CURVE('',#1408,#1494,#632,.T.);
#1901=EDGE_CURVE('',#1493,#1480,#633,.T.);
#1902=EDGE_CURVE('',#1495,#1496,#634,.T.);
#1903=EDGE_CURVE('',#1497,#1495,#1018,.T.);
#1904=EDGE_CURVE('',#1416,#1497,#635,.T.);
#1905=EDGE_CURVE('',#1424,#1415,#636,.T.);
#1906=EDGE_CURVE('',#1494,#1423,#637,.T.);
#1907=EDGE_CURVE('',#1498,#1492,#638,.T.);
#1908=EDGE_CURVE('',#1499,#1498,#639,.T.);
#1909=EDGE_CURVE('',#1500,#1499,#640,.T.);
#1910=EDGE_CURVE('',#1496,#1500,#641,.T.);
#1911=EDGE_CURVE('',#1501,#1495,#642,.T.);
#1912=EDGE_CURVE('',#1502,#1501,#643,.T.);
#1913=EDGE_CURVE('',#1444,#1502,#644,.T.);
#1914=EDGE_CURVE('',#1497,#1431,#645,.T.);
#1915=EDGE_CURVE('',#1503,#1487,#646,.T.);
#1916=EDGE_CURVE('',#1504,#1503,#647,.T.);
#1917=EDGE_CURVE('',#1505,#1504,#648,.T.);
#1918=EDGE_CURVE('',#1506,#1505,#649,.T.);
#1919=EDGE_CURVE('',#1507,#1506,#650,.T.);
#1920=EDGE_CURVE('',#1508,#1507,#1019,.T.);
#1921=EDGE_CURVE('',#1509,#1508,#651,.T.);
#1922=EDGE_CURVE('',#1510,#1509,#652,.T.);
#1923=EDGE_CURVE('',#1511,#1510,#653,.T.);
#1924=EDGE_CURVE('',#1512,#1511,#654,.T.);
#1925=EDGE_CURVE('',#1489,#1512,#655,.T.);
#1926=EDGE_CURVE('',#1513,#1507,#656,.T.);
#1927=EDGE_CURVE('',#1514,#1513,#657,.T.);
#1928=EDGE_CURVE('',#1470,#1514,#658,.T.);
#1929=EDGE_CURVE('',#1515,#1469,#659,.T.);
#1930=EDGE_CURVE('',#1508,#1515,#660,.T.);
#1931=EDGE_CURVE('',#1516,#1488,#712,.T.);
#1932=EDGE_CURVE('',#1503,#1516,#1020,.T.);
#1933=EDGE_CURVE('',#1517,#1496,#1021,.T.);
#1934=EDGE_CURVE('',#1518,#1517,#713,.T.);
#1935=EDGE_CURVE('',#1519,#1518,#1022,.T.);
#1936=EDGE_CURVE('',#1501,#1519,#714,.T.);
#1937=EDGE_CURVE('',#1491,#1516,#1023,.T.);
#1938=EDGE_CURVE('',#1433,#1520,#1024,.T.);
#1939=EDGE_CURVE('',#1520,#1516,#715,.T.);
#1940=EDGE_CURVE('',#1504,#1520,#1025,.T.);
#1941=EDGE_CURVE('',#1521,#1500,#1026,.T.);
#1942=EDGE_CURVE('',#1517,#1521,#716,.T.);
#1943=EDGE_CURVE('',#1490,#1425,#717,.T.);
#1944=EDGE_CURVE('',#1441,#1520,#718,.T.);
#1945=EDGE_CURVE('',#1505,#1441,#1027,.T.);
#1946=EDGE_CURVE('',#1478,#1499,#1028,.T.);
#1947=EDGE_CURVE('',#1521,#1478,#719,.T.);
#1948=EDGE_CURVE('',#1512,#1410,#720,.T.);
#1949=EDGE_CURVE('',#1420,#1427,#1029,.T.);
#1950=EDGE_CURVE('',#1506,#1440,#1030,.T.);
#1951=EDGE_CURVE('',#1479,#1498,#1031,.T.);
#1952=EDGE_CURVE('',#1456,#1440,#721,.T.);
#1953=EDGE_CURVE('',#1456,#1486,#1032,.T.);
#1954=EDGE_CURVE('',#1513,#1486,#722,.T.);
#1955=EDGE_CURVE('',#1479,#1493,#723,.T.);
#1956=EDGE_CURVE('',#1510,#1522,#724,.T.);
#1957=EDGE_CURVE('',#1522,#1411,#1033,.T.);
#1958=EDGE_CURVE('',#1511,#1409,#725,.T.);
#1959=EDGE_CURVE('',#1471,#1514,#1034,.T.);
#1960=EDGE_CURVE('',#1515,#1523,#726,.T.);
#1961=EDGE_CURVE('',#1523,#1524,#1035,.T.);
#1962=EDGE_CURVE('',#1509,#1524,#727,.T.);
#1963=EDGE_CURVE('',#1454,#1525,#1036,.T.);
#1964=EDGE_CURVE('',#1525,#1455,#728,.T.);
#1965=EDGE_CURVE('',#1446,#1519,#1037,.T.);
#1966=EDGE_CURVE('',#1519,#1525,#729,.T.);
#1967=EDGE_CURVE('',#1445,#1502,#1038,.T.);
#1968=EDGE_CURVE('',#1485,#1518,#730,.T.);
#1969=EDGE_CURVE('',#1518,#1476,#1039,.T.);
#1970=EDGE_CURVE('',#1517,#1477,#1040,.T.);
#1971=EDGE_CURVE('',#1521,#1464,#1041,.T.);
#1972=EDGE_CURVE('',#1525,#1485,#1042,.T.);
#1973=EDGE_CURVE('',#1455,#1484,#1043,.T.);
#1974=EDGE_CURVE('',#1413,#1461,#1044,.T.);
#1975=EDGE_CURVE('',#1460,#1526,#1045,.T.);
#1976=EDGE_CURVE('',#1527,#1526,#209,.T.);
#1977=EDGE_CURVE('',#1414,#1527,#1046,.T.);
#1978=EDGE_CURVE('',#1526,#1528,#731,.T.);
#1979=EDGE_CURVE('',#1528,#1458,#1047,.T.);
#1980=EDGE_CURVE('',#1457,#1412,#1048,.T.);
#1981=EDGE_CURVE('',#1528,#1522,#210,.T.);
#1982=EDGE_CURVE('',#1527,#1422,#732,.T.);
#1983=EDGE_CURVE('',#1529,#1524,#1049,.T.);
#1984=EDGE_CURVE('',#1530,#1529,#733,.T.);
#1985=EDGE_CURVE('',#1531,#1530,#1050,.T.);
#1986=EDGE_CURVE('',#1531,#1421,#734,.T.);
#1987=EDGE_CURVE('',#1419,#1428,#1051,.T.);
#1988=EDGE_CURVE('',#1429,#1418,#1052,.T.);
#1989=EDGE_CURVE('',#1430,#1417,#1053,.T.);
#1990=EDGE_CURVE('',#1532,#1529,#1054,.T.);
#1991=EDGE_CURVE('',#1532,#1523,#1055,.T.);
#1992=EDGE_CURVE('',#1533,#1532,#735,.T.);
#1993=EDGE_CURVE('',#1530,#1533,#1056,.T.);
#1994=EDGE_CURVE('',#1534,#1533,#1057,.T.);
#1995=EDGE_CURVE('',#1531,#1534,#1058,.T.);
#1996=EDGE_CURVE('',#1534,#1406,#736,.T.);
#1997=EDGE_CURVE('',#1535,#1536,#737,.T.);
#1998=EDGE_CURVE('',#1535,#1537,#1059,.T.);
#1999=EDGE_CURVE('',#1538,#1537,#738,.T.);
#2000=EDGE_CURVE('',#1536,#1538,#1060,.T.);
#2001=EDGE_CURVE('',#1539,#1540,#739,.T.);
#2002=EDGE_CURVE('',#1541,#1540,#1061,.T.);
#2003=EDGE_CURVE('',#1542,#1541,#740,.T.);
#2004=EDGE_CURVE('',#1539,#1542,#1062,.T.);
#2005=EDGE_CURVE('',#1539,#1543,#741,.T.);
#2006=EDGE_CURVE('',#1544,#1542,#742,.T.);
#2007=EDGE_CURVE('',#1543,#1544,#1063,.T.);
#2008=EDGE_CURVE('',#1545,#1543,#743,.T.);
#2009=EDGE_CURVE('',#1546,#1544,#744,.T.);
#2010=EDGE_CURVE('',#1545,#1546,#1064,.T.);
#2011=EDGE_CURVE('',#1545,#1547,#745,.T.);
#2012=EDGE_CURVE('',#1548,#1546,#746,.T.);
#2013=EDGE_CURVE('',#1547,#1548,#1065,.T.);
#2014=EDGE_CURVE('',#1549,#1547,#747,.T.);
#2015=EDGE_CURVE('',#1550,#1548,#748,.T.);
#2016=EDGE_CURVE('',#1549,#1550,#1066,.T.);
#2017=EDGE_CURVE('',#1549,#1551,#749,.T.);
#2018=EDGE_CURVE('',#1552,#1550,#750,.T.);
#2019=EDGE_CURVE('',#1551,#1552,#1067,.T.);
#2020=EDGE_CURVE('',#1553,#1551,#751,.T.);
#2021=EDGE_CURVE('',#1554,#1552,#752,.T.);
#2022=EDGE_CURVE('',#1553,#1554,#1068,.T.);
#2023=EDGE_CURVE('',#1555,#1553,#753,.T.);
#2024=EDGE_CURVE('',#1556,#1554,#754,.T.);
#2025=EDGE_CURVE('',#1555,#1556,#1069,.T.);
#2026=EDGE_CURVE('',#1557,#1555,#755,.T.);
#2027=EDGE_CURVE('',#1558,#1556,#756,.T.);
#2028=EDGE_CURVE('',#1557,#1558,#1070,.T.);
#2029=EDGE_CURVE('',#1557,#1559,#757,.T.);
#2030=EDGE_CURVE('',#1560,#1558,#758,.T.);
#2031=EDGE_CURVE('',#1559,#1560,#1071,.T.);
#2032=EDGE_CURVE('',#1535,#1559,#759,.T.);
#2033=EDGE_CURVE('',#1537,#1560,#760,.T.);
#2034=EDGE_CURVE('',#1561,#1562,#761,.T.);
#2035=EDGE_CURVE('',#1561,#1563,#1072,.T.);
#2036=EDGE_CURVE('',#1564,#1563,#762,.T.);
#2037=EDGE_CURVE('',#1562,#1564,#1073,.T.);
#2038=EDGE_CURVE('',#1565,#1566,#763,.T.);
#2039=EDGE_CURVE('',#1567,#1566,#1074,.T.);
#2040=EDGE_CURVE('',#1568,#1567,#764,.T.);
#2041=EDGE_CURVE('',#1565,#1568,#1075,.T.);
#2042=EDGE_CURVE('',#1565,#1569,#765,.T.);
#2043=EDGE_CURVE('',#1570,#1568,#766,.T.);
#2044=EDGE_CURVE('',#1569,#1570,#1076,.T.);
#2045=EDGE_CURVE('',#1571,#1569,#767,.T.);
#2046=EDGE_CURVE('',#1572,#1570,#768,.T.);
#2047=EDGE_CURVE('',#1571,#1572,#1077,.T.);
#2048=EDGE_CURVE('',#1571,#1573,#769,.T.);
#2049=EDGE_CURVE('',#1574,#1572,#770,.T.);
#2050=EDGE_CURVE('',#1573,#1574,#1078,.T.);
#2051=EDGE_CURVE('',#1575,#1573,#771,.T.);
#2052=EDGE_CURVE('',#1576,#1574,#772,.T.);
#2053=EDGE_CURVE('',#1575,#1576,#1079,.T.);
#2054=EDGE_CURVE('',#1575,#1577,#773,.T.);
#2055=EDGE_CURVE('',#1578,#1576,#774,.T.);
#2056=EDGE_CURVE('',#1577,#1578,#1080,.T.);
#2057=EDGE_CURVE('',#1579,#1577,#775,.T.);
#2058=EDGE_CURVE('',#1580,#1578,#776,.T.);
#2059=EDGE_CURVE('',#1579,#1580,#1081,.T.);
#2060=EDGE_CURVE('',#1581,#1579,#777,.T.);
#2061=EDGE_CURVE('',#1582,#1580,#778,.T.);
#2062=EDGE_CURVE('',#1581,#1582,#1082,.T.);
#2063=EDGE_CURVE('',#1583,#1581,#779,.T.);
#2064=EDGE_CURVE('',#1584,#1582,#780,.T.);
#2065=EDGE_CURVE('',#1583,#1584,#1083,.T.);
#2066=EDGE_CURVE('',#1583,#1585,#781,.T.);
#2067=EDGE_CURVE('',#1586,#1584,#782,.T.);
#2068=EDGE_CURVE('',#1585,#1586,#1084,.T.);
#2069=EDGE_CURVE('',#1561,#1585,#783,.T.);
#2070=EDGE_CURVE('',#1563,#1586,#784,.T.);
#2071=EDGE_CURVE('',#1587,#1588,#785,.T.);
#2072=EDGE_CURVE('',#1587,#1589,#1085,.T.);
#2073=EDGE_CURVE('',#1590,#1589,#786,.T.);
#2074=EDGE_CURVE('',#1588,#1590,#1086,.T.);
#2075=EDGE_CURVE('',#1591,#1592,#787,.T.);
#2076=EDGE_CURVE('',#1593,#1592,#1087,.T.);
#2077=EDGE_CURVE('',#1594,#1593,#788,.T.);
#2078=EDGE_CURVE('',#1591,#1594,#1088,.T.);
#2079=EDGE_CURVE('',#1591,#1595,#789,.T.);
#2080=EDGE_CURVE('',#1596,#1594,#790,.T.);
#2081=EDGE_CURVE('',#1595,#1596,#1089,.T.);
#2082=EDGE_CURVE('',#1597,#1595,#791,.T.);
#2083=EDGE_CURVE('',#1598,#1596,#792,.T.);
#2084=EDGE_CURVE('',#1597,#1598,#1090,.T.);
#2085=EDGE_CURVE('',#1597,#1599,#793,.T.);
#2086=EDGE_CURVE('',#1600,#1598,#794,.T.);
#2087=EDGE_CURVE('',#1599,#1600,#1091,.T.);
#2088=EDGE_CURVE('',#1601,#1599,#795,.T.);
#2089=EDGE_CURVE('',#1602,#1600,#796,.T.);
#2090=EDGE_CURVE('',#1601,#1602,#1092,.T.);
#2091=EDGE_CURVE('',#1601,#1603,#797,.T.);
#2092=EDGE_CURVE('',#1604,#1602,#798,.T.);
#2093=EDGE_CURVE('',#1603,#1604,#1093,.T.);
#2094=EDGE_CURVE('',#1605,#1603,#799,.T.);
#2095=EDGE_CURVE('',#1606,#1604,#800,.T.);
#2096=EDGE_CURVE('',#1605,#1606,#1094,.T.);
#2097=EDGE_CURVE('',#1607,#1605,#801,.T.);
#2098=EDGE_CURVE('',#1608,#1606,#802,.T.);
#2099=EDGE_CURVE('',#1607,#1608,#1095,.T.);
#2100=EDGE_CURVE('',#1609,#1607,#803,.T.);
#2101=EDGE_CURVE('',#1610,#1608,#804,.T.);
#2102=EDGE_CURVE('',#1609,#1610,#1096,.T.);
#2103=EDGE_CURVE('',#1609,#1611,#805,.T.);
#2104=EDGE_CURVE('',#1612,#1610,#806,.T.);
#2105=EDGE_CURVE('',#1611,#1612,#1097,.T.);
#2106=EDGE_CURVE('',#1587,#1611,#807,.T.);
#2107=EDGE_CURVE('',#1589,#1612,#808,.T.);
#2108=EDGE_CURVE('',#1613,#1614,#809,.T.);
#2109=EDGE_CURVE('',#1613,#1615,#1098,.T.);
#2110=EDGE_CURVE('',#1616,#1615,#810,.T.);
#2111=EDGE_CURVE('',#1614,#1616,#1099,.T.);
#2112=EDGE_CURVE('',#1617,#1618,#811,.T.);
#2113=EDGE_CURVE('',#1619,#1618,#1100,.T.);
#2114=EDGE_CURVE('',#1620,#1619,#812,.T.);
#2115=EDGE_CURVE('',#1617,#1620,#1101,.T.);
#2116=EDGE_CURVE('',#1617,#1621,#813,.T.);
#2117=EDGE_CURVE('',#1622,#1620,#814,.T.);
#2118=EDGE_CURVE('',#1621,#1622,#1102,.T.);
#2119=EDGE_CURVE('',#1623,#1621,#815,.T.);
#2120=EDGE_CURVE('',#1624,#1622,#816,.T.);
#2121=EDGE_CURVE('',#1623,#1624,#1103,.T.);
#2122=EDGE_CURVE('',#1623,#1625,#817,.T.);
#2123=EDGE_CURVE('',#1626,#1624,#818,.T.);
#2124=EDGE_CURVE('',#1625,#1626,#1104,.T.);
#2125=EDGE_CURVE('',#1627,#1625,#819,.T.);
#2126=EDGE_CURVE('',#1628,#1626,#820,.T.);
#2127=EDGE_CURVE('',#1627,#1628,#1105,.T.);
#2128=EDGE_CURVE('',#1627,#1629,#821,.T.);
#2129=EDGE_CURVE('',#1630,#1628,#822,.T.);
#2130=EDGE_CURVE('',#1629,#1630,#1106,.T.);
#2131=EDGE_CURVE('',#1631,#1629,#823,.T.);
#2132=EDGE_CURVE('',#1632,#1630,#824,.T.);
#2133=EDGE_CURVE('',#1631,#1632,#1107,.T.);
#2134=EDGE_CURVE('',#1633,#1631,#825,.T.);
#2135=EDGE_CURVE('',#1634,#1632,#826,.T.);
#2136=EDGE_CURVE('',#1633,#1634,#1108,.T.);
#2137=EDGE_CURVE('',#1635,#1633,#827,.T.);
#2138=EDGE_CURVE('',#1636,#1634,#828,.T.);
#2139=EDGE_CURVE('',#1635,#1636,#1109,.T.);
#2140=EDGE_CURVE('',#1635,#1637,#829,.T.);
#2141=EDGE_CURVE('',#1638,#1636,#830,.T.);
#2142=EDGE_CURVE('',#1637,#1638,#1110,.T.);
#2143=EDGE_CURVE('',#1613,#1637,#831,.T.);
#2144=EDGE_CURVE('',#1615,#1638,#832,.T.);
#2145=EDGE_CURVE('',#1639,#1640,#833,.T.);
#2146=EDGE_CURVE('',#1639,#1641,#1111,.T.);
#2147=EDGE_CURVE('',#1642,#1641,#834,.T.);
#2148=EDGE_CURVE('',#1640,#1642,#1112,.T.);
#2149=EDGE_CURVE('',#1643,#1644,#835,.T.);
#2150=EDGE_CURVE('',#1645,#1644,#1113,.T.);
#2151=EDGE_CURVE('',#1646,#1645,#836,.T.);
#2152=EDGE_CURVE('',#1643,#1646,#1114,.T.);
#2153=EDGE_CURVE('',#1643,#1647,#837,.T.);
#2154=EDGE_CURVE('',#1648,#1646,#838,.T.);
#2155=EDGE_CURVE('',#1647,#1648,#1115,.T.);
#2156=EDGE_CURVE('',#1649,#1647,#839,.T.);
#2157=EDGE_CURVE('',#1650,#1648,#840,.T.);
#2158=EDGE_CURVE('',#1649,#1650,#1116,.T.);
#2159=EDGE_CURVE('',#1649,#1651,#841,.T.);
#2160=EDGE_CURVE('',#1652,#1650,#842,.T.);
#2161=EDGE_CURVE('',#1651,#1652,#1117,.T.);
#2162=EDGE_CURVE('',#1653,#1651,#843,.T.);
#2163=EDGE_CURVE('',#1654,#1652,#844,.T.);
#2164=EDGE_CURVE('',#1653,#1654,#1118,.T.);
#2165=EDGE_CURVE('',#1653,#1655,#845,.T.);
#2166=EDGE_CURVE('',#1656,#1654,#846,.T.);
#2167=EDGE_CURVE('',#1655,#1656,#1119,.T.);
#2168=EDGE_CURVE('',#1657,#1655,#847,.T.);
#2169=EDGE_CURVE('',#1658,#1656,#848,.T.);
#2170=EDGE_CURVE('',#1657,#1658,#1120,.T.);
#2171=EDGE_CURVE('',#1659,#1657,#849,.T.);
#2172=EDGE_CURVE('',#1660,#1658,#850,.T.);
#2173=EDGE_CURVE('',#1659,#1660,#1121,.T.);
#2174=EDGE_CURVE('',#1661,#1659,#851,.T.);
#2175=EDGE_CURVE('',#1662,#1660,#852,.T.);
#2176=EDGE_CURVE('',#1661,#1662,#1122,.T.);
#2177=EDGE_CURVE('',#1661,#1663,#853,.T.);
#2178=EDGE_CURVE('',#1664,#1662,#854,.T.);
#2179=EDGE_CURVE('',#1663,#1664,#1123,.T.);
#2180=EDGE_CURVE('',#1639,#1663,#855,.T.);
#2181=EDGE_CURVE('',#1641,#1664,#856,.T.);
#2182=EDGE_CURVE('',#1665,#1666,#857,.T.);
#2183=EDGE_CURVE('',#1665,#1667,#1124,.T.);
#2184=EDGE_CURVE('',#1668,#1667,#858,.T.);
#2185=EDGE_CURVE('',#1666,#1668,#1125,.T.);
#2186=EDGE_CURVE('',#1669,#1670,#859,.T.);
#2187=EDGE_CURVE('',#1671,#1670,#1126,.T.);
#2188=EDGE_CURVE('',#1672,#1671,#860,.T.);
#2189=EDGE_CURVE('',#1669,#1672,#1127,.T.);
#2190=EDGE_CURVE('',#1669,#1673,#861,.T.);
#2191=EDGE_CURVE('',#1674,#1672,#862,.T.);
#2192=EDGE_CURVE('',#1673,#1674,#1128,.T.);
#2193=EDGE_CURVE('',#1675,#1673,#863,.T.);
#2194=EDGE_CURVE('',#1676,#1674,#864,.T.);
#2195=EDGE_CURVE('',#1675,#1676,#1129,.T.);
#2196=EDGE_CURVE('',#1675,#1677,#865,.T.);
#2197=EDGE_CURVE('',#1678,#1676,#866,.T.);
#2198=EDGE_CURVE('',#1677,#1678,#1130,.T.);
#2199=EDGE_CURVE('',#1679,#1677,#867,.T.);
#2200=EDGE_CURVE('',#1680,#1678,#868,.T.);
#2201=EDGE_CURVE('',#1679,#1680,#1131,.T.);
#2202=EDGE_CURVE('',#1679,#1681,#869,.T.);
#2203=EDGE_CURVE('',#1682,#1680,#870,.T.);
#2204=EDGE_CURVE('',#1681,#1682,#1132,.T.);
#2205=EDGE_CURVE('',#1683,#1681,#871,.T.);
#2206=EDGE_CURVE('',#1684,#1682,#872,.T.);
#2207=EDGE_CURVE('',#1683,#1684,#1133,.T.);
#2208=EDGE_CURVE('',#1685,#1683,#873,.T.);
#2209=EDGE_CURVE('',#1686,#1684,#874,.T.);
#2210=EDGE_CURVE('',#1685,#1686,#1134,.T.);
#2211=EDGE_CURVE('',#1687,#1685,#875,.T.);
#2212=EDGE_CURVE('',#1688,#1686,#876,.T.);
#2213=EDGE_CURVE('',#1687,#1688,#1135,.T.);
#2214=EDGE_CURVE('',#1687,#1689,#877,.T.);
#2215=EDGE_CURVE('',#1690,#1688,#878,.T.);
#2216=EDGE_CURVE('',#1689,#1690,#1136,.T.);
#2217=EDGE_CURVE('',#1665,#1689,#879,.T.);
#2218=EDGE_CURVE('',#1667,#1690,#880,.T.);
#2219=EDGE_CURVE('',#1691,#1692,#881,.T.);
#2220=EDGE_CURVE('',#1691,#1693,#1137,.T.);
#2221=EDGE_CURVE('',#1694,#1693,#882,.T.);
#2222=EDGE_CURVE('',#1692,#1694,#1138,.T.);
#2223=EDGE_CURVE('',#1695,#1696,#883,.T.);
#2224=EDGE_CURVE('',#1697,#1696,#1139,.T.);
#2225=EDGE_CURVE('',#1698,#1697,#884,.T.);
#2226=EDGE_CURVE('',#1695,#1698,#1140,.T.);
#2227=EDGE_CURVE('',#1695,#1699,#885,.T.);
#2228=EDGE_CURVE('',#1700,#1698,#886,.T.);
#2229=EDGE_CURVE('',#1699,#1700,#1141,.T.);
#2230=EDGE_CURVE('',#1701,#1699,#887,.T.);
#2231=EDGE_CURVE('',#1702,#1700,#888,.T.);
#2232=EDGE_CURVE('',#1701,#1702,#1142,.T.);
#2233=EDGE_CURVE('',#1701,#1703,#889,.T.);
#2234=EDGE_CURVE('',#1704,#1702,#890,.T.);
#2235=EDGE_CURVE('',#1703,#1704,#1143,.T.);
#2236=EDGE_CURVE('',#1705,#1703,#891,.T.);
#2237=EDGE_CURVE('',#1706,#1704,#892,.T.);
#2238=EDGE_CURVE('',#1705,#1706,#1144,.T.);
#2239=EDGE_CURVE('',#1705,#1707,#893,.T.);
#2240=EDGE_CURVE('',#1708,#1706,#894,.T.);
#2241=EDGE_CURVE('',#1707,#1708,#1145,.T.);
#2242=EDGE_CURVE('',#1709,#1707,#895,.T.);
#2243=EDGE_CURVE('',#1710,#1708,#896,.T.);
#2244=EDGE_CURVE('',#1709,#1710,#1146,.T.);
#2245=EDGE_CURVE('',#1711,#1709,#897,.T.);
#2246=EDGE_CURVE('',#1712,#1710,#898,.T.);
#2247=EDGE_CURVE('',#1711,#1712,#1147,.T.);
#2248=EDGE_CURVE('',#1713,#1711,#899,.T.);
#2249=EDGE_CURVE('',#1714,#1712,#900,.T.);
#2250=EDGE_CURVE('',#1713,#1714,#1148,.T.);
#2251=EDGE_CURVE('',#1713,#1715,#901,.T.);
#2252=EDGE_CURVE('',#1716,#1714,#902,.T.);
#2253=EDGE_CURVE('',#1715,#1716,#1149,.T.);
#2254=EDGE_CURVE('',#1691,#1715,#903,.T.);
#2255=EDGE_CURVE('',#1693,#1716,#904,.T.);
#2256=EDGE_CURVE('',#1717,#1718,#905,.T.);
#2257=EDGE_CURVE('',#1717,#1719,#1150,.T.);
#2258=EDGE_CURVE('',#1720,#1719,#906,.T.);
#2259=EDGE_CURVE('',#1718,#1720,#1151,.T.);
#2260=EDGE_CURVE('',#1721,#1722,#907,.T.);
#2261=EDGE_CURVE('',#1723,#1722,#1152,.T.);
#2262=EDGE_CURVE('',#1724,#1723,#908,.T.);
#2263=EDGE_CURVE('',#1721,#1724,#1153,.T.);
#2264=EDGE_CURVE('',#1721,#1725,#909,.T.);
#2265=EDGE_CURVE('',#1726,#1724,#910,.T.);
#2266=EDGE_CURVE('',#1725,#1726,#1154,.T.);
#2267=EDGE_CURVE('',#1727,#1725,#911,.T.);
#2268=EDGE_CURVE('',#1728,#1726,#912,.T.);
#2269=EDGE_CURVE('',#1727,#1728,#1155,.T.);
#2270=EDGE_CURVE('',#1727,#1729,#913,.T.);
#2271=EDGE_CURVE('',#1730,#1728,#914,.T.);
#2272=EDGE_CURVE('',#1729,#1730,#1156,.T.);
#2273=EDGE_CURVE('',#1731,#1729,#915,.T.);
#2274=EDGE_CURVE('',#1732,#1730,#916,.T.);
#2275=EDGE_CURVE('',#1731,#1732,#1157,.T.);
#2276=EDGE_CURVE('',#1731,#1733,#917,.T.);
#2277=EDGE_CURVE('',#1734,#1732,#918,.T.);
#2278=EDGE_CURVE('',#1733,#1734,#1158,.T.);
#2279=EDGE_CURVE('',#1735,#1733,#919,.T.);
#2280=EDGE_CURVE('',#1736,#1734,#920,.T.);
#2281=EDGE_CURVE('',#1735,#1736,#1159,.T.);
#2282=EDGE_CURVE('',#1737,#1735,#921,.T.);
#2283=EDGE_CURVE('',#1738,#1736,#922,.T.);
#2284=EDGE_CURVE('',#1737,#1738,#1160,.T.);
#2285=EDGE_CURVE('',#1739,#1737,#923,.T.);
#2286=EDGE_CURVE('',#1740,#1738,#924,.T.);
#2287=EDGE_CURVE('',#1739,#1740,#1161,.T.);
#2288=EDGE_CURVE('',#1739,#1741,#925,.T.);
#2289=EDGE_CURVE('',#1742,#1740,#926,.T.);
#2290=EDGE_CURVE('',#1741,#1742,#1162,.T.);
#2291=EDGE_CURVE('',#1717,#1741,#927,.T.);
#2292=EDGE_CURVE('',#1719,#1742,#928,.T.);
#2293=EDGE_CURVE('',#1743,#1722,#929,.T.);
#2294=EDGE_CURVE('',#1743,#1744,#1163,.T.);
#2295=EDGE_CURVE('',#1744,#1723,#930,.T.);
#2296=EDGE_CURVE('',#1718,#1696,#931,.T.);
#2297=EDGE_CURVE('',#1720,#1697,#932,.T.);
#2298=EDGE_CURVE('',#1692,#1670,#933,.T.);
#2299=EDGE_CURVE('',#1694,#1671,#934,.T.);
#2300=EDGE_CURVE('',#1666,#1644,#935,.T.);
#2301=EDGE_CURVE('',#1668,#1645,#936,.T.);
#2302=EDGE_CURVE('',#1640,#1618,#937,.T.);
#2303=EDGE_CURVE('',#1642,#1619,#938,.T.);
#2304=EDGE_CURVE('',#1614,#1592,#939,.T.);
#2305=EDGE_CURVE('',#1616,#1593,#940,.T.);
#2306=EDGE_CURVE('',#1588,#1566,#941,.T.);
#2307=EDGE_CURVE('',#1590,#1567,#942,.T.);
#2308=EDGE_CURVE('',#1538,#1745,#943,.T.);
#2309=EDGE_CURVE('',#1745,#1746,#1164,.T.);
#2310=EDGE_CURVE('',#1536,#1746,#944,.T.);
#2311=EDGE_CURVE('',#1562,#1540,#945,.T.);
#2312=EDGE_CURVE('',#1564,#1541,#946,.T.);
#2313=EDGE_CURVE('',#1747,#1743,#947,.T.);
#2314=EDGE_CURVE('',#1747,#1748,#1165,.T.);
#2315=EDGE_CURVE('',#1744,#1748,#948,.T.);
#2316=EDGE_CURVE('',#1749,#1746,#949,.T.);
#2317=EDGE_CURVE('',#1750,#1745,#950,.T.);
#2318=EDGE_CURVE('',#1749,#1750,#1166,.T.);
#2319=EDGE_CURVE('',#1749,#1751,#951,.T.);
#2320=EDGE_CURVE('',#1752,#1750,#952,.T.);
#2321=EDGE_CURVE('',#1751,#1752,#1167,.T.);
#2322=EDGE_CURVE('',#1753,#1751,#953,.T.);
#2323=EDGE_CURVE('',#1754,#1752,#954,.T.);
#2324=EDGE_CURVE('',#1753,#1754,#1168,.T.);
#2325=EDGE_CURVE('',#1753,#1755,#955,.T.);
#2326=EDGE_CURVE('',#1756,#1754,#956,.T.);
#2327=EDGE_CURVE('',#1755,#1756,#1169,.T.);
#2328=EDGE_CURVE('',#1757,#1755,#957,.T.);
#2329=EDGE_CURVE('',#1758,#1756,#958,.T.);
#2330=EDGE_CURVE('',#1757,#1758,#1170,.T.);
#2331=EDGE_CURVE('',#1757,#1759,#959,.T.);
#2332=EDGE_CURVE('',#1760,#1758,#960,.T.);
#2333=EDGE_CURVE('',#1759,#1760,#1171,.T.);
#2334=EDGE_CURVE('',#1761,#1759,#961,.T.);
#2335=EDGE_CURVE('',#1762,#1760,#962,.T.);
#2336=EDGE_CURVE('',#1761,#1762,#1172,.T.);
#2337=EDGE_CURVE('',#1763,#1761,#963,.T.);
#2338=EDGE_CURVE('',#1764,#1762,#964,.T.);
#2339=EDGE_CURVE('',#1763,#1764,#1173,.T.);
#2340=EDGE_CURVE('',#1765,#1763,#965,.T.);
#2341=EDGE_CURVE('',#1766,#1764,#966,.T.);
#2342=EDGE_CURVE('',#1765,#1766,#1174,.T.);
#2343=EDGE_CURVE('',#1765,#1767,#967,.T.);
#2344=EDGE_CURVE('',#1768,#1766,#968,.T.);
#2345=EDGE_CURVE('',#1767,#1768,#1175,.T.);
#2346=EDGE_CURVE('',#1747,#1767,#969,.T.);
#2347=EDGE_CURVE('',#1748,#1768,#970,.T.);
#2348=EDGE_CURVE('',#1769,#1770,#1176,.T.);
#2349=EDGE_CURVE('',#1771,#1769,#1177,.T.);
#2350=EDGE_CURVE('',#1772,#1771,#1178,.T.);
#2351=EDGE_CURVE('',#1770,#1772,#1179,.T.);
#2352=EDGE_CURVE('',#1773,#1774,#1180,.T.);
#2353=EDGE_CURVE('',#1775,#1773,#1181,.T.);
#2354=EDGE_CURVE('',#1776,#1775,#1182,.T.);
#2355=EDGE_CURVE('',#1774,#1776,#1183,.T.);
#2356=EDGE_CURVE('',#1777,#1778,#1184,.T.);
#2357=EDGE_CURVE('',#1779,#1777,#1185,.T.);
#2358=EDGE_CURVE('',#1780,#1779,#1186,.T.);
#2359=EDGE_CURVE('',#1778,#1780,#1187,.T.);
#2360=EDGE_CURVE('',#1781,#1782,#1188,.T.);
#2361=EDGE_CURVE('',#1783,#1781,#1189,.T.);
#2362=EDGE_CURVE('',#1784,#1783,#1190,.T.);
#2363=EDGE_CURVE('',#1782,#1784,#1191,.T.);
#2364=EDGE_CURVE('',#1775,#1772,#971,.T.);
#2365=EDGE_CURVE('',#1773,#1785,#972,.T.);
#2366=EDGE_CURVE('',#1785,#1770,#973,.T.);
#2367=EDGE_CURVE('',#1786,#1771,#974,.T.);
#2368=EDGE_CURVE('',#1776,#1786,#975,.T.);
#2369=EDGE_CURVE('',#1787,#1787,#976,.T.);
#2370=EDGE_CURVE('',#1787,#1786,#1192,.T.);
#2371=EDGE_CURVE('',#1769,#1774,#977,.T.);
#2372=EDGE_CURVE('',#1788,#1788,#978,.T.);
#2373=EDGE_CURVE('',#1789,#1777,#979,.T.);
#2374=EDGE_CURVE('',#1789,#1788,#1193,.T.);
#2375=EDGE_CURVE('',#1782,#1789,#980,.T.);
#2376=EDGE_CURVE('',#1784,#1779,#981,.T.);
#2377=EDGE_CURVE('',#1781,#1778,#982,.T.);
#2378=EDGE_CURVE('',#1790,#1780,#983,.T.);
#2379=EDGE_CURVE('',#1783,#1790,#984,.T.);
#2380=EDGE_CURVE('',#1785,#1790,#1194,.T.);
#2381=ORIENTED_EDGE('',*,*,#1791,.F.);
#2382=ORIENTED_EDGE('',*,*,#1792,.T.);
#2383=ORIENTED_EDGE('',*,*,#1793,.T.);
#2384=ORIENTED_EDGE('',*,*,#1794,.F.);
#2385=ORIENTED_EDGE('',*,*,#1795,.F.);
#2386=ORIENTED_EDGE('',*,*,#1796,.T.);
#2387=ORIENTED_EDGE('',*,*,#1797,.T.);
#2388=ORIENTED_EDGE('',*,*,#1798,.T.);
#2389=ORIENTED_EDGE('',*,*,#1799,.T.);
#2390=ORIENTED_EDGE('',*,*,#1800,.T.);
#2391=ORIENTED_EDGE('',*,*,#1801,.T.);
#2392=ORIENTED_EDGE('',*,*,#1802,.F.);
#2393=ORIENTED_EDGE('',*,*,#1803,.F.);
#2394=ORIENTED_EDGE('',*,*,#1804,.F.);
#2395=ORIENTED_EDGE('',*,*,#1805,.F.);
#2396=ORIENTED_EDGE('',*,*,#1806,.F.);
#2397=ORIENTED_EDGE('',*,*,#1807,.F.);
#2398=ORIENTED_EDGE('',*,*,#1808,.T.);
#2399=ORIENTED_EDGE('',*,*,#1809,.T.);
#2400=ORIENTED_EDGE('',*,*,#1810,.F.);
#2401=ORIENTED_EDGE('',*,*,#1811,.F.);
#2402=ORIENTED_EDGE('',*,*,#1812,.T.);
#2403=ORIENTED_EDGE('',*,*,#1813,.T.);
#2404=ORIENTED_EDGE('',*,*,#1814,.T.);
#2405=ORIENTED_EDGE('',*,*,#1815,.T.);
#2406=ORIENTED_EDGE('',*,*,#1816,.T.);
#2407=ORIENTED_EDGE('',*,*,#1817,.T.);
#2408=ORIENTED_EDGE('',*,*,#1818,.F.);
#2409=ORIENTED_EDGE('',*,*,#1819,.T.);
#2410=ORIENTED_EDGE('',*,*,#1820,.T.);
#2411=ORIENTED_EDGE('',*,*,#1821,.T.);
#2412=ORIENTED_EDGE('',*,*,#1820,.F.);
#2413=ORIENTED_EDGE('',*,*,#1822,.T.);
#2414=ORIENTED_EDGE('',*,*,#1823,.T.);
#2415=ORIENTED_EDGE('',*,*,#1824,.T.);
#2416=ORIENTED_EDGE('',*,*,#1825,.T.);
#2417=ORIENTED_EDGE('',*,*,#1824,.F.);
#2418=ORIENTED_EDGE('',*,*,#1826,.T.);
#2419=ORIENTED_EDGE('',*,*,#1827,.F.);
#2420=ORIENTED_EDGE('',*,*,#1828,.T.);
#2421=ORIENTED_EDGE('',*,*,#1829,.F.);
#2422=ORIENTED_EDGE('',*,*,#1823,.F.);
#2423=ORIENTED_EDGE('',*,*,#1830,.F.);
#2424=ORIENTED_EDGE('',*,*,#1831,.T.);
#2425=ORIENTED_EDGE('',*,*,#1832,.T.);
#2426=ORIENTED_EDGE('',*,*,#1818,.T.);
#2427=ORIENTED_EDGE('',*,*,#1833,.T.);
#2428=ORIENTED_EDGE('',*,*,#1834,.F.);
#2429=ORIENTED_EDGE('',*,*,#1835,.F.);
#2430=ORIENTED_EDGE('',*,*,#1836,.F.);
#2431=ORIENTED_EDGE('',*,*,#1837,.F.);
#2432=ORIENTED_EDGE('',*,*,#1838,.F.);
#2433=ORIENTED_EDGE('',*,*,#1839,.F.);
#2434=ORIENTED_EDGE('',*,*,#1840,.F.);
#2435=ORIENTED_EDGE('',*,*,#1826,.F.);
#2436=ORIENTED_EDGE('',*,*,#1821,.F.);
#2437=ORIENTED_EDGE('',*,*,#1841,.T.);
#2438=ORIENTED_EDGE('',*,*,#1842,.T.);
#2439=ORIENTED_EDGE('',*,*,#1841,.F.);
#2440=ORIENTED_EDGE('',*,*,#1843,.T.);
#2441=ORIENTED_EDGE('',*,*,#1838,.T.);
#2442=ORIENTED_EDGE('',*,*,#1844,.T.);
#2443=ORIENTED_EDGE('',*,*,#1845,.T.);
#2444=ORIENTED_EDGE('',*,*,#1844,.F.);
#2445=ORIENTED_EDGE('',*,*,#1837,.T.);
#2446=ORIENTED_EDGE('',*,*,#1846,.T.);
#2447=ORIENTED_EDGE('',*,*,#1847,.T.);
#2448=ORIENTED_EDGE('',*,*,#1843,.F.);
#2449=ORIENTED_EDGE('',*,*,#1848,.T.);
#2450=ORIENTED_EDGE('',*,*,#1849,.T.);
#2451=ORIENTED_EDGE('',*,*,#1850,.F.);
#2452=ORIENTED_EDGE('',*,*,#1839,.T.);
#2453=ORIENTED_EDGE('',*,*,#1845,.F.);
#2454=ORIENTED_EDGE('',*,*,#1851,.T.);
#2455=ORIENTED_EDGE('',*,*,#1852,.F.);
#2456=ORIENTED_EDGE('',*,*,#1853,.T.);
#2457=ORIENTED_EDGE('',*,*,#1854,.F.);
#2458=ORIENTED_EDGE('',*,*,#1853,.F.);
#2459=ORIENTED_EDGE('',*,*,#1855,.T.);
#2460=ORIENTED_EDGE('',*,*,#1856,.T.);
#2461=ORIENTED_EDGE('',*,*,#1857,.T.);
#2462=ORIENTED_EDGE('',*,*,#1851,.F.);
#2463=ORIENTED_EDGE('',*,*,#1858,.T.);
#2464=ORIENTED_EDGE('',*,*,#1859,.T.);
#2465=ORIENTED_EDGE('',*,*,#1860,.T.);
#2466=ORIENTED_EDGE('',*,*,#1861,.T.);
#2467=ORIENTED_EDGE('',*,*,#1862,.T.);
#2468=ORIENTED_EDGE('',*,*,#1863,.T.);
#2469=ORIENTED_EDGE('',*,*,#1864,.T.);
#2470=ORIENTED_EDGE('',*,*,#1859,.F.);
#2471=ORIENTED_EDGE('',*,*,#1863,.F.);
#2472=ORIENTED_EDGE('',*,*,#1865,.F.);
#2473=ORIENTED_EDGE('',*,*,#1866,.T.);
#2474=ORIENTED_EDGE('',*,*,#1792,.F.);
#2475=ORIENTED_EDGE('',*,*,#1867,.F.);
#2476=ORIENTED_EDGE('',*,*,#1868,.T.);
#2477=ORIENTED_EDGE('',*,*,#1869,.F.);
#2478=ORIENTED_EDGE('',*,*,#1870,.F.);
#2479=ORIENTED_EDGE('',*,*,#1871,.F.);
#2480=ORIENTED_EDGE('',*,*,#1872,.F.);
#2481=ORIENTED_EDGE('',*,*,#1873,.F.);
#2482=ORIENTED_EDGE('',*,*,#1874,.F.);
#2483=ORIENTED_EDGE('',*,*,#1875,.F.);
#2484=ORIENTED_EDGE('',*,*,#1876,.F.);
#2485=ORIENTED_EDGE('',*,*,#1862,.F.);
#2486=ORIENTED_EDGE('',*,*,#1877,.F.);
#2487=ORIENTED_EDGE('',*,*,#1878,.T.);
#2488=ORIENTED_EDGE('',*,*,#1879,.F.);
#2489=ORIENTED_EDGE('',*,*,#1880,.T.);
#2490=ORIENTED_EDGE('',*,*,#1865,.T.);
#2491=ORIENTED_EDGE('',*,*,#1881,.T.);
#2492=ORIENTED_EDGE('',*,*,#1882,.T.);
#2493=ORIENTED_EDGE('',*,*,#1858,.F.);
#2494=ORIENTED_EDGE('',*,*,#1882,.F.);
#2495=ORIENTED_EDGE('',*,*,#1883,.T.);
#2496=ORIENTED_EDGE('',*,*,#1873,.T.);
#2497=ORIENTED_EDGE('',*,*,#1884,.T.);
#2498=ORIENTED_EDGE('',*,*,#1854,.T.);
#2499=ORIENTED_EDGE('',*,*,#1884,.F.);
#2500=ORIENTED_EDGE('',*,*,#1872,.T.);
#2501=ORIENTED_EDGE('',*,*,#1885,.T.);
#2502=ORIENTED_EDGE('',*,*,#1886,.T.);
#2503=ORIENTED_EDGE('',*,*,#1886,.F.);
#2504=ORIENTED_EDGE('',*,*,#1887,.F.);
#2505=ORIENTED_EDGE('',*,*,#1888,.T.);
#2506=ORIENTED_EDGE('',*,*,#1889,.T.);
#2507=ORIENTED_EDGE('',*,*,#1885,.F.);
#2508=ORIENTED_EDGE('',*,*,#1871,.T.);
#2509=ORIENTED_EDGE('',*,*,#1890,.F.);
#2510=ORIENTED_EDGE('',*,*,#1891,.T.);
#2511=ORIENTED_EDGE('',*,*,#1887,.T.);
#2512=ORIENTED_EDGE('',*,*,#1892,.F.);
#2513=ORIENTED_EDGE('',*,*,#1893,.F.);
#2514=ORIENTED_EDGE('',*,*,#1894,.F.);
#2515=ORIENTED_EDGE('',*,*,#1895,.F.);
#2516=ORIENTED_EDGE('',*,*,#1831,.F.);
#2517=ORIENTED_EDGE('',*,*,#1896,.F.);
#2518=ORIENTED_EDGE('',*,*,#1897,.F.);
#2519=ORIENTED_EDGE('',*,*,#1898,.F.);
#2520=ORIENTED_EDGE('',*,*,#1899,.F.);
#2521=ORIENTED_EDGE('',*,*,#1900,.F.);
#2522=ORIENTED_EDGE('',*,*,#1793,.F.);
#2523=ORIENTED_EDGE('',*,*,#1866,.F.);
#2524=ORIENTED_EDGE('',*,*,#1880,.F.);
#2525=ORIENTED_EDGE('',*,*,#1901,.F.);
#2526=ORIENTED_EDGE('',*,*,#1902,.F.);
#2527=ORIENTED_EDGE('',*,*,#1903,.F.);
#2528=ORIENTED_EDGE('',*,*,#1904,.F.);
#2529=ORIENTED_EDGE('',*,*,#1801,.F.);
#2530=ORIENTED_EDGE('',*,*,#1905,.F.);
#2531=ORIENTED_EDGE('',*,*,#1809,.F.);
#2532=ORIENTED_EDGE('',*,*,#1906,.F.);
#2533=ORIENTED_EDGE('',*,*,#1899,.T.);
#2534=ORIENTED_EDGE('',*,*,#1907,.F.);
#2535=ORIENTED_EDGE('',*,*,#1908,.F.);
#2536=ORIENTED_EDGE('',*,*,#1909,.F.);
#2537=ORIENTED_EDGE('',*,*,#1910,.F.);
#2538=ORIENTED_EDGE('',*,*,#1881,.F.);
#2539=ORIENTED_EDGE('',*,*,#1911,.F.);
#2540=ORIENTED_EDGE('',*,*,#1912,.F.);
#2541=ORIENTED_EDGE('',*,*,#1913,.F.);
#2542=ORIENTED_EDGE('',*,*,#1833,.F.);
#2543=ORIENTED_EDGE('',*,*,#1817,.F.);
#2544=ORIENTED_EDGE('',*,*,#1914,.F.);
#2545=ORIENTED_EDGE('',*,*,#1903,.T.);
#2546=ORIENTED_EDGE('',*,*,#1915,.F.);
#2547=ORIENTED_EDGE('',*,*,#1916,.F.);
#2548=ORIENTED_EDGE('',*,*,#1917,.F.);
#2549=ORIENTED_EDGE('',*,*,#1918,.F.);
#2550=ORIENTED_EDGE('',*,*,#1919,.F.);
#2551=ORIENTED_EDGE('',*,*,#1920,.F.);
#2552=ORIENTED_EDGE('',*,*,#1921,.F.);
#2553=ORIENTED_EDGE('',*,*,#1922,.F.);
#2554=ORIENTED_EDGE('',*,*,#1923,.F.);
#2555=ORIENTED_EDGE('',*,*,#1924,.F.);
#2556=ORIENTED_EDGE('',*,*,#1925,.F.);
#2557=ORIENTED_EDGE('',*,*,#1893,.T.);
#2558=ORIENTED_EDGE('',*,*,#1842,.F.);
#2559=ORIENTED_EDGE('',*,*,#1926,.F.);
#2560=ORIENTED_EDGE('',*,*,#1927,.F.);
#2561=ORIENTED_EDGE('',*,*,#1928,.F.);
#2562=ORIENTED_EDGE('',*,*,#1868,.F.);
#2563=ORIENTED_EDGE('',*,*,#1929,.F.);
#2564=ORIENTED_EDGE('',*,*,#1930,.F.);
#2565=ORIENTED_EDGE('',*,*,#1920,.T.);
#2566=ORIENTED_EDGE('',*,*,#1892,.T.);
#2567=ORIENTED_EDGE('',*,*,#1931,.F.);
#2568=ORIENTED_EDGE('',*,*,#1932,.F.);
#2569=ORIENTED_EDGE('',*,*,#1915,.T.);
#2570=ORIENTED_EDGE('',*,*,#1911,.T.);
#2571=ORIENTED_EDGE('',*,*,#1902,.T.);
#2572=ORIENTED_EDGE('',*,*,#1933,.F.);
#2573=ORIENTED_EDGE('',*,*,#1934,.F.);
#2574=ORIENTED_EDGE('',*,*,#1935,.F.);
#2575=ORIENTED_EDGE('',*,*,#1936,.F.);
#2576=ORIENTED_EDGE('',*,*,#1897,.T.);
#2577=ORIENTED_EDGE('',*,*,#1937,.T.);
#2578=ORIENTED_EDGE('',*,*,#1931,.T.);
#2579=ORIENTED_EDGE('',*,*,#1819,.F.);
#2580=ORIENTED_EDGE('',*,*,#1938,.T.);
#2581=ORIENTED_EDGE('',*,*,#1939,.T.);
#2582=ORIENTED_EDGE('',*,*,#1937,.F.);
#2583=ORIENTED_EDGE('',*,*,#1896,.T.);
#2584=ORIENTED_EDGE('',*,*,#1830,.T.);
#2585=ORIENTED_EDGE('',*,*,#1822,.F.);
#2586=ORIENTED_EDGE('',*,*,#1916,.T.);
#2587=ORIENTED_EDGE('',*,*,#1932,.T.);
#2588=ORIENTED_EDGE('',*,*,#1939,.F.);
#2589=ORIENTED_EDGE('',*,*,#1940,.F.);
#2590=ORIENTED_EDGE('',*,*,#1910,.T.);
#2591=ORIENTED_EDGE('',*,*,#1941,.F.);
#2592=ORIENTED_EDGE('',*,*,#1942,.F.);
#2593=ORIENTED_EDGE('',*,*,#1933,.T.);
#2594=ORIENTED_EDGE('',*,*,#1811,.T.);
#2595=ORIENTED_EDGE('',*,*,#1832,.F.);
#2596=ORIENTED_EDGE('',*,*,#1895,.T.);
#2597=ORIENTED_EDGE('',*,*,#1943,.T.);
#2598=ORIENTED_EDGE('',*,*,#1917,.T.);
#2599=ORIENTED_EDGE('',*,*,#1940,.T.);
#2600=ORIENTED_EDGE('',*,*,#1944,.F.);
#2601=ORIENTED_EDGE('',*,*,#1945,.F.);
#2602=ORIENTED_EDGE('',*,*,#1909,.T.);
#2603=ORIENTED_EDGE('',*,*,#1946,.F.);
#2604=ORIENTED_EDGE('',*,*,#1947,.F.);
#2605=ORIENTED_EDGE('',*,*,#1941,.T.);
#2606=ORIENTED_EDGE('',*,*,#1894,.T.);
#2607=ORIENTED_EDGE('',*,*,#1925,.T.);
#2608=ORIENTED_EDGE('',*,*,#1948,.T.);
#2609=ORIENTED_EDGE('',*,*,#1806,.T.);
#2610=ORIENTED_EDGE('',*,*,#1949,.T.);
#2611=ORIENTED_EDGE('',*,*,#1812,.F.);
#2612=ORIENTED_EDGE('',*,*,#1943,.F.);
#2613=ORIENTED_EDGE('',*,*,#1918,.T.);
#2614=ORIENTED_EDGE('',*,*,#1945,.T.);
#2615=ORIENTED_EDGE('',*,*,#1828,.F.);
#2616=ORIENTED_EDGE('',*,*,#1950,.F.);
#2617=ORIENTED_EDGE('',*,*,#1908,.T.);
#2618=ORIENTED_EDGE('',*,*,#1951,.F.);
#2619=ORIENTED_EDGE('',*,*,#1878,.F.);
#2620=ORIENTED_EDGE('',*,*,#1946,.T.);
#2621=ORIENTED_EDGE('',*,*,#1919,.T.);
#2622=ORIENTED_EDGE('',*,*,#1950,.T.);
#2623=ORIENTED_EDGE('',*,*,#1952,.F.);
#2624=ORIENTED_EDGE('',*,*,#1953,.T.);
#2625=ORIENTED_EDGE('',*,*,#1954,.F.);
#2626=ORIENTED_EDGE('',*,*,#1926,.T.);
#2627=ORIENTED_EDGE('',*,*,#1907,.T.);
#2628=ORIENTED_EDGE('',*,*,#1898,.T.);
#2629=ORIENTED_EDGE('',*,*,#1955,.F.);
#2630=ORIENTED_EDGE('',*,*,#1951,.T.);
#2631=ORIENTED_EDGE('',*,*,#1923,.T.);
#2632=ORIENTED_EDGE('',*,*,#1956,.T.);
#2633=ORIENTED_EDGE('',*,*,#1957,.T.);
#2634=ORIENTED_EDGE('',*,*,#1796,.F.);
#2635=ORIENTED_EDGE('',*,*,#1958,.F.);
#2636=ORIENTED_EDGE('',*,*,#1927,.T.);
#2637=ORIENTED_EDGE('',*,*,#1954,.T.);
#2638=ORIENTED_EDGE('',*,*,#1890,.T.);
#2639=ORIENTED_EDGE('',*,*,#1870,.T.);
#2640=ORIENTED_EDGE('',*,*,#1959,.T.);
#2641=ORIENTED_EDGE('',*,*,#1901,.T.);
#2642=ORIENTED_EDGE('',*,*,#1879,.T.);
#2643=ORIENTED_EDGE('',*,*,#1955,.T.);
#2644=ORIENTED_EDGE('',*,*,#1928,.T.);
#2645=ORIENTED_EDGE('',*,*,#1959,.F.);
#2646=ORIENTED_EDGE('',*,*,#1869,.T.);
#2647=ORIENTED_EDGE('',*,*,#1921,.T.);
#2648=ORIENTED_EDGE('',*,*,#1930,.T.);
#2649=ORIENTED_EDGE('',*,*,#1960,.T.);
#2650=ORIENTED_EDGE('',*,*,#1961,.T.);
#2651=ORIENTED_EDGE('',*,*,#1962,.F.);
#2652=ORIENTED_EDGE('',*,*,#1850,.T.);
#2653=ORIENTED_EDGE('',*,*,#1952,.T.);
#2654=ORIENTED_EDGE('',*,*,#1827,.T.);
#2655=ORIENTED_EDGE('',*,*,#1840,.T.);
#2656=ORIENTED_EDGE('',*,*,#1847,.F.);
#2657=ORIENTED_EDGE('',*,*,#1963,.T.);
#2658=ORIENTED_EDGE('',*,*,#1964,.T.);
#2659=ORIENTED_EDGE('',*,*,#1848,.F.);
#2660=ORIENTED_EDGE('',*,*,#1846,.F.);
#2661=ORIENTED_EDGE('',*,*,#1836,.T.);
#2662=ORIENTED_EDGE('',*,*,#1965,.T.);
#2663=ORIENTED_EDGE('',*,*,#1966,.T.);
#2664=ORIENTED_EDGE('',*,*,#1963,.F.);
#2665=ORIENTED_EDGE('',*,*,#1912,.T.);
#2666=ORIENTED_EDGE('',*,*,#1936,.T.);
#2667=ORIENTED_EDGE('',*,*,#1965,.F.);
#2668=ORIENTED_EDGE('',*,*,#1835,.T.);
#2669=ORIENTED_EDGE('',*,*,#1967,.T.);
#2670=ORIENTED_EDGE('',*,*,#1913,.T.);
#2671=ORIENTED_EDGE('',*,*,#1967,.F.);
#2672=ORIENTED_EDGE('',*,*,#1834,.T.);
#2673=ORIENTED_EDGE('',*,*,#1825,.F.);
#2674=ORIENTED_EDGE('',*,*,#1829,.T.);
#2675=ORIENTED_EDGE('',*,*,#1944,.T.);
#2676=ORIENTED_EDGE('',*,*,#1938,.F.);
#2677=ORIENTED_EDGE('',*,*,#1883,.F.);
#2678=ORIENTED_EDGE('',*,*,#1889,.F.);
#2679=ORIENTED_EDGE('',*,*,#1968,.T.);
#2680=ORIENTED_EDGE('',*,*,#1969,.T.);
#2681=ORIENTED_EDGE('',*,*,#1874,.T.);
#2682=ORIENTED_EDGE('',*,*,#1970,.T.);
#2683=ORIENTED_EDGE('',*,*,#1875,.T.);
#2684=ORIENTED_EDGE('',*,*,#1969,.F.);
#2685=ORIENTED_EDGE('',*,*,#1934,.T.);
#2686=ORIENTED_EDGE('',*,*,#1864,.F.);
#2687=ORIENTED_EDGE('',*,*,#1876,.T.);
#2688=ORIENTED_EDGE('',*,*,#1970,.F.);
#2689=ORIENTED_EDGE('',*,*,#1942,.T.);
#2690=ORIENTED_EDGE('',*,*,#1971,.T.);
#2691=ORIENTED_EDGE('',*,*,#1860,.F.);
#2692=ORIENTED_EDGE('',*,*,#1861,.F.);
#2693=ORIENTED_EDGE('',*,*,#1971,.F.);
#2694=ORIENTED_EDGE('',*,*,#1947,.T.);
#2695=ORIENTED_EDGE('',*,*,#1877,.T.);
#2696=ORIENTED_EDGE('',*,*,#1966,.F.);
#2697=ORIENTED_EDGE('',*,*,#1935,.T.);
#2698=ORIENTED_EDGE('',*,*,#1968,.F.);
#2699=ORIENTED_EDGE('',*,*,#1972,.F.);
#2700=ORIENTED_EDGE('',*,*,#1964,.F.);
#2701=ORIENTED_EDGE('',*,*,#1972,.T.);
#2702=ORIENTED_EDGE('',*,*,#1888,.F.);
#2703=ORIENTED_EDGE('',*,*,#1973,.F.);
#2704=ORIENTED_EDGE('',*,*,#1849,.F.);
#2705=ORIENTED_EDGE('',*,*,#1973,.T.);
#2706=ORIENTED_EDGE('',*,*,#1891,.F.);
#2707=ORIENTED_EDGE('',*,*,#1953,.F.);
#2708=ORIENTED_EDGE('',*,*,#1799,.F.);
#2709=ORIENTED_EDGE('',*,*,#1974,.T.);
#2710=ORIENTED_EDGE('',*,*,#1856,.F.);
#2711=ORIENTED_EDGE('',*,*,#1975,.T.);
#2712=ORIENTED_EDGE('',*,*,#1976,.F.);
#2713=ORIENTED_EDGE('',*,*,#1977,.F.);
#2714=ORIENTED_EDGE('',*,*,#1978,.F.);
#2715=ORIENTED_EDGE('',*,*,#1975,.F.);
#2716=ORIENTED_EDGE('',*,*,#1855,.F.);
#2717=ORIENTED_EDGE('',*,*,#1979,.F.);
#2718=ORIENTED_EDGE('',*,*,#1798,.F.);
#2719=ORIENTED_EDGE('',*,*,#1980,.F.);
#2720=ORIENTED_EDGE('',*,*,#1857,.F.);
#2721=ORIENTED_EDGE('',*,*,#1974,.F.);
#2722=ORIENTED_EDGE('',*,*,#1797,.F.);
#2723=ORIENTED_EDGE('',*,*,#1957,.F.);
#2724=ORIENTED_EDGE('',*,*,#1981,.F.);
#2725=ORIENTED_EDGE('',*,*,#1979,.T.);
#2726=ORIENTED_EDGE('',*,*,#1852,.T.);
#2727=ORIENTED_EDGE('',*,*,#1980,.T.);
#2728=ORIENTED_EDGE('',*,*,#1807,.T.);
#2729=ORIENTED_EDGE('',*,*,#1982,.F.);
#2730=ORIENTED_EDGE('',*,*,#1976,.T.);
#2731=ORIENTED_EDGE('',*,*,#1978,.T.);
#2732=ORIENTED_EDGE('',*,*,#1981,.T.);
#2733=ORIENTED_EDGE('',*,*,#1956,.F.);
#2734=ORIENTED_EDGE('',*,*,#1922,.T.);
#2735=ORIENTED_EDGE('',*,*,#1962,.T.);
#2736=ORIENTED_EDGE('',*,*,#1983,.F.);
#2737=ORIENTED_EDGE('',*,*,#1984,.F.);
#2738=ORIENTED_EDGE('',*,*,#1985,.F.);
#2739=ORIENTED_EDGE('',*,*,#1986,.T.);
#2740=ORIENTED_EDGE('',*,*,#1905,.T.);
#2741=ORIENTED_EDGE('',*,*,#1800,.F.);
#2742=ORIENTED_EDGE('',*,*,#1977,.T.);
#2743=ORIENTED_EDGE('',*,*,#1982,.T.);
#2744=ORIENTED_EDGE('',*,*,#1810,.T.);
#2745=ORIENTED_EDGE('',*,*,#1795,.T.);
#2746=ORIENTED_EDGE('',*,*,#1948,.F.);
#2747=ORIENTED_EDGE('',*,*,#1924,.T.);
#2748=ORIENTED_EDGE('',*,*,#1958,.T.);
#2749=ORIENTED_EDGE('',*,*,#1949,.F.);
#2750=ORIENTED_EDGE('',*,*,#1805,.T.);
#2751=ORIENTED_EDGE('',*,*,#1987,.T.);
#2752=ORIENTED_EDGE('',*,*,#1813,.F.);
#2753=ORIENTED_EDGE('',*,*,#1804,.T.);
#2754=ORIENTED_EDGE('',*,*,#1988,.F.);
#2755=ORIENTED_EDGE('',*,*,#1814,.F.);
#2756=ORIENTED_EDGE('',*,*,#1987,.F.);
#2757=ORIENTED_EDGE('',*,*,#1989,.F.);
#2758=ORIENTED_EDGE('',*,*,#1815,.F.);
#2759=ORIENTED_EDGE('',*,*,#1988,.T.);
#2760=ORIENTED_EDGE('',*,*,#1803,.T.);
#2761=ORIENTED_EDGE('',*,*,#1990,.T.);
#2762=ORIENTED_EDGE('',*,*,#1983,.T.);
#2763=ORIENTED_EDGE('',*,*,#1961,.F.);
#2764=ORIENTED_EDGE('',*,*,#1991,.F.);
#2765=ORIENTED_EDGE('',*,*,#1992,.F.);
#2766=ORIENTED_EDGE('',*,*,#1993,.F.);
#2767=ORIENTED_EDGE('',*,*,#1984,.T.);
#2768=ORIENTED_EDGE('',*,*,#1990,.F.);
#2769=ORIENTED_EDGE('',*,*,#1993,.T.);
#2770=ORIENTED_EDGE('',*,*,#1994,.F.);
#2771=ORIENTED_EDGE('',*,*,#1995,.F.);
#2772=ORIENTED_EDGE('',*,*,#1985,.T.);
#2773=ORIENTED_EDGE('',*,*,#1791,.T.);
#2774=ORIENTED_EDGE('',*,*,#1996,.F.);
#2775=ORIENTED_EDGE('',*,*,#1994,.T.);
#2776=ORIENTED_EDGE('',*,*,#1992,.T.);
#2777=ORIENTED_EDGE('',*,*,#1991,.T.);
#2778=ORIENTED_EDGE('',*,*,#1960,.F.);
#2779=ORIENTED_EDGE('',*,*,#1929,.T.);
#2780=ORIENTED_EDGE('',*,*,#1867,.T.);
#2781=ORIENTED_EDGE('',*,*,#1906,.T.);
#2782=ORIENTED_EDGE('',*,*,#1808,.F.);
#2783=ORIENTED_EDGE('',*,*,#1986,.F.);
#2784=ORIENTED_EDGE('',*,*,#1995,.T.);
#2785=ORIENTED_EDGE('',*,*,#1996,.T.);
#2786=ORIENTED_EDGE('',*,*,#1794,.T.);
#2787=ORIENTED_EDGE('',*,*,#1900,.T.);
#2788=ORIENTED_EDGE('',*,*,#1914,.T.);
#2789=ORIENTED_EDGE('',*,*,#1816,.F.);
#2790=ORIENTED_EDGE('',*,*,#1989,.T.);
#2791=ORIENTED_EDGE('',*,*,#1802,.T.);
#2792=ORIENTED_EDGE('',*,*,#1904,.T.);
#2793=ORIENTED_EDGE('',*,*,#1997,.F.);
#2794=ORIENTED_EDGE('',*,*,#1998,.T.);
#2795=ORIENTED_EDGE('',*,*,#1999,.F.);
#2796=ORIENTED_EDGE('',*,*,#2000,.F.);
#2797=ORIENTED_EDGE('',*,*,#2001,.T.);
#2798=ORIENTED_EDGE('',*,*,#2002,.F.);
#2799=ORIENTED_EDGE('',*,*,#2003,.F.);
#2800=ORIENTED_EDGE('',*,*,#2004,.F.);
#2801=ORIENTED_EDGE('',*,*,#2005,.F.);
#2802=ORIENTED_EDGE('',*,*,#2004,.T.);
#2803=ORIENTED_EDGE('',*,*,#2006,.F.);
#2804=ORIENTED_EDGE('',*,*,#2007,.F.);
#2805=ORIENTED_EDGE('',*,*,#2008,.T.);
#2806=ORIENTED_EDGE('',*,*,#2007,.T.);
#2807=ORIENTED_EDGE('',*,*,#2009,.F.);
#2808=ORIENTED_EDGE('',*,*,#2010,.F.);
#2809=ORIENTED_EDGE('',*,*,#2011,.F.);
#2810=ORIENTED_EDGE('',*,*,#2010,.T.);
#2811=ORIENTED_EDGE('',*,*,#2012,.F.);
#2812=ORIENTED_EDGE('',*,*,#2013,.F.);
#2813=ORIENTED_EDGE('',*,*,#2014,.T.);
#2814=ORIENTED_EDGE('',*,*,#2013,.T.);
#2815=ORIENTED_EDGE('',*,*,#2015,.F.);
#2816=ORIENTED_EDGE('',*,*,#2016,.F.);
#2817=ORIENTED_EDGE('',*,*,#2017,.F.);
#2818=ORIENTED_EDGE('',*,*,#2016,.T.);
#2819=ORIENTED_EDGE('',*,*,#2018,.F.);
#2820=ORIENTED_EDGE('',*,*,#2019,.F.);
#2821=ORIENTED_EDGE('',*,*,#2020,.T.);
#2822=ORIENTED_EDGE('',*,*,#2019,.T.);
#2823=ORIENTED_EDGE('',*,*,#2021,.F.);
#2824=ORIENTED_EDGE('',*,*,#2022,.F.);
#2825=ORIENTED_EDGE('',*,*,#2023,.T.);
#2826=ORIENTED_EDGE('',*,*,#2022,.T.);
#2827=ORIENTED_EDGE('',*,*,#2024,.F.);
#2828=ORIENTED_EDGE('',*,*,#2025,.F.);
#2829=ORIENTED_EDGE('',*,*,#2026,.T.);
#2830=ORIENTED_EDGE('',*,*,#2025,.T.);
#2831=ORIENTED_EDGE('',*,*,#2027,.F.);
#2832=ORIENTED_EDGE('',*,*,#2028,.F.);
#2833=ORIENTED_EDGE('',*,*,#2029,.F.);
#2834=ORIENTED_EDGE('',*,*,#2028,.T.);
#2835=ORIENTED_EDGE('',*,*,#2030,.F.);
#2836=ORIENTED_EDGE('',*,*,#2031,.F.);
#2837=ORIENTED_EDGE('',*,*,#2032,.T.);
#2838=ORIENTED_EDGE('',*,*,#2031,.T.);
#2839=ORIENTED_EDGE('',*,*,#2033,.F.);
#2840=ORIENTED_EDGE('',*,*,#1998,.F.);
#2841=ORIENTED_EDGE('',*,*,#2034,.F.);
#2842=ORIENTED_EDGE('',*,*,#2035,.T.);
#2843=ORIENTED_EDGE('',*,*,#2036,.F.);
#2844=ORIENTED_EDGE('',*,*,#2037,.F.);
#2845=ORIENTED_EDGE('',*,*,#2038,.T.);
#2846=ORIENTED_EDGE('',*,*,#2039,.F.);
#2847=ORIENTED_EDGE('',*,*,#2040,.F.);
#2848=ORIENTED_EDGE('',*,*,#2041,.F.);
#2849=ORIENTED_EDGE('',*,*,#2042,.F.);
#2850=ORIENTED_EDGE('',*,*,#2041,.T.);
#2851=ORIENTED_EDGE('',*,*,#2043,.F.);
#2852=ORIENTED_EDGE('',*,*,#2044,.F.);
#2853=ORIENTED_EDGE('',*,*,#2045,.T.);
#2854=ORIENTED_EDGE('',*,*,#2044,.T.);
#2855=ORIENTED_EDGE('',*,*,#2046,.F.);
#2856=ORIENTED_EDGE('',*,*,#2047,.F.);
#2857=ORIENTED_EDGE('',*,*,#2048,.F.);
#2858=ORIENTED_EDGE('',*,*,#2047,.T.);
#2859=ORIENTED_EDGE('',*,*,#2049,.F.);
#2860=ORIENTED_EDGE('',*,*,#2050,.F.);
#2861=ORIENTED_EDGE('',*,*,#2051,.T.);
#2862=ORIENTED_EDGE('',*,*,#2050,.T.);
#2863=ORIENTED_EDGE('',*,*,#2052,.F.);
#2864=ORIENTED_EDGE('',*,*,#2053,.F.);
#2865=ORIENTED_EDGE('',*,*,#2054,.F.);
#2866=ORIENTED_EDGE('',*,*,#2053,.T.);
#2867=ORIENTED_EDGE('',*,*,#2055,.F.);
#2868=ORIENTED_EDGE('',*,*,#2056,.F.);
#2869=ORIENTED_EDGE('',*,*,#2057,.T.);
#2870=ORIENTED_EDGE('',*,*,#2056,.T.);
#2871=ORIENTED_EDGE('',*,*,#2058,.F.);
#2872=ORIENTED_EDGE('',*,*,#2059,.F.);
#2873=ORIENTED_EDGE('',*,*,#2060,.T.);
#2874=ORIENTED_EDGE('',*,*,#2059,.T.);
#2875=ORIENTED_EDGE('',*,*,#2061,.F.);
#2876=ORIENTED_EDGE('',*,*,#2062,.F.);
#2877=ORIENTED_EDGE('',*,*,#2063,.T.);
#2878=ORIENTED_EDGE('',*,*,#2062,.T.);
#2879=ORIENTED_EDGE('',*,*,#2064,.F.);
#2880=ORIENTED_EDGE('',*,*,#2065,.F.);
#2881=ORIENTED_EDGE('',*,*,#2066,.F.);
#2882=ORIENTED_EDGE('',*,*,#2065,.T.);
#2883=ORIENTED_EDGE('',*,*,#2067,.F.);
#2884=ORIENTED_EDGE('',*,*,#2068,.F.);
#2885=ORIENTED_EDGE('',*,*,#2069,.T.);
#2886=ORIENTED_EDGE('',*,*,#2068,.T.);
#2887=ORIENTED_EDGE('',*,*,#2070,.F.);
#2888=ORIENTED_EDGE('',*,*,#2035,.F.);
#2889=ORIENTED_EDGE('',*,*,#2071,.F.);
#2890=ORIENTED_EDGE('',*,*,#2072,.T.);
#2891=ORIENTED_EDGE('',*,*,#2073,.F.);
#2892=ORIENTED_EDGE('',*,*,#2074,.F.);
#2893=ORIENTED_EDGE('',*,*,#2075,.T.);
#2894=ORIENTED_EDGE('',*,*,#2076,.F.);
#2895=ORIENTED_EDGE('',*,*,#2077,.F.);
#2896=ORIENTED_EDGE('',*,*,#2078,.F.);
#2897=ORIENTED_EDGE('',*,*,#2079,.F.);
#2898=ORIENTED_EDGE('',*,*,#2078,.T.);
#2899=ORIENTED_EDGE('',*,*,#2080,.F.);
#2900=ORIENTED_EDGE('',*,*,#2081,.F.);
#2901=ORIENTED_EDGE('',*,*,#2082,.T.);
#2902=ORIENTED_EDGE('',*,*,#2081,.T.);
#2903=ORIENTED_EDGE('',*,*,#2083,.F.);
#2904=ORIENTED_EDGE('',*,*,#2084,.F.);
#2905=ORIENTED_EDGE('',*,*,#2085,.F.);
#2906=ORIENTED_EDGE('',*,*,#2084,.T.);
#2907=ORIENTED_EDGE('',*,*,#2086,.F.);
#2908=ORIENTED_EDGE('',*,*,#2087,.F.);
#2909=ORIENTED_EDGE('',*,*,#2088,.T.);
#2910=ORIENTED_EDGE('',*,*,#2087,.T.);
#2911=ORIENTED_EDGE('',*,*,#2089,.F.);
#2912=ORIENTED_EDGE('',*,*,#2090,.F.);
#2913=ORIENTED_EDGE('',*,*,#2091,.F.);
#2914=ORIENTED_EDGE('',*,*,#2090,.T.);
#2915=ORIENTED_EDGE('',*,*,#2092,.F.);
#2916=ORIENTED_EDGE('',*,*,#2093,.F.);
#2917=ORIENTED_EDGE('',*,*,#2094,.T.);
#2918=ORIENTED_EDGE('',*,*,#2093,.T.);
#2919=ORIENTED_EDGE('',*,*,#2095,.F.);
#2920=ORIENTED_EDGE('',*,*,#2096,.F.);
#2921=ORIENTED_EDGE('',*,*,#2097,.T.);
#2922=ORIENTED_EDGE('',*,*,#2096,.T.);
#2923=ORIENTED_EDGE('',*,*,#2098,.F.);
#2924=ORIENTED_EDGE('',*,*,#2099,.F.);
#2925=ORIENTED_EDGE('',*,*,#2100,.T.);
#2926=ORIENTED_EDGE('',*,*,#2099,.T.);
#2927=ORIENTED_EDGE('',*,*,#2101,.F.);
#2928=ORIENTED_EDGE('',*,*,#2102,.F.);
#2929=ORIENTED_EDGE('',*,*,#2103,.F.);
#2930=ORIENTED_EDGE('',*,*,#2102,.T.);
#2931=ORIENTED_EDGE('',*,*,#2104,.F.);
#2932=ORIENTED_EDGE('',*,*,#2105,.F.);
#2933=ORIENTED_EDGE('',*,*,#2106,.T.);
#2934=ORIENTED_EDGE('',*,*,#2105,.T.);
#2935=ORIENTED_EDGE('',*,*,#2107,.F.);
#2936=ORIENTED_EDGE('',*,*,#2072,.F.);
#2937=ORIENTED_EDGE('',*,*,#2108,.F.);
#2938=ORIENTED_EDGE('',*,*,#2109,.T.);
#2939=ORIENTED_EDGE('',*,*,#2110,.F.);
#2940=ORIENTED_EDGE('',*,*,#2111,.F.);
#2941=ORIENTED_EDGE('',*,*,#2112,.T.);
#2942=ORIENTED_EDGE('',*,*,#2113,.F.);
#2943=ORIENTED_EDGE('',*,*,#2114,.F.);
#2944=ORIENTED_EDGE('',*,*,#2115,.F.);
#2945=ORIENTED_EDGE('',*,*,#2116,.F.);
#2946=ORIENTED_EDGE('',*,*,#2115,.T.);
#2947=ORIENTED_EDGE('',*,*,#2117,.F.);
#2948=ORIENTED_EDGE('',*,*,#2118,.F.);
#2949=ORIENTED_EDGE('',*,*,#2119,.T.);
#2950=ORIENTED_EDGE('',*,*,#2118,.T.);
#2951=ORIENTED_EDGE('',*,*,#2120,.F.);
#2952=ORIENTED_EDGE('',*,*,#2121,.F.);
#2953=ORIENTED_EDGE('',*,*,#2122,.F.);
#2954=ORIENTED_EDGE('',*,*,#2121,.T.);
#2955=ORIENTED_EDGE('',*,*,#2123,.F.);
#2956=ORIENTED_EDGE('',*,*,#2124,.F.);
#2957=ORIENTED_EDGE('',*,*,#2125,.T.);
#2958=ORIENTED_EDGE('',*,*,#2124,.T.);
#2959=ORIENTED_EDGE('',*,*,#2126,.F.);
#2960=ORIENTED_EDGE('',*,*,#2127,.F.);
#2961=ORIENTED_EDGE('',*,*,#2128,.F.);
#2962=ORIENTED_EDGE('',*,*,#2127,.T.);
#2963=ORIENTED_EDGE('',*,*,#2129,.F.);
#2964=ORIENTED_EDGE('',*,*,#2130,.F.);
#2965=ORIENTED_EDGE('',*,*,#2131,.T.);
#2966=ORIENTED_EDGE('',*,*,#2130,.T.);
#2967=ORIENTED_EDGE('',*,*,#2132,.F.);
#2968=ORIENTED_EDGE('',*,*,#2133,.F.);
#2969=ORIENTED_EDGE('',*,*,#2134,.T.);
#2970=ORIENTED_EDGE('',*,*,#2133,.T.);
#2971=ORIENTED_EDGE('',*,*,#2135,.F.);
#2972=ORIENTED_EDGE('',*,*,#2136,.F.);
#2973=ORIENTED_EDGE('',*,*,#2137,.T.);
#2974=ORIENTED_EDGE('',*,*,#2136,.T.);
#2975=ORIENTED_EDGE('',*,*,#2138,.F.);
#2976=ORIENTED_EDGE('',*,*,#2139,.F.);
#2977=ORIENTED_EDGE('',*,*,#2140,.F.);
#2978=ORIENTED_EDGE('',*,*,#2139,.T.);
#2979=ORIENTED_EDGE('',*,*,#2141,.F.);
#2980=ORIENTED_EDGE('',*,*,#2142,.F.);
#2981=ORIENTED_EDGE('',*,*,#2143,.T.);
#2982=ORIENTED_EDGE('',*,*,#2142,.T.);
#2983=ORIENTED_EDGE('',*,*,#2144,.F.);
#2984=ORIENTED_EDGE('',*,*,#2109,.F.);
#2985=ORIENTED_EDGE('',*,*,#2145,.F.);
#2986=ORIENTED_EDGE('',*,*,#2146,.T.);
#2987=ORIENTED_EDGE('',*,*,#2147,.F.);
#2988=ORIENTED_EDGE('',*,*,#2148,.F.);
#2989=ORIENTED_EDGE('',*,*,#2149,.T.);
#2990=ORIENTED_EDGE('',*,*,#2150,.F.);
#2991=ORIENTED_EDGE('',*,*,#2151,.F.);
#2992=ORIENTED_EDGE('',*,*,#2152,.F.);
#2993=ORIENTED_EDGE('',*,*,#2153,.F.);
#2994=ORIENTED_EDGE('',*,*,#2152,.T.);
#2995=ORIENTED_EDGE('',*,*,#2154,.F.);
#2996=ORIENTED_EDGE('',*,*,#2155,.F.);
#2997=ORIENTED_EDGE('',*,*,#2156,.T.);
#2998=ORIENTED_EDGE('',*,*,#2155,.T.);
#2999=ORIENTED_EDGE('',*,*,#2157,.F.);
#3000=ORIENTED_EDGE('',*,*,#2158,.F.);
#3001=ORIENTED_EDGE('',*,*,#2159,.F.);
#3002=ORIENTED_EDGE('',*,*,#2158,.T.);
#3003=ORIENTED_EDGE('',*,*,#2160,.F.);
#3004=ORIENTED_EDGE('',*,*,#2161,.F.);
#3005=ORIENTED_EDGE('',*,*,#2162,.T.);
#3006=ORIENTED_EDGE('',*,*,#2161,.T.);
#3007=ORIENTED_EDGE('',*,*,#2163,.F.);
#3008=ORIENTED_EDGE('',*,*,#2164,.F.);
#3009=ORIENTED_EDGE('',*,*,#2165,.F.);
#3010=ORIENTED_EDGE('',*,*,#2164,.T.);
#3011=ORIENTED_EDGE('',*,*,#2166,.F.);
#3012=ORIENTED_EDGE('',*,*,#2167,.F.);
#3013=ORIENTED_EDGE('',*,*,#2168,.T.);
#3014=ORIENTED_EDGE('',*,*,#2167,.T.);
#3015=ORIENTED_EDGE('',*,*,#2169,.F.);
#3016=ORIENTED_EDGE('',*,*,#2170,.F.);
#3017=ORIENTED_EDGE('',*,*,#2171,.T.);
#3018=ORIENTED_EDGE('',*,*,#2170,.T.);
#3019=ORIENTED_EDGE('',*,*,#2172,.F.);
#3020=ORIENTED_EDGE('',*,*,#2173,.F.);
#3021=ORIENTED_EDGE('',*,*,#2174,.T.);
#3022=ORIENTED_EDGE('',*,*,#2173,.T.);
#3023=ORIENTED_EDGE('',*,*,#2175,.F.);
#3024=ORIENTED_EDGE('',*,*,#2176,.F.);
#3025=ORIENTED_EDGE('',*,*,#2177,.F.);
#3026=ORIENTED_EDGE('',*,*,#2176,.T.);
#3027=ORIENTED_EDGE('',*,*,#2178,.F.);
#3028=ORIENTED_EDGE('',*,*,#2179,.F.);
#3029=ORIENTED_EDGE('',*,*,#2180,.T.);
#3030=ORIENTED_EDGE('',*,*,#2179,.T.);
#3031=ORIENTED_EDGE('',*,*,#2181,.F.);
#3032=ORIENTED_EDGE('',*,*,#2146,.F.);
#3033=ORIENTED_EDGE('',*,*,#2182,.F.);
#3034=ORIENTED_EDGE('',*,*,#2183,.T.);
#3035=ORIENTED_EDGE('',*,*,#2184,.F.);
#3036=ORIENTED_EDGE('',*,*,#2185,.F.);
#3037=ORIENTED_EDGE('',*,*,#2186,.T.);
#3038=ORIENTED_EDGE('',*,*,#2187,.F.);
#3039=ORIENTED_EDGE('',*,*,#2188,.F.);
#3040=ORIENTED_EDGE('',*,*,#2189,.F.);
#3041=ORIENTED_EDGE('',*,*,#2190,.F.);
#3042=ORIENTED_EDGE('',*,*,#2189,.T.);
#3043=ORIENTED_EDGE('',*,*,#2191,.F.);
#3044=ORIENTED_EDGE('',*,*,#2192,.F.);
#3045=ORIENTED_EDGE('',*,*,#2193,.T.);
#3046=ORIENTED_EDGE('',*,*,#2192,.T.);
#3047=ORIENTED_EDGE('',*,*,#2194,.F.);
#3048=ORIENTED_EDGE('',*,*,#2195,.F.);
#3049=ORIENTED_EDGE('',*,*,#2196,.F.);
#3050=ORIENTED_EDGE('',*,*,#2195,.T.);
#3051=ORIENTED_EDGE('',*,*,#2197,.F.);
#3052=ORIENTED_EDGE('',*,*,#2198,.F.);
#3053=ORIENTED_EDGE('',*,*,#2199,.T.);
#3054=ORIENTED_EDGE('',*,*,#2198,.T.);
#3055=ORIENTED_EDGE('',*,*,#2200,.F.);
#3056=ORIENTED_EDGE('',*,*,#2201,.F.);
#3057=ORIENTED_EDGE('',*,*,#2202,.F.);
#3058=ORIENTED_EDGE('',*,*,#2201,.T.);
#3059=ORIENTED_EDGE('',*,*,#2203,.F.);
#3060=ORIENTED_EDGE('',*,*,#2204,.F.);
#3061=ORIENTED_EDGE('',*,*,#2205,.T.);
#3062=ORIENTED_EDGE('',*,*,#2204,.T.);
#3063=ORIENTED_EDGE('',*,*,#2206,.F.);
#3064=ORIENTED_EDGE('',*,*,#2207,.F.);
#3065=ORIENTED_EDGE('',*,*,#2208,.T.);
#3066=ORIENTED_EDGE('',*,*,#2207,.T.);
#3067=ORIENTED_EDGE('',*,*,#2209,.F.);
#3068=ORIENTED_EDGE('',*,*,#2210,.F.);
#3069=ORIENTED_EDGE('',*,*,#2211,.T.);
#3070=ORIENTED_EDGE('',*,*,#2210,.T.);
#3071=ORIENTED_EDGE('',*,*,#2212,.F.);
#3072=ORIENTED_EDGE('',*,*,#2213,.F.);
#3073=ORIENTED_EDGE('',*,*,#2214,.F.);
#3074=ORIENTED_EDGE('',*,*,#2213,.T.);
#3075=ORIENTED_EDGE('',*,*,#2215,.F.);
#3076=ORIENTED_EDGE('',*,*,#2216,.F.);
#3077=ORIENTED_EDGE('',*,*,#2217,.T.);
#3078=ORIENTED_EDGE('',*,*,#2216,.T.);
#3079=ORIENTED_EDGE('',*,*,#2218,.F.);
#3080=ORIENTED_EDGE('',*,*,#2183,.F.);
#3081=ORIENTED_EDGE('',*,*,#2219,.F.);
#3082=ORIENTED_EDGE('',*,*,#2220,.T.);
#3083=ORIENTED_EDGE('',*,*,#2221,.F.);
#3084=ORIENTED_EDGE('',*,*,#2222,.F.);
#3085=ORIENTED_EDGE('',*,*,#2223,.T.);
#3086=ORIENTED_EDGE('',*,*,#2224,.F.);
#3087=ORIENTED_EDGE('',*,*,#2225,.F.);
#3088=ORIENTED_EDGE('',*,*,#2226,.F.);
#3089=ORIENTED_EDGE('',*,*,#2227,.F.);
#3090=ORIENTED_EDGE('',*,*,#2226,.T.);
#3091=ORIENTED_EDGE('',*,*,#2228,.F.);
#3092=ORIENTED_EDGE('',*,*,#2229,.F.);
#3093=ORIENTED_EDGE('',*,*,#2230,.T.);
#3094=ORIENTED_EDGE('',*,*,#2229,.T.);
#3095=ORIENTED_EDGE('',*,*,#2231,.F.);
#3096=ORIENTED_EDGE('',*,*,#2232,.F.);
#3097=ORIENTED_EDGE('',*,*,#2233,.F.);
#3098=ORIENTED_EDGE('',*,*,#2232,.T.);
#3099=ORIENTED_EDGE('',*,*,#2234,.F.);
#3100=ORIENTED_EDGE('',*,*,#2235,.F.);
#3101=ORIENTED_EDGE('',*,*,#2236,.T.);
#3102=ORIENTED_EDGE('',*,*,#2235,.T.);
#3103=ORIENTED_EDGE('',*,*,#2237,.F.);
#3104=ORIENTED_EDGE('',*,*,#2238,.F.);
#3105=ORIENTED_EDGE('',*,*,#2239,.F.);
#3106=ORIENTED_EDGE('',*,*,#2238,.T.);
#3107=ORIENTED_EDGE('',*,*,#2240,.F.);
#3108=ORIENTED_EDGE('',*,*,#2241,.F.);
#3109=ORIENTED_EDGE('',*,*,#2242,.T.);
#3110=ORIENTED_EDGE('',*,*,#2241,.T.);
#3111=ORIENTED_EDGE('',*,*,#2243,.F.);
#3112=ORIENTED_EDGE('',*,*,#2244,.F.);
#3113=ORIENTED_EDGE('',*,*,#2245,.T.);
#3114=ORIENTED_EDGE('',*,*,#2244,.T.);
#3115=ORIENTED_EDGE('',*,*,#2246,.F.);
#3116=ORIENTED_EDGE('',*,*,#2247,.F.);
#3117=ORIENTED_EDGE('',*,*,#2248,.T.);
#3118=ORIENTED_EDGE('',*,*,#2247,.T.);
#3119=ORIENTED_EDGE('',*,*,#2249,.F.);
#3120=ORIENTED_EDGE('',*,*,#2250,.F.);
#3121=ORIENTED_EDGE('',*,*,#2251,.F.);
#3122=ORIENTED_EDGE('',*,*,#2250,.T.);
#3123=ORIENTED_EDGE('',*,*,#2252,.F.);
#3124=ORIENTED_EDGE('',*,*,#2253,.F.);
#3125=ORIENTED_EDGE('',*,*,#2254,.T.);
#3126=ORIENTED_EDGE('',*,*,#2253,.T.);
#3127=ORIENTED_EDGE('',*,*,#2255,.F.);
#3128=ORIENTED_EDGE('',*,*,#2220,.F.);
#3129=ORIENTED_EDGE('',*,*,#2256,.F.);
#3130=ORIENTED_EDGE('',*,*,#2257,.T.);
#3131=ORIENTED_EDGE('',*,*,#2258,.F.);
#3132=ORIENTED_EDGE('',*,*,#2259,.F.);
#3133=ORIENTED_EDGE('',*,*,#2260,.T.);
#3134=ORIENTED_EDGE('',*,*,#2261,.F.);
#3135=ORIENTED_EDGE('',*,*,#2262,.F.);
#3136=ORIENTED_EDGE('',*,*,#2263,.F.);
#3137=ORIENTED_EDGE('',*,*,#2264,.F.);
#3138=ORIENTED_EDGE('',*,*,#2263,.T.);
#3139=ORIENTED_EDGE('',*,*,#2265,.F.);
#3140=ORIENTED_EDGE('',*,*,#2266,.F.);
#3141=ORIENTED_EDGE('',*,*,#2267,.T.);
#3142=ORIENTED_EDGE('',*,*,#2266,.T.);
#3143=ORIENTED_EDGE('',*,*,#2268,.F.);
#3144=ORIENTED_EDGE('',*,*,#2269,.F.);
#3145=ORIENTED_EDGE('',*,*,#2270,.F.);
#3146=ORIENTED_EDGE('',*,*,#2269,.T.);
#3147=ORIENTED_EDGE('',*,*,#2271,.F.);
#3148=ORIENTED_EDGE('',*,*,#2272,.F.);
#3149=ORIENTED_EDGE('',*,*,#2273,.T.);
#3150=ORIENTED_EDGE('',*,*,#2272,.T.);
#3151=ORIENTED_EDGE('',*,*,#2274,.F.);
#3152=ORIENTED_EDGE('',*,*,#2275,.F.);
#3153=ORIENTED_EDGE('',*,*,#2276,.F.);
#3154=ORIENTED_EDGE('',*,*,#2275,.T.);
#3155=ORIENTED_EDGE('',*,*,#2277,.F.);
#3156=ORIENTED_EDGE('',*,*,#2278,.F.);
#3157=ORIENTED_EDGE('',*,*,#2279,.T.);
#3158=ORIENTED_EDGE('',*,*,#2278,.T.);
#3159=ORIENTED_EDGE('',*,*,#2280,.F.);
#3160=ORIENTED_EDGE('',*,*,#2281,.F.);
#3161=ORIENTED_EDGE('',*,*,#2282,.T.);
#3162=ORIENTED_EDGE('',*,*,#2281,.T.);
#3163=ORIENTED_EDGE('',*,*,#2283,.F.);
#3164=ORIENTED_EDGE('',*,*,#2284,.F.);
#3165=ORIENTED_EDGE('',*,*,#2285,.T.);
#3166=ORIENTED_EDGE('',*,*,#2284,.T.);
#3167=ORIENTED_EDGE('',*,*,#2286,.F.);
#3168=ORIENTED_EDGE('',*,*,#2287,.F.);
#3169=ORIENTED_EDGE('',*,*,#2288,.F.);
#3170=ORIENTED_EDGE('',*,*,#2287,.T.);
#3171=ORIENTED_EDGE('',*,*,#2289,.F.);
#3172=ORIENTED_EDGE('',*,*,#2290,.F.);
#3173=ORIENTED_EDGE('',*,*,#2291,.T.);
#3174=ORIENTED_EDGE('',*,*,#2290,.T.);
#3175=ORIENTED_EDGE('',*,*,#2292,.F.);
#3176=ORIENTED_EDGE('',*,*,#2257,.F.);
#3177=ORIENTED_EDGE('',*,*,#2261,.T.);
#3178=ORIENTED_EDGE('',*,*,#2293,.F.);
#3179=ORIENTED_EDGE('',*,*,#2294,.T.);
#3180=ORIENTED_EDGE('',*,*,#2295,.T.);
#3181=ORIENTED_EDGE('',*,*,#2224,.T.);
#3182=ORIENTED_EDGE('',*,*,#2296,.F.);
#3183=ORIENTED_EDGE('',*,*,#2259,.T.);
#3184=ORIENTED_EDGE('',*,*,#2297,.T.);
#3185=ORIENTED_EDGE('',*,*,#2187,.T.);
#3186=ORIENTED_EDGE('',*,*,#2298,.F.);
#3187=ORIENTED_EDGE('',*,*,#2222,.T.);
#3188=ORIENTED_EDGE('',*,*,#2299,.T.);
#3189=ORIENTED_EDGE('',*,*,#2150,.T.);
#3190=ORIENTED_EDGE('',*,*,#2300,.F.);
#3191=ORIENTED_EDGE('',*,*,#2185,.T.);
#3192=ORIENTED_EDGE('',*,*,#2301,.T.);
#3193=ORIENTED_EDGE('',*,*,#2113,.T.);
#3194=ORIENTED_EDGE('',*,*,#2302,.F.);
#3195=ORIENTED_EDGE('',*,*,#2148,.T.);
#3196=ORIENTED_EDGE('',*,*,#2303,.T.);
#3197=ORIENTED_EDGE('',*,*,#2076,.T.);
#3198=ORIENTED_EDGE('',*,*,#2304,.F.);
#3199=ORIENTED_EDGE('',*,*,#2111,.T.);
#3200=ORIENTED_EDGE('',*,*,#2305,.T.);
#3201=ORIENTED_EDGE('',*,*,#2039,.T.);
#3202=ORIENTED_EDGE('',*,*,#2306,.F.);
#3203=ORIENTED_EDGE('',*,*,#2074,.T.);
#3204=ORIENTED_EDGE('',*,*,#2307,.T.);
#3205=ORIENTED_EDGE('',*,*,#2000,.T.);
#3206=ORIENTED_EDGE('',*,*,#2308,.T.);
#3207=ORIENTED_EDGE('',*,*,#2309,.T.);
#3208=ORIENTED_EDGE('',*,*,#2310,.F.);
#3209=ORIENTED_EDGE('',*,*,#2002,.T.);
#3210=ORIENTED_EDGE('',*,*,#2311,.F.);
#3211=ORIENTED_EDGE('',*,*,#2037,.T.);
#3212=ORIENTED_EDGE('',*,*,#2312,.T.);
#3213=ORIENTED_EDGE('',*,*,#2313,.F.);
#3214=ORIENTED_EDGE('',*,*,#2314,.T.);
#3215=ORIENTED_EDGE('',*,*,#2315,.F.);
#3216=ORIENTED_EDGE('',*,*,#2294,.F.);
#3217=ORIENTED_EDGE('',*,*,#2316,.T.);
#3218=ORIENTED_EDGE('',*,*,#2309,.F.);
#3219=ORIENTED_EDGE('',*,*,#2317,.F.);
#3220=ORIENTED_EDGE('',*,*,#2318,.F.);
#3221=ORIENTED_EDGE('',*,*,#2319,.F.);
#3222=ORIENTED_EDGE('',*,*,#2318,.T.);
#3223=ORIENTED_EDGE('',*,*,#2320,.F.);
#3224=ORIENTED_EDGE('',*,*,#2321,.F.);
#3225=ORIENTED_EDGE('',*,*,#2322,.T.);
#3226=ORIENTED_EDGE('',*,*,#2321,.T.);
#3227=ORIENTED_EDGE('',*,*,#2323,.F.);
#3228=ORIENTED_EDGE('',*,*,#2324,.F.);
#3229=ORIENTED_EDGE('',*,*,#2325,.F.);
#3230=ORIENTED_EDGE('',*,*,#2324,.T.);
#3231=ORIENTED_EDGE('',*,*,#2326,.F.);
#3232=ORIENTED_EDGE('',*,*,#2327,.F.);
#3233=ORIENTED_EDGE('',*,*,#2328,.T.);
#3234=ORIENTED_EDGE('',*,*,#2327,.T.);
#3235=ORIENTED_EDGE('',*,*,#2329,.F.);
#3236=ORIENTED_EDGE('',*,*,#2330,.F.);
#3237=ORIENTED_EDGE('',*,*,#2331,.F.);
#3238=ORIENTED_EDGE('',*,*,#2330,.T.);
#3239=ORIENTED_EDGE('',*,*,#2332,.F.);
#3240=ORIENTED_EDGE('',*,*,#2333,.F.);
#3241=ORIENTED_EDGE('',*,*,#2334,.T.);
#3242=ORIENTED_EDGE('',*,*,#2333,.T.);
#3243=ORIENTED_EDGE('',*,*,#2335,.F.);
#3244=ORIENTED_EDGE('',*,*,#2336,.F.);
#3245=ORIENTED_EDGE('',*,*,#2337,.T.);
#3246=ORIENTED_EDGE('',*,*,#2336,.T.);
#3247=ORIENTED_EDGE('',*,*,#2338,.F.);
#3248=ORIENTED_EDGE('',*,*,#2339,.F.);
#3249=ORIENTED_EDGE('',*,*,#2340,.T.);
#3250=ORIENTED_EDGE('',*,*,#2339,.T.);
#3251=ORIENTED_EDGE('',*,*,#2341,.F.);
#3252=ORIENTED_EDGE('',*,*,#2342,.F.);
#3253=ORIENTED_EDGE('',*,*,#2343,.F.);
#3254=ORIENTED_EDGE('',*,*,#2342,.T.);
#3255=ORIENTED_EDGE('',*,*,#2344,.F.);
#3256=ORIENTED_EDGE('',*,*,#2345,.F.);
#3257=ORIENTED_EDGE('',*,*,#2346,.T.);
#3258=ORIENTED_EDGE('',*,*,#2345,.T.);
#3259=ORIENTED_EDGE('',*,*,#2347,.F.);
#3260=ORIENTED_EDGE('',*,*,#2314,.F.);
#3261=ORIENTED_EDGE('',*,*,#2348,.F.);
#3262=ORIENTED_EDGE('',*,*,#2349,.F.);
#3263=ORIENTED_EDGE('',*,*,#2350,.F.);
#3264=ORIENTED_EDGE('',*,*,#2351,.F.);
#3265=ORIENTED_EDGE('',*,*,#2352,.F.);
#3266=ORIENTED_EDGE('',*,*,#2353,.F.);
#3267=ORIENTED_EDGE('',*,*,#2354,.F.);
#3268=ORIENTED_EDGE('',*,*,#2355,.F.);
#3269=ORIENTED_EDGE('',*,*,#2356,.F.);
#3270=ORIENTED_EDGE('',*,*,#2357,.F.);
#3271=ORIENTED_EDGE('',*,*,#2358,.F.);
#3272=ORIENTED_EDGE('',*,*,#2359,.F.);
#3273=ORIENTED_EDGE('',*,*,#2360,.F.);
#3274=ORIENTED_EDGE('',*,*,#2361,.F.);
#3275=ORIENTED_EDGE('',*,*,#2362,.F.);
#3276=ORIENTED_EDGE('',*,*,#2363,.F.);
#3277=ORIENTED_EDGE('',*,*,#2351,.T.);
#3278=ORIENTED_EDGE('',*,*,#2364,.F.);
#3279=ORIENTED_EDGE('',*,*,#2353,.T.);
#3280=ORIENTED_EDGE('',*,*,#2365,.T.);
#3281=ORIENTED_EDGE('',*,*,#2366,.T.);
#3282=ORIENTED_EDGE('',*,*,#2350,.T.);
#3283=ORIENTED_EDGE('',*,*,#2367,.F.);
#3284=ORIENTED_EDGE('',*,*,#2368,.F.);
#3285=ORIENTED_EDGE('',*,*,#2354,.T.);
#3286=ORIENTED_EDGE('',*,*,#2364,.T.);
#3287=ORIENTED_EDGE('',*,*,#2369,.F.);
#3288=ORIENTED_EDGE('',*,*,#2370,.T.);
#3289=ORIENTED_EDGE('',*,*,#2367,.T.);
#3290=ORIENTED_EDGE('',*,*,#2349,.T.);
#3291=ORIENTED_EDGE('',*,*,#2371,.T.);
#3292=ORIENTED_EDGE('',*,*,#2355,.T.);
#3293=ORIENTED_EDGE('',*,*,#2368,.T.);
#3294=ORIENTED_EDGE('',*,*,#2370,.F.);
#3295=ORIENTED_EDGE('',*,*,#2369,.T.);
#3296=ORIENTED_EDGE('',*,*,#2295,.F.);
#3297=ORIENTED_EDGE('',*,*,#2315,.T.);
#3298=ORIENTED_EDGE('',*,*,#2347,.T.);
#3299=ORIENTED_EDGE('',*,*,#2344,.T.);
#3300=ORIENTED_EDGE('',*,*,#2341,.T.);
#3301=ORIENTED_EDGE('',*,*,#2338,.T.);
#3302=ORIENTED_EDGE('',*,*,#2335,.T.);
#3303=ORIENTED_EDGE('',*,*,#2332,.T.);
#3304=ORIENTED_EDGE('',*,*,#2329,.T.);
#3305=ORIENTED_EDGE('',*,*,#2326,.T.);
#3306=ORIENTED_EDGE('',*,*,#2323,.T.);
#3307=ORIENTED_EDGE('',*,*,#2320,.T.);
#3308=ORIENTED_EDGE('',*,*,#2317,.T.);
#3309=ORIENTED_EDGE('',*,*,#2308,.F.);
#3310=ORIENTED_EDGE('',*,*,#1999,.T.);
#3311=ORIENTED_EDGE('',*,*,#2033,.T.);
#3312=ORIENTED_EDGE('',*,*,#2030,.T.);
#3313=ORIENTED_EDGE('',*,*,#2027,.T.);
#3314=ORIENTED_EDGE('',*,*,#2024,.T.);
#3315=ORIENTED_EDGE('',*,*,#2021,.T.);
#3316=ORIENTED_EDGE('',*,*,#2018,.T.);
#3317=ORIENTED_EDGE('',*,*,#2015,.T.);
#3318=ORIENTED_EDGE('',*,*,#2012,.T.);
#3319=ORIENTED_EDGE('',*,*,#2009,.T.);
#3320=ORIENTED_EDGE('',*,*,#2006,.T.);
#3321=ORIENTED_EDGE('',*,*,#2003,.T.);
#3322=ORIENTED_EDGE('',*,*,#2312,.F.);
#3323=ORIENTED_EDGE('',*,*,#2036,.T.);
#3324=ORIENTED_EDGE('',*,*,#2070,.T.);
#3325=ORIENTED_EDGE('',*,*,#2067,.T.);
#3326=ORIENTED_EDGE('',*,*,#2064,.T.);
#3327=ORIENTED_EDGE('',*,*,#2061,.T.);
#3328=ORIENTED_EDGE('',*,*,#2058,.T.);
#3329=ORIENTED_EDGE('',*,*,#2055,.T.);
#3330=ORIENTED_EDGE('',*,*,#2052,.T.);
#3331=ORIENTED_EDGE('',*,*,#2049,.T.);
#3332=ORIENTED_EDGE('',*,*,#2046,.T.);
#3333=ORIENTED_EDGE('',*,*,#2043,.T.);
#3334=ORIENTED_EDGE('',*,*,#2040,.T.);
#3335=ORIENTED_EDGE('',*,*,#2307,.F.);
#3336=ORIENTED_EDGE('',*,*,#2073,.T.);
#3337=ORIENTED_EDGE('',*,*,#2107,.T.);
#3338=ORIENTED_EDGE('',*,*,#2104,.T.);
#3339=ORIENTED_EDGE('',*,*,#2101,.T.);
#3340=ORIENTED_EDGE('',*,*,#2098,.T.);
#3341=ORIENTED_EDGE('',*,*,#2095,.T.);
#3342=ORIENTED_EDGE('',*,*,#2092,.T.);
#3343=ORIENTED_EDGE('',*,*,#2089,.T.);
#3344=ORIENTED_EDGE('',*,*,#2086,.T.);
#3345=ORIENTED_EDGE('',*,*,#2083,.T.);
#3346=ORIENTED_EDGE('',*,*,#2080,.T.);
#3347=ORIENTED_EDGE('',*,*,#2077,.T.);
#3348=ORIENTED_EDGE('',*,*,#2305,.F.);
#3349=ORIENTED_EDGE('',*,*,#2110,.T.);
#3350=ORIENTED_EDGE('',*,*,#2144,.T.);
#3351=ORIENTED_EDGE('',*,*,#2141,.T.);
#3352=ORIENTED_EDGE('',*,*,#2138,.T.);
#3353=ORIENTED_EDGE('',*,*,#2135,.T.);
#3354=ORIENTED_EDGE('',*,*,#2132,.T.);
#3355=ORIENTED_EDGE('',*,*,#2129,.T.);
#3356=ORIENTED_EDGE('',*,*,#2126,.T.);
#3357=ORIENTED_EDGE('',*,*,#2123,.T.);
#3358=ORIENTED_EDGE('',*,*,#2120,.T.);
#3359=ORIENTED_EDGE('',*,*,#2117,.T.);
#3360=ORIENTED_EDGE('',*,*,#2114,.T.);
#3361=ORIENTED_EDGE('',*,*,#2303,.F.);
#3362=ORIENTED_EDGE('',*,*,#2147,.T.);
#3363=ORIENTED_EDGE('',*,*,#2181,.T.);
#3364=ORIENTED_EDGE('',*,*,#2178,.T.);
#3365=ORIENTED_EDGE('',*,*,#2175,.T.);
#3366=ORIENTED_EDGE('',*,*,#2172,.T.);
#3367=ORIENTED_EDGE('',*,*,#2169,.T.);
#3368=ORIENTED_EDGE('',*,*,#2166,.T.);
#3369=ORIENTED_EDGE('',*,*,#2163,.T.);
#3370=ORIENTED_EDGE('',*,*,#2160,.T.);
#3371=ORIENTED_EDGE('',*,*,#2157,.T.);
#3372=ORIENTED_EDGE('',*,*,#2154,.T.);
#3373=ORIENTED_EDGE('',*,*,#2151,.T.);
#3374=ORIENTED_EDGE('',*,*,#2301,.F.);
#3375=ORIENTED_EDGE('',*,*,#2184,.T.);
#3376=ORIENTED_EDGE('',*,*,#2218,.T.);
#3377=ORIENTED_EDGE('',*,*,#2215,.T.);
#3378=ORIENTED_EDGE('',*,*,#2212,.T.);
#3379=ORIENTED_EDGE('',*,*,#2209,.T.);
#3380=ORIENTED_EDGE('',*,*,#2206,.T.);
#3381=ORIENTED_EDGE('',*,*,#2203,.T.);
#3382=ORIENTED_EDGE('',*,*,#2200,.T.);
#3383=ORIENTED_EDGE('',*,*,#2197,.T.);
#3384=ORIENTED_EDGE('',*,*,#2194,.T.);
#3385=ORIENTED_EDGE('',*,*,#2191,.T.);
#3386=ORIENTED_EDGE('',*,*,#2188,.T.);
#3387=ORIENTED_EDGE('',*,*,#2299,.F.);
#3388=ORIENTED_EDGE('',*,*,#2221,.T.);
#3389=ORIENTED_EDGE('',*,*,#2255,.T.);
#3390=ORIENTED_EDGE('',*,*,#2252,.T.);
#3391=ORIENTED_EDGE('',*,*,#2249,.T.);
#3392=ORIENTED_EDGE('',*,*,#2246,.T.);
#3393=ORIENTED_EDGE('',*,*,#2243,.T.);
#3394=ORIENTED_EDGE('',*,*,#2240,.T.);
#3395=ORIENTED_EDGE('',*,*,#2237,.T.);
#3396=ORIENTED_EDGE('',*,*,#2234,.T.);
#3397=ORIENTED_EDGE('',*,*,#2231,.T.);
#3398=ORIENTED_EDGE('',*,*,#2228,.T.);
#3399=ORIENTED_EDGE('',*,*,#2225,.T.);
#3400=ORIENTED_EDGE('',*,*,#2297,.F.);
#3401=ORIENTED_EDGE('',*,*,#2258,.T.);
#3402=ORIENTED_EDGE('',*,*,#2292,.T.);
#3403=ORIENTED_EDGE('',*,*,#2289,.T.);
#3404=ORIENTED_EDGE('',*,*,#2286,.T.);
#3405=ORIENTED_EDGE('',*,*,#2283,.T.);
#3406=ORIENTED_EDGE('',*,*,#2280,.T.);
#3407=ORIENTED_EDGE('',*,*,#2277,.T.);
#3408=ORIENTED_EDGE('',*,*,#2274,.T.);
#3409=ORIENTED_EDGE('',*,*,#2271,.T.);
#3410=ORIENTED_EDGE('',*,*,#2268,.T.);
#3411=ORIENTED_EDGE('',*,*,#2265,.T.);
#3412=ORIENTED_EDGE('',*,*,#2262,.T.);
#3413=ORIENTED_EDGE('',*,*,#2372,.F.);
#3414=ORIENTED_EDGE('',*,*,#2293,.T.);
#3415=ORIENTED_EDGE('',*,*,#2260,.F.);
#3416=ORIENTED_EDGE('',*,*,#2264,.T.);
#3417=ORIENTED_EDGE('',*,*,#2267,.F.);
#3418=ORIENTED_EDGE('',*,*,#2270,.T.);
#3419=ORIENTED_EDGE('',*,*,#2273,.F.);
#3420=ORIENTED_EDGE('',*,*,#2276,.T.);
#3421=ORIENTED_EDGE('',*,*,#2279,.F.);
#3422=ORIENTED_EDGE('',*,*,#2282,.F.);
#3423=ORIENTED_EDGE('',*,*,#2285,.F.);
#3424=ORIENTED_EDGE('',*,*,#2288,.T.);
#3425=ORIENTED_EDGE('',*,*,#2291,.F.);
#3426=ORIENTED_EDGE('',*,*,#2256,.T.);
#3427=ORIENTED_EDGE('',*,*,#2296,.T.);
#3428=ORIENTED_EDGE('',*,*,#2223,.F.);
#3429=ORIENTED_EDGE('',*,*,#2227,.T.);
#3430=ORIENTED_EDGE('',*,*,#2230,.F.);
#3431=ORIENTED_EDGE('',*,*,#2233,.T.);
#3432=ORIENTED_EDGE('',*,*,#2236,.F.);
#3433=ORIENTED_EDGE('',*,*,#2239,.T.);
#3434=ORIENTED_EDGE('',*,*,#2242,.F.);
#3435=ORIENTED_EDGE('',*,*,#2245,.F.);
#3436=ORIENTED_EDGE('',*,*,#2248,.F.);
#3437=ORIENTED_EDGE('',*,*,#2251,.T.);
#3438=ORIENTED_EDGE('',*,*,#2254,.F.);
#3439=ORIENTED_EDGE('',*,*,#2219,.T.);
#3440=ORIENTED_EDGE('',*,*,#2298,.T.);
#3441=ORIENTED_EDGE('',*,*,#2186,.F.);
#3442=ORIENTED_EDGE('',*,*,#2190,.T.);
#3443=ORIENTED_EDGE('',*,*,#2193,.F.);
#3444=ORIENTED_EDGE('',*,*,#2196,.T.);
#3445=ORIENTED_EDGE('',*,*,#2199,.F.);
#3446=ORIENTED_EDGE('',*,*,#2202,.T.);
#3447=ORIENTED_EDGE('',*,*,#2205,.F.);
#3448=ORIENTED_EDGE('',*,*,#2208,.F.);
#3449=ORIENTED_EDGE('',*,*,#2211,.F.);
#3450=ORIENTED_EDGE('',*,*,#2214,.T.);
#3451=ORIENTED_EDGE('',*,*,#2217,.F.);
#3452=ORIENTED_EDGE('',*,*,#2182,.T.);
#3453=ORIENTED_EDGE('',*,*,#2300,.T.);
#3454=ORIENTED_EDGE('',*,*,#2149,.F.);
#3455=ORIENTED_EDGE('',*,*,#2153,.T.);
#3456=ORIENTED_EDGE('',*,*,#2156,.F.);
#3457=ORIENTED_EDGE('',*,*,#2159,.T.);
#3458=ORIENTED_EDGE('',*,*,#2162,.F.);
#3459=ORIENTED_EDGE('',*,*,#2165,.T.);
#3460=ORIENTED_EDGE('',*,*,#2168,.F.);
#3461=ORIENTED_EDGE('',*,*,#2171,.F.);
#3462=ORIENTED_EDGE('',*,*,#2174,.F.);
#3463=ORIENTED_EDGE('',*,*,#2177,.T.);
#3464=ORIENTED_EDGE('',*,*,#2180,.F.);
#3465=ORIENTED_EDGE('',*,*,#2145,.T.);
#3466=ORIENTED_EDGE('',*,*,#2302,.T.);
#3467=ORIENTED_EDGE('',*,*,#2112,.F.);
#3468=ORIENTED_EDGE('',*,*,#2116,.T.);
#3469=ORIENTED_EDGE('',*,*,#2119,.F.);
#3470=ORIENTED_EDGE('',*,*,#2122,.T.);
#3471=ORIENTED_EDGE('',*,*,#2125,.F.);
#3472=ORIENTED_EDGE('',*,*,#2128,.T.);
#3473=ORIENTED_EDGE('',*,*,#2131,.F.);
#3474=ORIENTED_EDGE('',*,*,#2134,.F.);
#3475=ORIENTED_EDGE('',*,*,#2137,.F.);
#3476=ORIENTED_EDGE('',*,*,#2140,.T.);
#3477=ORIENTED_EDGE('',*,*,#2143,.F.);
#3478=ORIENTED_EDGE('',*,*,#2108,.T.);
#3479=ORIENTED_EDGE('',*,*,#2304,.T.);
#3480=ORIENTED_EDGE('',*,*,#2075,.F.);
#3481=ORIENTED_EDGE('',*,*,#2079,.T.);
#3482=ORIENTED_EDGE('',*,*,#2082,.F.);
#3483=ORIENTED_EDGE('',*,*,#2085,.T.);
#3484=ORIENTED_EDGE('',*,*,#2088,.F.);
#3485=ORIENTED_EDGE('',*,*,#2091,.T.);
#3486=ORIENTED_EDGE('',*,*,#2094,.F.);
#3487=ORIENTED_EDGE('',*,*,#2097,.F.);
#3488=ORIENTED_EDGE('',*,*,#2100,.F.);
#3489=ORIENTED_EDGE('',*,*,#2103,.T.);
#3490=ORIENTED_EDGE('',*,*,#2106,.F.);
#3491=ORIENTED_EDGE('',*,*,#2071,.T.);
#3492=ORIENTED_EDGE('',*,*,#2306,.T.);
#3493=ORIENTED_EDGE('',*,*,#2038,.F.);
#3494=ORIENTED_EDGE('',*,*,#2042,.T.);
#3495=ORIENTED_EDGE('',*,*,#2045,.F.);
#3496=ORIENTED_EDGE('',*,*,#2048,.T.);
#3497=ORIENTED_EDGE('',*,*,#2051,.F.);
#3498=ORIENTED_EDGE('',*,*,#2054,.T.);
#3499=ORIENTED_EDGE('',*,*,#2057,.F.);
#3500=ORIENTED_EDGE('',*,*,#2060,.F.);
#3501=ORIENTED_EDGE('',*,*,#2063,.F.);
#3502=ORIENTED_EDGE('',*,*,#2066,.T.);
#3503=ORIENTED_EDGE('',*,*,#2069,.F.);
#3504=ORIENTED_EDGE('',*,*,#2034,.T.);
#3505=ORIENTED_EDGE('',*,*,#2311,.T.);
#3506=ORIENTED_EDGE('',*,*,#2001,.F.);
#3507=ORIENTED_EDGE('',*,*,#2005,.T.);
#3508=ORIENTED_EDGE('',*,*,#2008,.F.);
#3509=ORIENTED_EDGE('',*,*,#2011,.T.);
#3510=ORIENTED_EDGE('',*,*,#2014,.F.);
#3511=ORIENTED_EDGE('',*,*,#2017,.T.);
#3512=ORIENTED_EDGE('',*,*,#2020,.F.);
#3513=ORIENTED_EDGE('',*,*,#2023,.F.);
#3514=ORIENTED_EDGE('',*,*,#2026,.F.);
#3515=ORIENTED_EDGE('',*,*,#2029,.T.);
#3516=ORIENTED_EDGE('',*,*,#2032,.F.);
#3517=ORIENTED_EDGE('',*,*,#1997,.T.);
#3518=ORIENTED_EDGE('',*,*,#2310,.T.);
#3519=ORIENTED_EDGE('',*,*,#2316,.F.);
#3520=ORIENTED_EDGE('',*,*,#2319,.T.);
#3521=ORIENTED_EDGE('',*,*,#2322,.F.);
#3522=ORIENTED_EDGE('',*,*,#2325,.T.);
#3523=ORIENTED_EDGE('',*,*,#2328,.F.);
#3524=ORIENTED_EDGE('',*,*,#2331,.T.);
#3525=ORIENTED_EDGE('',*,*,#2334,.F.);
#3526=ORIENTED_EDGE('',*,*,#2337,.F.);
#3527=ORIENTED_EDGE('',*,*,#2340,.F.);
#3528=ORIENTED_EDGE('',*,*,#2343,.T.);
#3529=ORIENTED_EDGE('',*,*,#2346,.F.);
#3530=ORIENTED_EDGE('',*,*,#2313,.T.);
#3531=ORIENTED_EDGE('',*,*,#2357,.T.);
#3532=ORIENTED_EDGE('',*,*,#2373,.F.);
#3533=ORIENTED_EDGE('',*,*,#2374,.T.);
#3534=ORIENTED_EDGE('',*,*,#2372,.T.);
#3535=ORIENTED_EDGE('',*,*,#2374,.F.);
#3536=ORIENTED_EDGE('',*,*,#2375,.F.);
#3537=ORIENTED_EDGE('',*,*,#2363,.T.);
#3538=ORIENTED_EDGE('',*,*,#2376,.T.);
#3539=ORIENTED_EDGE('',*,*,#2356,.T.);
#3540=ORIENTED_EDGE('',*,*,#2377,.F.);
#3541=ORIENTED_EDGE('',*,*,#2360,.T.);
#3542=ORIENTED_EDGE('',*,*,#2375,.T.);
#3543=ORIENTED_EDGE('',*,*,#2373,.T.);
#3544=ORIENTED_EDGE('',*,*,#2359,.T.);
#3545=ORIENTED_EDGE('',*,*,#2378,.F.);
#3546=ORIENTED_EDGE('',*,*,#2379,.F.);
#3547=ORIENTED_EDGE('',*,*,#2361,.T.);
#3548=ORIENTED_EDGE('',*,*,#2377,.T.);
#3549=ORIENTED_EDGE('',*,*,#2365,.F.);
#3550=ORIENTED_EDGE('',*,*,#2352,.T.);
#3551=ORIENTED_EDGE('',*,*,#2371,.F.);
#3552=ORIENTED_EDGE('',*,*,#2348,.T.);
#3553=ORIENTED_EDGE('',*,*,#2366,.F.);
#3554=ORIENTED_EDGE('',*,*,#2380,.T.);
#3555=ORIENTED_EDGE('',*,*,#2378,.T.);
#3556=ORIENTED_EDGE('',*,*,#2358,.T.);
#3557=ORIENTED_EDGE('',*,*,#2376,.F.);
#3558=ORIENTED_EDGE('',*,*,#2362,.T.);
#3559=ORIENTED_EDGE('',*,*,#2379,.T.);
#3560=ORIENTED_EDGE('',*,*,#2380,.F.);
#3561=CONICAL_SURFACE('',#3826,24.45,0.785398163397447);
#3562=CONICAL_SURFACE('',#3830,25.6739592359918,0.78539816339724);
#3563=CONICAL_SURFACE('',#3838,25.6739592359915,0.785398163397655);
#3564=CONICAL_SURFACE('',#3842,24.4500000000003,0.785398163397612);
#3565=CONICAL_SURFACE('',#3848,1.3,0.785398163397447);
#3566=CONICAL_SURFACE('',#3852,3.5,0.785398163397449);
#3567=CONICAL_SURFACE('',#3867,1.375,0.785398163397448);
#3568=CONICAL_SURFACE('',#3870,1.50000000000174,0.785398163397449);
#3569=CONICAL_SURFACE('',#3876,1.3,0.785398163397442);
#3570=CONICAL_SURFACE('',#3891,3.5,0.785398163397446);
#3571=CONICAL_SURFACE('',#3896,1.375,0.785398163397448);
#3572=CONICAL_SURFACE('',#3898,1.82500000000001,0.785398163397448);
#3573=CONICAL_SURFACE('',#3900,1.50000000000174,0.785398163397449);
#3574=CONICAL_SURFACE('',#3948,27.7,0.785398163397438);
#3575=CONICAL_SURFACE('',#3949,3.50000000000001,0.785398163397448);
#3576=CONICAL_SURFACE('',#3954,24.4500000000003,0.785398163397612);
#3577=CONICAL_SURFACE('',#3972,27.7,0.785398163397459);
#3578=CONICAL_SURFACE('',#3973,27.7,0.785398163397459);
#3579=CONICAL_SURFACE('',#3974,3.5,0.785398163397446);
#3580=CONICAL_SURFACE('',#3978,27.7,0.785398163397438);
#3581=CONICAL_SURFACE('',#3979,1.82500000000001,0.785398163397448);
#3582=CONICAL_SURFACE('',#3981,1.50000000000005,0.785398163397448);
#3583=CONICAL_SURFACE('',#3983,27.7,0.785398163397438);
#3584=CONICAL_SURFACE('',#3984,3.50000000000001,0.785398163397448);
#3585=CONICAL_SURFACE('',#3985,1.55,0.785398163397449);
#3586=CONICAL_SURFACE('',#3986,1.50000000000005,0.785398163397448);
#3587=CONICAL_SURFACE('',#3988,27.7,0.785398163397459);
#3588=CONICAL_SURFACE('',#3989,3.50000000000001,0.785398163397446);
#3589=CONICAL_SURFACE('',#3990,1.55,0.785398163397446);
#3590=CONICAL_SURFACE('',#3999,25.6739592359915,0.785398163397655);
#3591=CONICAL_SURFACE('',#4004,25.6739592359918,0.78539816339724);
#3592=CONICAL_SURFACE('',#4012,24.45,0.785398163397447);
#3593=CONICAL_SURFACE('',#4372,24.5260407640086,0.785398163397481);
#3594=CONICAL_SURFACE('',#4379,24.2499999999999,0.785398163397577);
#3595=CONICAL_SURFACE('',#4385,24.25,0.785398163397465);
#3596=CONICAL_SURFACE('',#4391,24.5260407640086,0.785398163397437);
#3597=ADVANCED_FACE('',(#211),#3561,.F.);
#3598=ADVANCED_FACE('',(#212),#3562,.F.);
#3599=ADVANCED_FACE('',(#213),#3563,.F.);
#3600=ADVANCED_FACE('',(#214),#3564,.F.);
#3601=ADVANCED_FACE('',(#215),#3565,.F.);
#3602=ADVANCED_FACE('',(#216),#3566,.F.);
#3603=ADVANCED_FACE('',(#217),#175,.T.);
#3604=ADVANCED_FACE('',(#218),#31,.F.);
#3605=ADVANCED_FACE('',(#219),#3567,.F.);
#3606=ADVANCED_FACE('',(#220),#3568,.F.);
#3607=ADVANCED_FACE('',(#221),#32,.F.);
#3608=ADVANCED_FACE('',(#222),#3569,.F.);
#3609=ADVANCED_FACE('',(#223),#176,.T.);
#3610=ADVANCED_FACE('',(#224),#3570,.F.);
#3611=ADVANCED_FACE('',(#225),#33,.F.);
#3612=ADVANCED_FACE('',(#226),#3571,.F.);
#3613=ADVANCED_FACE('',(#227),#3572,.T.);
#3614=ADVANCED_FACE('',(#228),#3573,.F.);
#3615=ADVANCED_FACE('',(#229),#177,.F.);
#3616=ADVANCED_FACE('',(#230),#178,.F.);
#3617=ADVANCED_FACE('',(#231,#27),#179,.F.);
#3618=ADVANCED_FACE('',(#232),#180,.F.);
#3619=ADVANCED_FACE('',(#233,#28),#181,.F.);
#3620=ADVANCED_FACE('',(#234),#182,.F.);
#3621=ADVANCED_FACE('',(#235),#34,.T.);
#3622=ADVANCED_FACE('',(#236),#35,.T.);
#3623=ADVANCED_FACE('',(#237),#3574,.T.);
#3624=ADVANCED_FACE('',(#238),#3575,.F.);
#3625=ADVANCED_FACE('',(#239),#36,.F.);
#3626=ADVANCED_FACE('',(#240),#37,.F.);
#3627=ADVANCED_FACE('',(#241),#3576,.F.);
#3628=ADVANCED_FACE('',(#242),#38,.T.);
#3629=ADVANCED_FACE('',(#243),#39,.T.);
#3630=ADVANCED_FACE('',(#244),#40,.F.);
#3631=ADVANCED_FACE('',(#245),#41,.F.);
#3632=ADVANCED_FACE('',(#246),#42,.F.);
#3633=ADVANCED_FACE('',(#247),#43,.T.);
#3634=ADVANCED_FACE('',(#248),#44,.T.);
#3635=ADVANCED_FACE('',(#249),#45,.F.);
#3636=ADVANCED_FACE('',(#250),#3577,.T.);
#3637=ADVANCED_FACE('',(#251),#3578,.T.);
#3638=ADVANCED_FACE('',(#252),#3579,.F.);
#3639=ADVANCED_FACE('',(#253),#46,.F.);
#3640=ADVANCED_FACE('',(#254),#3580,.T.);
#3641=ADVANCED_FACE('',(#255),#3581,.T.);
#3642=ADVANCED_FACE('',(#256),#3582,.F.);
#3643=ADVANCED_FACE('',(#257),#3583,.T.);
#3644=ADVANCED_FACE('',(#258),#3584,.F.);
#3645=ADVANCED_FACE('',(#259),#3585,.T.);
#3646=ADVANCED_FACE('',(#260),#3586,.F.);
#3647=ADVANCED_FACE('',(#261),#3587,.T.);
#3648=ADVANCED_FACE('',(#262),#3588,.F.);
#3649=ADVANCED_FACE('',(#263),#3589,.T.);
#3650=ADVANCED_FACE('',(#264),#47,.F.);
#3651=ADVANCED_FACE('',(#265),#48,.T.);
#3652=ADVANCED_FACE('',(#266),#49,.F.);
#3653=ADVANCED_FACE('',(#267),#183,.F.);
#3654=ADVANCED_FACE('',(#268),#184,.F.);
#3655=ADVANCED_FACE('',(#269),#185,.T.);
#3656=ADVANCED_FACE('',(#270),#186,.F.);
#3657=ADVANCED_FACE('',(#271),#3590,.F.);
#3658=ADVANCED_FACE('',(#272),#50,.F.);
#3659=ADVANCED_FACE('',(#273),#3591,.F.);
#3660=ADVANCED_FACE('',(#274),#187,.F.);
#3661=ADVANCED_FACE('',(#275),#51,.F.);
#3662=ADVANCED_FACE('',(#276),#188,.T.);
#3663=ADVANCED_FACE('',(#277),#189,.F.);
#3664=ADVANCED_FACE('',(#278),#52,.F.);
#3665=ADVANCED_FACE('',(#279),#190,.T.);
#3666=ADVANCED_FACE('',(#280),#3592,.F.);
#3667=ADVANCED_FACE('',(#281),#53,.F.);
#3668=ADVANCED_FACE('',(#282),#54,.F.);
#3669=ADVANCED_FACE('',(#283),#55,.F.);
#3670=ADVANCED_FACE('',(#284),#56,.T.);
#3671=ADVANCED_FACE('',(#285),#57,.F.);
#3672=ADVANCED_FACE('',(#286),#58,.T.);
#3673=ADVANCED_FACE('',(#287),#59,.F.);
#3674=ADVANCED_FACE('',(#288),#60,.T.);
#3675=ADVANCED_FACE('',(#289),#61,.F.);
#3676=ADVANCED_FACE('',(#290),#62,.T.);
#3677=ADVANCED_FACE('',(#291),#63,.T.);
#3678=ADVANCED_FACE('',(#292),#64,.T.);
#3679=ADVANCED_FACE('',(#293),#65,.F.);
#3680=ADVANCED_FACE('',(#294),#66,.T.);
#3681=ADVANCED_FACE('',(#295),#67,.F.);
#3682=ADVANCED_FACE('',(#296),#68,.T.);
#3683=ADVANCED_FACE('',(#297),#69,.F.);
#3684=ADVANCED_FACE('',(#298),#70,.T.);
#3685=ADVANCED_FACE('',(#299),#71,.F.);
#3686=ADVANCED_FACE('',(#300),#72,.T.);
#3687=ADVANCED_FACE('',(#301),#73,.F.);
#3688=ADVANCED_FACE('',(#302),#74,.T.);
#3689=ADVANCED_FACE('',(#303),#75,.T.);
#3690=ADVANCED_FACE('',(#304),#76,.T.);
#3691=ADVANCED_FACE('',(#305),#77,.F.);
#3692=ADVANCED_FACE('',(#306),#78,.T.);
#3693=ADVANCED_FACE('',(#307),#79,.F.);
#3694=ADVANCED_FACE('',(#308),#80,.T.);
#3695=ADVANCED_FACE('',(#309),#81,.F.);
#3696=ADVANCED_FACE('',(#310),#82,.T.);
#3697=ADVANCED_FACE('',(#311),#83,.F.);
#3698=ADVANCED_FACE('',(#312),#84,.T.);
#3699=ADVANCED_FACE('',(#313),#85,.F.);
#3700=ADVANCED_FACE('',(#314),#86,.T.);
#3701=ADVANCED_FACE('',(#315),#87,.T.);
#3702=ADVANCED_FACE('',(#316),#88,.T.);
#3703=ADVANCED_FACE('',(#317),#89,.F.);
#3704=ADVANCED_FACE('',(#318),#90,.T.);
#3705=ADVANCED_FACE('',(#319),#91,.F.);
#3706=ADVANCED_FACE('',(#320),#92,.T.);
#3707=ADVANCED_FACE('',(#321),#93,.F.);
#3708=ADVANCED_FACE('',(#322),#94,.T.);
#3709=ADVANCED_FACE('',(#323),#95,.F.);
#3710=ADVANCED_FACE('',(#324),#96,.T.);
#3711=ADVANCED_FACE('',(#325),#97,.F.);
#3712=ADVANCED_FACE('',(#326),#98,.T.);
#3713=ADVANCED_FACE('',(#327),#99,.T.);
#3714=ADVANCED_FACE('',(#328),#100,.T.);
#3715=ADVANCED_FACE('',(#329),#101,.F.);
#3716=ADVANCED_FACE('',(#330),#102,.T.);
#3717=ADVANCED_FACE('',(#331),#103,.F.);
#3718=ADVANCED_FACE('',(#332),#104,.T.);
#3719=ADVANCED_FACE('',(#333),#105,.F.);
#3720=ADVANCED_FACE('',(#334),#106,.T.);
#3721=ADVANCED_FACE('',(#335),#107,.F.);
#3722=ADVANCED_FACE('',(#336),#108,.T.);
#3723=ADVANCED_FACE('',(#337),#109,.F.);
#3724=ADVANCED_FACE('',(#338),#110,.T.);
#3725=ADVANCED_FACE('',(#339),#111,.T.);
#3726=ADVANCED_FACE('',(#340),#112,.T.);
#3727=ADVANCED_FACE('',(#341),#113,.F.);
#3728=ADVANCED_FACE('',(#342),#114,.T.);
#3729=ADVANCED_FACE('',(#343),#115,.F.);
#3730=ADVANCED_FACE('',(#344),#116,.T.);
#3731=ADVANCED_FACE('',(#345),#117,.F.);
#3732=ADVANCED_FACE('',(#346),#118,.T.);
#3733=ADVANCED_FACE('',(#347),#119,.F.);
#3734=ADVANCED_FACE('',(#348),#120,.T.);
#3735=ADVANCED_FACE('',(#349),#121,.F.);
#3736=ADVANCED_FACE('',(#350),#122,.T.);
#3737=ADVANCED_FACE('',(#351),#123,.T.);
#3738=ADVANCED_FACE('',(#352),#124,.T.);
#3739=ADVANCED_FACE('',(#353),#125,.F.);
#3740=ADVANCED_FACE('',(#354),#126,.T.);
#3741=ADVANCED_FACE('',(#355),#127,.F.);
#3742=ADVANCED_FACE('',(#356),#128,.T.);
#3743=ADVANCED_FACE('',(#357),#129,.F.);
#3744=ADVANCED_FACE('',(#358),#130,.T.);
#3745=ADVANCED_FACE('',(#359),#131,.F.);
#3746=ADVANCED_FACE('',(#360),#132,.T.);
#3747=ADVANCED_FACE('',(#361),#133,.F.);
#3748=ADVANCED_FACE('',(#362),#134,.T.);
#3749=ADVANCED_FACE('',(#363),#135,.T.);
#3750=ADVANCED_FACE('',(#364),#136,.T.);
#3751=ADVANCED_FACE('',(#365),#137,.F.);
#3752=ADVANCED_FACE('',(#366),#138,.T.);
#3753=ADVANCED_FACE('',(#367),#139,.F.);
#3754=ADVANCED_FACE('',(#368),#140,.T.);
#3755=ADVANCED_FACE('',(#369),#141,.F.);
#3756=ADVANCED_FACE('',(#370),#142,.T.);
#3757=ADVANCED_FACE('',(#371),#143,.F.);
#3758=ADVANCED_FACE('',(#372),#144,.T.);
#3759=ADVANCED_FACE('',(#373),#145,.F.);
#3760=ADVANCED_FACE('',(#374),#146,.T.);
#3761=ADVANCED_FACE('',(#375),#147,.T.);
#3762=ADVANCED_FACE('',(#376),#148,.T.);
#3763=ADVANCED_FACE('',(#377),#149,.F.);
#3764=ADVANCED_FACE('',(#378),#150,.T.);
#3765=ADVANCED_FACE('',(#379),#151,.F.);
#3766=ADVANCED_FACE('',(#380),#152,.F.);
#3767=ADVANCED_FACE('',(#381),#153,.F.);
#3768=ADVANCED_FACE('',(#382),#154,.F.);
#3769=ADVANCED_FACE('',(#383),#155,.F.);
#3770=ADVANCED_FACE('',(#384),#156,.F.);
#3771=ADVANCED_FACE('',(#385),#157,.F.);
#3772=ADVANCED_FACE('',(#386),#158,.F.);
#3773=ADVANCED_FACE('',(#387),#159,.F.);
#3774=ADVANCED_FACE('',(#388),#160,.F.);
#3775=ADVANCED_FACE('',(#389),#161,.T.);
#3776=ADVANCED_FACE('',(#390),#162,.F.);
#3777=ADVANCED_FACE('',(#391),#163,.T.);
#3778=ADVANCED_FACE('',(#392),#164,.F.);
#3779=ADVANCED_FACE('',(#393),#165,.T.);
#3780=ADVANCED_FACE('',(#394),#166,.F.);
#3781=ADVANCED_FACE('',(#395),#167,.T.);
#3782=ADVANCED_FACE('',(#396),#168,.T.);
#3783=ADVANCED_FACE('',(#397),#169,.T.);
#3784=ADVANCED_FACE('',(#398),#170,.F.);
#3785=ADVANCED_FACE('',(#399),#171,.T.);
#3786=ADVANCED_FACE('',(#400),#191,.T.);
#3787=ADVANCED_FACE('',(#401),#192,.F.);
#3788=ADVANCED_FACE('',(#402),#193,.T.);
#3789=ADVANCED_FACE('',(#403),#194,.F.);
#3790=ADVANCED_FACE('',(#404),#3593,.T.);
#3791=ADVANCED_FACE('',(#405),#172,.T.);
#3792=ADVANCED_FACE('',(#406),#3594,.T.);
#3793=ADVANCED_FACE('',(#407,#29),#195,.T.);
#3794=ADVANCED_FACE('',(#408,#30),#196,.T.);
#3795=ADVANCED_FACE('',(#409),#3595,.T.);
#3796=ADVANCED_FACE('',(#410),#173,.T.);
#3797=ADVANCED_FACE('',(#411),#3596,.T.);
#3798=ADVANCED_FACE('',(#412),#174,.T.);
#3799=CLOSED_SHELL('',(#3597,#3598,#3599,#3600,#3601,#3602,#3603,#3604,
#3605,#3606,#3607,#3608,#3609,#3610,#3611,#3612,#3613,#3614,#3615,#3616,
#3617,#3618,#3619,#3620,#3621,#3622,#3623,#3624,#3625,#3626,#3627,#3628,
#3629,#3630,#3631,#3632,#3633,#3634,#3635,#3636,#3637,#3638,#3639,#3640,
#3641,#3642,#3643,#3644,#3645,#3646,#3647,#3648,#3649,#3650,#3651,#3652,
#3653,#3654,#3655,#3656,#3657,#3658,#3659,#3660,#3661,#3662,#3663,#3664,
#3665,#3666,#3667,#3668));
#3800=CLOSED_SHELL('',(#3669,#3670,#3671,#3672,#3673,#3674,#3675,#3676,
#3677,#3678,#3679,#3680,#3681,#3682,#3683,#3684,#3685,#3686,#3687,#3688,
#3689,#3690,#3691,#3692,#3693,#3694,#3695,#3696,#3697,#3698,#3699,#3700,
#3701,#3702,#3703,#3704,#3705,#3706,#3707,#3708,#3709,#3710,#3711,#3712,
#3713,#3714,#3715,#3716,#3717,#3718,#3719,#3720,#3721,#3722,#3723,#3724,
#3725,#3726,#3727,#3728,#3729,#3730,#3731,#3732,#3733,#3734,#3735,#3736,
#3737,#3738,#3739,#3740,#3741,#3742,#3743,#3744,#3745,#3746,#3747,#3748,
#3749,#3750,#3751,#3752,#3753,#3754,#3755,#3756,#3757,#3758,#3759,#3760,
#3761,#3762,#3763,#3764,#3765,#3766,#3767,#3768,#3769,#3770,#3771,#3772,
#3773,#3774,#3775,#3776,#3777,#3778,#3779,#3780,#3781,#3782,#3783,#3784,
#3785,#3786,#3787,#3788,#3789,#3790,#3791,#3792,#3793,#3794,#3795,#3796,
#3797,#3798));
#3801=DERIVED_UNIT_ELEMENT(#3805,1.);
#3802=DERIVED_UNIT_ELEMENT(#6991,-3.);
#3803=DERIVED_UNIT_ELEMENT(#3805,1.);
#3804=DERIVED_UNIT_ELEMENT(#6991,-3.);
#3805=(
MASS_UNIT()
NAMED_UNIT(*)
SI_UNIT(.KILO.,.GRAM.)
);
#3806=DERIVED_UNIT((#3801,#3802));
#3807=DERIVED_UNIT((#3803,#3804));
#3808=MEASURE_REPRESENTATION_ITEM('density measure',
POSITIVE_RATIO_MEASURE(7850.),#3806);
#3809=MEASURE_REPRESENTATION_ITEM('density measure',
POSITIVE_RATIO_MEASURE(7850.),#3807);
#3810=PROPERTY_DEFINITION_REPRESENTATION(#3820,#3814);
#3811=PROPERTY_DEFINITION_REPRESENTATION(#3821,#3815);
#3812=PROPERTY_DEFINITION_REPRESENTATION(#3822,#3816);
#3813=PROPERTY_DEFINITION_REPRESENTATION(#3823,#3817);
#3814=REPRESENTATION('material name',(#3818),#6987);
#3815=REPRESENTATION('density',(#3808),#6987);
#3816=REPRESENTATION('material name',(#3819),#6988);
#3817=REPRESENTATION('density',(#3809),#6988);
#3818=DESCRIPTIVE_REPRESENTATION_ITEM('Steel','Steel');
#3819=DESCRIPTIVE_REPRESENTATION_ITEM('Steel','Steel');
#3820=PROPERTY_DEFINITION('material property','material name',#7007);
#3821=PROPERTY_DEFINITION('material property','density of part',#7007);
#3822=PROPERTY_DEFINITION('material property','material name',#7008);
#3823=PROPERTY_DEFINITION('material property','density of part',#7008);
#3824=AXIS2_PLACEMENT_3D('',#5753,#4397,#4398);
#3825=AXIS2_PLACEMENT_3D('',#5754,#4399,#4400);
#3826=AXIS2_PLACEMENT_3D('',#5755,#4401,#4402);
#3827=AXIS2_PLACEMENT_3D('',#5760,#4404,#4405);
#3828=AXIS2_PLACEMENT_3D('',#5762,#4406,#4407);
#3829=AXIS2_PLACEMENT_3D('',#5763,#4408,#4409);
#3830=AXIS2_PLACEMENT_3D('',#5764,#4410,#4411);
#3831=AXIS2_PLACEMENT_3D('',#5769,#4413,#4414);
#3832=AXIS2_PLACEMENT_3D('',#5775,#4415,#4416);
#3833=AXIS2_PLACEMENT_3D('',#5781,#4417,#4418);
#3834=AXIS2_PLACEMENT_3D('',#5783,#4419,#4420);
#3835=AXIS2_PLACEMENT_3D('',#5785,#4421,#4422);
#3836=AXIS2_PLACEMENT_3D('',#5789,#4424,#4425);
#3837=AXIS2_PLACEMENT_3D('',#5792,#4427,#4428);
#3838=AXIS2_PLACEMENT_3D('',#5793,#4429,#4430);
#3839=AXIS2_PLACEMENT_3D('',#5798,#4432,#4433);
#3840=AXIS2_PLACEMENT_3D('',#5800,#4434,#4435);
#3841=AXIS2_PLACEMENT_3D('',#5801,#4436,#4437);
#3842=AXIS2_PLACEMENT_3D('',#5802,#4438,#4439);
#3843=AXIS2_PLACEMENT_3D('',#5807,#4441,#4442);
#3844=AXIS2_PLACEMENT_3D('',#5811,#4444,#4445);
#3845=AXIS2_PLACEMENT_3D('',#5815,#4447,#4448);
#3846=AXIS2_PLACEMENT_3D('',#5817,#4449,#4450);
#3847=AXIS2_PLACEMENT_3D('',#5818,#4451,#4452);
#3848=AXIS2_PLACEMENT_3D('',#5819,#4453,#4454);
#3849=AXIS2_PLACEMENT_3D('',#5830,#4456,#4457);
#3850=AXIS2_PLACEMENT_3D('',#5837,#4458,#4459);
#3851=AXIS2_PLACEMENT_3D('',#5845,#4460,#4461);
#3852=AXIS2_PLACEMENT_3D('',#5846,#4462,#4463);
#3853=AXIS2_PLACEMENT_3D('',#5848,#4464,#4465);
#3854=AXIS2_PLACEMENT_3D('',#5852,#4467,#4468);
#3855=AXIS2_PLACEMENT_3D('',#5854,#4470,#4471);
#3856=AXIS2_PLACEMENT_3D('',#5856,#4472,#4473);
#3857=AXIS2_PLACEMENT_3D('',#5859,#4475,#4476);
#3858=AXIS2_PLACEMENT_3D('',#5863,#4478,#4479);
#3859=AXIS2_PLACEMENT_3D('',#5865,#4480,#4481);
#3860=AXIS2_PLACEMENT_3D('',#5867,#4482,#4483);
#3861=AXIS2_PLACEMENT_3D('',#5869,#4484,#4485);
#3862=AXIS2_PLACEMENT_3D('',#5871,#4486,#4487);
#3863=AXIS2_PLACEMENT_3D('',#5873,#4488,#4489);
#3864=AXIS2_PLACEMENT_3D('',#5874,#4490,#4491);
#3865=AXIS2_PLACEMENT_3D('',#5875,#4492,#4493);
#3866=AXIS2_PLACEMENT_3D('',#5878,#4495,#4496);
#3867=AXIS2_PLACEMENT_3D('',#5879,#4497,#4498);
#3868=AXIS2_PLACEMENT_3D('',#5887,#4500,#4501);
#3869=AXIS2_PLACEMENT_3D('',#5893,#4502,#4503);
#3870=AXIS2_PLACEMENT_3D('',#5894,#4504,#4505);
#3871=AXIS2_PLACEMENT_3D('',#5898,#4507,#4508);
#3872=AXIS2_PLACEMENT_3D('',#5900,#4510,#4511);
#3873=AXIS2_PLACEMENT_3D('',#5907,#4515,#4516);
#3874=AXIS2_PLACEMENT_3D('',#5909,#4517,#4518);
#3875=AXIS2_PLACEMENT_3D('',#5912,#4520,#4521);
#3876=AXIS2_PLACEMENT_3D('',#5913,#4522,#4523);
#3877=AXIS2_PLACEMENT_3D('',#5915,#4524,#4525);
#3878=AXIS2_PLACEMENT_3D('',#5926,#4527,#4528);
#3879=AXIS2_PLACEMENT_3D('',#5935,#4529,#4530);
#3880=AXIS2_PLACEMENT_3D('',#5940,#4531,#4532);
#3881=AXIS2_PLACEMENT_3D('',#5942,#4533,#4534);
#3882=AXIS2_PLACEMENT_3D('',#5945,#4536,#4537);
#3883=AXIS2_PLACEMENT_3D('',#5949,#4539,#4540);
#3884=AXIS2_PLACEMENT_3D('',#5951,#4541,#4542);
#3885=AXIS2_PLACEMENT_3D('',#5953,#4543,#4544);
#3886=AXIS2_PLACEMENT_3D('',#5955,#4545,#4546);
#3887=AXIS2_PLACEMENT_3D('',#5957,#4547,#4548);
#3888=AXIS2_PLACEMENT_3D('',#5959,#4549,#4550);
#3889=AXIS2_PLACEMENT_3D('',#5961,#4551,#4552);
#3890=AXIS2_PLACEMENT_3D('',#5962,#4553,#4554);
#3891=AXIS2_PLACEMENT_3D('',#5963,#4555,#4556);
#3892=AXIS2_PLACEMENT_3D('',#5967,#4558,#4559);
#3893=AXIS2_PLACEMENT_3D('',#5970,#4561,#4562);
#3894=AXIS2_PLACEMENT_3D('',#5971,#4563,#4564);
#3895=AXIS2_PLACEMENT_3D('',#5973,#4565,#4566);
#3896=AXIS2_PLACEMENT_3D('',#5975,#4568,#4569);
#3897=AXIS2_PLACEMENT_3D('',#5987,#4571,#4572);
#3898=AXIS2_PLACEMENT_3D('',#5988,#4573,#4574);
#3899=AXIS2_PLACEMENT_3D('',#5992,#4576,#4577);
#3900=AXIS2_PLACEMENT_3D('',#5994,#4579,#4580);
#3901=AXIS2_PLACEMENT_3D('',#5997,#4582,#4583);
#3902=AXIS2_PLACEMENT_3D('',#5998,#4584,#4585);
#3903=AXIS2_PLACEMENT_3D('',#6001,#4586,#4587);
#3904=AXIS2_PLACEMENT_3D('',#6005,#4589,#4590);
#3905=AXIS2_PLACEMENT_3D('',#6006,#4591,#4592);
#3906=AXIS2_PLACEMENT_3D('',#6008,#4593,#4594);
#3907=AXIS2_PLACEMENT_3D('',#6009,#4595,#4596);
#3908=AXIS2_PLACEMENT_3D('',#6010,#4597,#4598);
#3909=AXIS2_PLACEMENT_3D('',#6013,#4599,#4600);
#3910=AXIS2_PLACEMENT_3D('',#6016,#4602,#4603);
#3911=AXIS2_PLACEMENT_3D('',#6017,#4604,#4605);
#3912=AXIS2_PLACEMENT_3D('',#6018,#4606,#4607);
#3913=AXIS2_PLACEMENT_3D('',#6021,#4608,#4609);
#3914=AXIS2_PLACEMENT_3D('',#6024,#4611,#4612);
#3915=AXIS2_PLACEMENT_3D('',#6025,#4613,#4614);
#3916=AXIS2_PLACEMENT_3D('',#6026,#4615,#4616);
#3917=AXIS2_PLACEMENT_3D('',#6028,#4617,#4618);
#3918=AXIS2_PLACEMENT_3D('',#6030,#4619,#4620);
#3919=AXIS2_PLACEMENT_3D('',#6032,#4621,#4622);
#3920=AXIS2_PLACEMENT_3D('',#6033,#4623,#4624);
#3921=AXIS2_PLACEMENT_3D('',#6034,#4625,#4626);
#3922=AXIS2_PLACEMENT_3D('',#6036,#4627,#4628);
#3923=AXIS2_PLACEMENT_3D('',#6038,#4629,#4630);
#3924=AXIS2_PLACEMENT_3D('',#6039,#4631,#4632);
#3925=AXIS2_PLACEMENT_3D('',#6040,#4633,#4634);
#3926=AXIS2_PLACEMENT_3D('',#6041,#4635,#4636);
#3927=AXIS2_PLACEMENT_3D('',#6043,#4637,#4638);
#3928=AXIS2_PLACEMENT_3D('',#6045,#4639,#4640);
#3929=AXIS2_PLACEMENT_3D('',#6047,#4641,#4642);
#3930=AXIS2_PLACEMENT_3D('',#6049,#4643,#4644);
#3931=AXIS2_PLACEMENT_3D('',#6051,#4645,#4646);
#3932=AXIS2_PLACEMENT_3D('',#6055,#4648,#4649);
#3933=AXIS2_PLACEMENT_3D('',#6057,#4650,#4651);
#3934=AXIS2_PLACEMENT_3D('',#6059,#4652,#4653);
#3935=AXIS2_PLACEMENT_3D('',#6061,#4654,#4655);
#3936=AXIS2_PLACEMENT_3D('',#6062,#4656,#4657);
#3937=AXIS2_PLACEMENT_3D('',#6063,#4658,#4659);
#3938=AXIS2_PLACEMENT_3D('',#6065,#4660,#4661);
#3939=AXIS2_PLACEMENT_3D('',#6067,#4662,#4663);
#3940=AXIS2_PLACEMENT_3D('',#6068,#4664,#4665);
#3941=AXIS2_PLACEMENT_3D('',#6070,#4666,#4667);
#3942=AXIS2_PLACEMENT_3D('',#6071,#4668,#4669);
#3943=AXIS2_PLACEMENT_3D('',#6072,#4670,#4671);
#3944=AXIS2_PLACEMENT_3D('',#6074,#4672,#4673);
#3945=AXIS2_PLACEMENT_3D('',#6076,#4675,#4676);
#3946=AXIS2_PLACEMENT_3D('',#6080,#4678,#4679);
#3947=AXIS2_PLACEMENT_3D('',#6083,#4681,#4682);
#3948=AXIS2_PLACEMENT_3D('',#6084,#4683,#4684);
#3949=AXIS2_PLACEMENT_3D('',#6086,#4686,#4687);
#3950=AXIS2_PLACEMENT_3D('',#6089,#4689,#4690);
#3951=AXIS2_PLACEMENT_3D('',#6090,#4691,#4692);
#3952=AXIS2_PLACEMENT_3D('',#6092,#4694,#4695);
#3953=AXIS2_PLACEMENT_3D('',#6095,#4697,#4698);
#3954=AXIS2_PLACEMENT_3D('',#6096,#4699,#4700);
#3955=AXIS2_PLACEMENT_3D('',#6097,#4701,#4702);
#3956=AXIS2_PLACEMENT_3D('',#6098,#4703,#4704);
#3957=AXIS2_PLACEMENT_3D('',#6099,#4705,#4706);
#3958=AXIS2_PLACEMENT_3D('',#6101,#4708,#4709);
#3959=AXIS2_PLACEMENT_3D('',#6103,#4711,#4712);
#3960=AXIS2_PLACEMENT_3D('',#6104,#4713,#4714);
#3961=AXIS2_PLACEMENT_3D('',#6105,#4715,#4716);
#3962=AXIS2_PLACEMENT_3D('',#6107,#4718,#4719);
#3963=AXIS2_PLACEMENT_3D('',#6109,#4721,#4722);
#3964=AXIS2_PLACEMENT_3D('',#6111,#4724,#4725);
#3965=AXIS2_PLACEMENT_3D('',#6112,#4726,#4727);
#3966=AXIS2_PLACEMENT_3D('',#6114,#4729,#4730);
#3967=AXIS2_PLACEMENT_3D('',#6115,#4731,#4732);
#3968=AXIS2_PLACEMENT_3D('',#6116,#4733,#4734);
#3969=AXIS2_PLACEMENT_3D('',#6117,#4735,#4736);
#3970=AXIS2_PLACEMENT_3D('',#6119,#4737,#4738);
#3971=AXIS2_PLACEMENT_3D('',#6121,#4740,#4741);
#3972=AXIS2_PLACEMENT_3D('',#6122,#4742,#4743);
#3973=AXIS2_PLACEMENT_3D('',#6124,#4745,#4746);
#3974=AXIS2_PLACEMENT_3D('',#6125,#4747,#4748);
#3975=AXIS2_PLACEMENT_3D('',#6126,#4749,#4750);
#3976=AXIS2_PLACEMENT_3D('',#6128,#4751,#4752);
#3977=AXIS2_PLACEMENT_3D('',#6131,#4754,#4755);
#3978=AXIS2_PLACEMENT_3D('',#6132,#4756,#4757);
#3979=AXIS2_PLACEMENT_3D('',#6133,#4758,#4759);
#3980=AXIS2_PLACEMENT_3D('',#6136,#4761,#4762);
#3981=AXIS2_PLACEMENT_3D('',#6137,#4763,#4764);
#3982=AXIS2_PLACEMENT_3D('',#6139,#4766,#4767);
#3983=AXIS2_PLACEMENT_3D('',#6140,#4768,#4769);
#3984=AXIS2_PLACEMENT_3D('',#6142,#4771,#4772);
#3985=AXIS2_PLACEMENT_3D('',#6143,#4773,#4774);
#3986=AXIS2_PLACEMENT_3D('',#6144,#4775,#4776);
#3987=AXIS2_PLACEMENT_3D('',#6145,#4777,#4778);
#3988=AXIS2_PLACEMENT_3D('',#6147,#4780,#4781);
#3989=AXIS2_PLACEMENT_3D('',#6149,#4783,#4784);
#3990=AXIS2_PLACEMENT_3D('',#6151,#4786,#4787);
#3991=AXIS2_PLACEMENT_3D('',#6152,#4788,#4789);
#3992=AXIS2_PLACEMENT_3D('',#6154,#4791,#4792);
#3993=AXIS2_PLACEMENT_3D('',#6156,#4794,#4795);
#3994=AXIS2_PLACEMENT_3D('',#6157,#4796,#4797);
#3995=AXIS2_PLACEMENT_3D('',#6166,#4801,#4802);
#3996=AXIS2_PLACEMENT_3D('',#6168,#4803,#4804);
#3997=AXIS2_PLACEMENT_3D('',#6170,#4806,#4807);
#3998=AXIS2_PLACEMENT_3D('',#6172,#4809,#4810);
#3999=AXIS2_PLACEMENT_3D('',#6176,#4811,#4812);
#4000=AXIS2_PLACEMENT_3D('',#6177,#4813,#4814);
#4001=AXIS2_PLACEMENT_3D('',#6181,#4816,#4817);
#4002=AXIS2_PLACEMENT_3D('',#6184,#4819,#4820);
#4003=AXIS2_PLACEMENT_3D('',#6185,#4821,#4822);
#4004=AXIS2_PLACEMENT_3D('',#6186,#4823,#4824);
#4005=AXIS2_PLACEMENT_3D('',#6187,#4825,#4826);
#4006=AXIS2_PLACEMENT_3D('',#6189,#4828,#4829);
#4007=AXIS2_PLACEMENT_3D('',#6191,#4831,#4832);
#4008=AXIS2_PLACEMENT_3D('',#6193,#4834,#4835);
#4009=AXIS2_PLACEMENT_3D('',#6197,#4838,#4839);
#4010=AXIS2_PLACEMENT_3D('',#6199,#4840,#4841);
#4011=AXIS2_PLACEMENT_3D('',#6201,#4843,#4844);
#4012=AXIS2_PLACEMENT_3D('',#6205,#4847,#4848);
#4013=AXIS2_PLACEMENT_3D('',#6206,#4849,#4850);
#4014=AXIS2_PLACEMENT_3D('',#6207,#4851,#4852);
#4015=AXIS2_PLACEMENT_3D('',#6208,#4853,#4854);
#4016=AXIS2_PLACEMENT_3D('',#6209,#4855,#4856);
#4017=AXIS2_PLACEMENT_3D('',#6210,#4857,#4858);
#4018=AXIS2_PLACEMENT_3D('',#6213,#4859,#4860);
#4019=AXIS2_PLACEMENT_3D('',#6217,#4862,#4863);
#4020=AXIS2_PLACEMENT_3D('',#6219,#4865,#4866);
#4021=AXIS2_PLACEMENT_3D('',#6222,#4867,#4868);
#4022=AXIS2_PLACEMENT_3D('',#6226,#4870,#4871);
#4023=AXIS2_PLACEMENT_3D('',#6228,#4873,#4874);
#4024=AXIS2_PLACEMENT_3D('',#6230,#4875,#4876);
#4025=AXIS2_PLACEMENT_3D('',#6232,#4877,#4878);
#4026=AXIS2_PLACEMENT_3D('',#6234,#4880,#4881);
#4027=AXIS2_PLACEMENT_3D('',#6236,#4882,#4883);
#4028=AXIS2_PLACEMENT_3D('',#6238,#4884,#4885);
#4029=AXIS2_PLACEMENT_3D('',#6240,#4887,#4888);
#4030=AXIS2_PLACEMENT_3D('',#6242,#4889,#4890);
#4031=AXIS2_PLACEMENT_3D('',#6244,#4891,#4892);
#4032=AXIS2_PLACEMENT_3D('',#6246,#4894,#4895);
#4033=AXIS2_PLACEMENT_3D('',#6248,#4896,#4897);
#4034=AXIS2_PLACEMENT_3D('',#6250,#4898,#4899);
#4035=AXIS2_PLACEMENT_3D('',#6252,#4901,#4902);
#4036=AXIS2_PLACEMENT_3D('',#6254,#4903,#4904);
#4037=AXIS2_PLACEMENT_3D('',#6256,#4905,#4906);
#4038=AXIS2_PLACEMENT_3D('',#6258,#4908,#4909);
#4039=AXIS2_PLACEMENT_3D('',#6260,#4910,#4911);
#4040=AXIS2_PLACEMENT_3D('',#6262,#4912,#4913);
#4041=AXIS2_PLACEMENT_3D('',#6264,#4915,#4916);
#4042=AXIS2_PLACEMENT_3D('',#6266,#4917,#4918);
#4043=AXIS2_PLACEMENT_3D('',#6268,#4919,#4920);
#4044=AXIS2_PLACEMENT_3D('',#6270,#4922,#4923);
#4045=AXIS2_PLACEMENT_3D('',#6272,#4924,#4925);
#4046=AXIS2_PLACEMENT_3D('',#6274,#4926,#4927);
#4047=AXIS2_PLACEMENT_3D('',#6276,#4929,#4930);
#4048=AXIS2_PLACEMENT_3D('',#6278,#4931,#4932);
#4049=AXIS2_PLACEMENT_3D('',#6280,#4933,#4934);
#4050=AXIS2_PLACEMENT_3D('',#6282,#4936,#4937);
#4051=AXIS2_PLACEMENT_3D('',#6283,#4938,#4939);
#4052=AXIS2_PLACEMENT_3D('',#6284,#4940,#4941);
#4053=AXIS2_PLACEMENT_3D('',#6285,#4942,#4943);
#4054=AXIS2_PLACEMENT_3D('',#6288,#4944,#4945);
#4055=AXIS2_PLACEMENT_3D('',#6292,#4947,#4948);
#4056=AXIS2_PLACEMENT_3D('',#6294,#4950,#4951);
#4057=AXIS2_PLACEMENT_3D('',#6297,#4952,#4953);
#4058=AXIS2_PLACEMENT_3D('',#6301,#4955,#4956);
#4059=AXIS2_PLACEMENT_3D('',#6303,#4958,#4959);
#4060=AXIS2_PLACEMENT_3D('',#6305,#4960,#4961);
#4061=AXIS2_PLACEMENT_3D('',#6307,#4962,#4963);
#4062=AXIS2_PLACEMENT_3D('',#6309,#4965,#4966);
#4063=AXIS2_PLACEMENT_3D('',#6311,#4967,#4968);
#4064=AXIS2_PLACEMENT_3D('',#6313,#4969,#4970);
#4065=AXIS2_PLACEMENT_3D('',#6315,#4972,#4973);
#4066=AXIS2_PLACEMENT_3D('',#6317,#4974,#4975);
#4067=AXIS2_PLACEMENT_3D('',#6319,#4976,#4977);
#4068=AXIS2_PLACEMENT_3D('',#6321,#4979,#4980);
#4069=AXIS2_PLACEMENT_3D('',#6323,#4981,#4982);
#4070=AXIS2_PLACEMENT_3D('',#6325,#4983,#4984);
#4071=AXIS2_PLACEMENT_3D('',#6327,#4986,#4987);
#4072=AXIS2_PLACEMENT_3D('',#6329,#4988,#4989);
#4073=AXIS2_PLACEMENT_3D('',#6331,#4990,#4991);
#4074=AXIS2_PLACEMENT_3D('',#6333,#4993,#4994);
#4075=AXIS2_PLACEMENT_3D('',#6335,#4995,#4996);
#4076=AXIS2_PLACEMENT_3D('',#6337,#4997,#4998);
#4077=AXIS2_PLACEMENT_3D('',#6339,#5000,#5001);
#4078=AXIS2_PLACEMENT_3D('',#6341,#5002,#5003);
#4079=AXIS2_PLACEMENT_3D('',#6343,#5004,#5005);
#4080=AXIS2_PLACEMENT_3D('',#6345,#5007,#5008);
#4081=AXIS2_PLACEMENT_3D('',#6347,#5009,#5010);
#4082=AXIS2_PLACEMENT_3D('',#6349,#5011,#5012);
#4083=AXIS2_PLACEMENT_3D('',#6351,#5014,#5015);
#4084=AXIS2_PLACEMENT_3D('',#6353,#5016,#5017);
#4085=AXIS2_PLACEMENT_3D('',#6355,#5018,#5019);
#4086=AXIS2_PLACEMENT_3D('',#6357,#5021,#5022);
#4087=AXIS2_PLACEMENT_3D('',#6358,#5023,#5024);
#4088=AXIS2_PLACEMENT_3D('',#6359,#5025,#5026);
#4089=AXIS2_PLACEMENT_3D('',#6360,#5027,#5028);
#4090=AXIS2_PLACEMENT_3D('',#6363,#5029,#5030);
#4091=AXIS2_PLACEMENT_3D('',#6367,#5032,#5033);
#4092=AXIS2_PLACEMENT_3D('',#6369,#5035,#5036);
#4093=AXIS2_PLACEMENT_3D('',#6372,#5037,#5038);
#4094=AXIS2_PLACEMENT_3D('',#6376,#5040,#5041);
#4095=AXIS2_PLACEMENT_3D('',#6378,#5043,#5044);
#4096=AXIS2_PLACEMENT_3D('',#6380,#5045,#5046);
#4097=AXIS2_PLACEMENT_3D('',#6382,#5047,#5048);
#4098=AXIS2_PLACEMENT_3D('',#6384,#5050,#5051);
#4099=AXIS2_PLACEMENT_3D('',#6386,#5052,#5053);
#4100=AXIS2_PLACEMENT_3D('',#6388,#5054,#5055);
#4101=AXIS2_PLACEMENT_3D('',#6390,#5057,#5058);
#4102=AXIS2_PLACEMENT_3D('',#6392,#5059,#5060);
#4103=AXIS2_PLACEMENT_3D('',#6394,#5061,#5062);
#4104=AXIS2_PLACEMENT_3D('',#6396,#5064,#5065);
#4105=AXIS2_PLACEMENT_3D('',#6398,#5066,#5067);
#4106=AXIS2_PLACEMENT_3D('',#6400,#5068,#5069);
#4107=AXIS2_PLACEMENT_3D('',#6402,#5071,#5072);
#4108=AXIS2_PLACEMENT_3D('',#6404,#5073,#5074);
#4109=AXIS2_PLACEMENT_3D('',#6406,#5075,#5076);
#4110=AXIS2_PLACEMENT_3D('',#6408,#5078,#5079);
#4111=AXIS2_PLACEMENT_3D('',#6410,#5080,#5081);
#4112=AXIS2_PLACEMENT_3D('',#6412,#5082,#5083);
#4113=AXIS2_PLACEMENT_3D('',#6414,#5085,#5086);
#4114=AXIS2_PLACEMENT_3D('',#6416,#5087,#5088);
#4115=AXIS2_PLACEMENT_3D('',#6418,#5089,#5090);
#4116=AXIS2_PLACEMENT_3D('',#6420,#5092,#5093);
#4117=AXIS2_PLACEMENT_3D('',#6422,#5094,#5095);
#4118=AXIS2_PLACEMENT_3D('',#6424,#5096,#5097);
#4119=AXIS2_PLACEMENT_3D('',#6426,#5099,#5100);
#4120=AXIS2_PLACEMENT_3D('',#6428,#5101,#5102);
#4121=AXIS2_PLACEMENT_3D('',#6430,#5103,#5104);
#4122=AXIS2_PLACEMENT_3D('',#6432,#5106,#5107);
#4123=AXIS2_PLACEMENT_3D('',#6433,#5108,#5109);
#4124=AXIS2_PLACEMENT_3D('',#6434,#5110,#5111);
#4125=AXIS2_PLACEMENT_3D('',#6435,#5112,#5113);
#4126=AXIS2_PLACEMENT_3D('',#6438,#5114,#5115);
#4127=AXIS2_PLACEMENT_3D('',#6442,#5117,#5118);
#4128=AXIS2_PLACEMENT_3D('',#6444,#5120,#5121);
#4129=AXIS2_PLACEMENT_3D('',#6447,#5122,#5123);
#4130=AXIS2_PLACEMENT_3D('',#6451,#5125,#5126);
#4131=AXIS2_PLACEMENT_3D('',#6453,#5128,#5129);
#4132=AXIS2_PLACEMENT_3D('',#6455,#5130,#5131);
#4133=AXIS2_PLACEMENT_3D('',#6457,#5132,#5133);
#4134=AXIS2_PLACEMENT_3D('',#6459,#5135,#5136);
#4135=AXIS2_PLACEMENT_3D('',#6461,#5137,#5138);
#4136=AXIS2_PLACEMENT_3D('',#6463,#5139,#5140);
#4137=AXIS2_PLACEMENT_3D('',#6465,#5142,#5143);
#4138=AXIS2_PLACEMENT_3D('',#6467,#5144,#5145);
#4139=AXIS2_PLACEMENT_3D('',#6469,#5146,#5147);
#4140=AXIS2_PLACEMENT_3D('',#6471,#5149,#5150);
#4141=AXIS2_PLACEMENT_3D('',#6473,#5151,#5152);
#4142=AXIS2_PLACEMENT_3D('',#6475,#5153,#5154);
#4143=AXIS2_PLACEMENT_3D('',#6477,#5156,#5157);
#4144=AXIS2_PLACEMENT_3D('',#6479,#5158,#5159);
#4145=AXIS2_PLACEMENT_3D('',#6481,#5160,#5161);
#4146=AXIS2_PLACEMENT_3D('',#6483,#5163,#5164);
#4147=AXIS2_PLACEMENT_3D('',#6485,#5165,#5166);
#4148=AXIS2_PLACEMENT_3D('',#6487,#5167,#5168);
#4149=AXIS2_PLACEMENT_3D('',#6489,#5170,#5171);
#4150=AXIS2_PLACEMENT_3D('',#6491,#5172,#5173);
#4151=AXIS2_PLACEMENT_3D('',#6493,#5174,#5175);
#4152=AXIS2_PLACEMENT_3D('',#6495,#5177,#5178);
#4153=AXIS2_PLACEMENT_3D('',#6497,#5179,#5180);
#4154=AXIS2_PLACEMENT_3D('',#6499,#5181,#5182);
#4155=AXIS2_PLACEMENT_3D('',#6501,#5184,#5185);
#4156=AXIS2_PLACEMENT_3D('',#6503,#5186,#5187);
#4157=AXIS2_PLACEMENT_3D('',#6505,#5188,#5189);
#4158=AXIS2_PLACEMENT_3D('',#6507,#5191,#5192);
#4159=AXIS2_PLACEMENT_3D('',#6508,#5193,#5194);
#4160=AXIS2_PLACEMENT_3D('',#6509,#5195,#5196);
#4161=AXIS2_PLACEMENT_3D('',#6510,#5197,#5198);
#4162=AXIS2_PLACEMENT_3D('',#6513,#5199,#5200);
#4163=AXIS2_PLACEMENT_3D('',#6517,#5202,#5203);
#4164=AXIS2_PLACEMENT_3D('',#6519,#5205,#5206);
#4165=AXIS2_PLACEMENT_3D('',#6522,#5207,#5208);
#4166=AXIS2_PLACEMENT_3D('',#6526,#5210,#5211);
#4167=AXIS2_PLACEMENT_3D('',#6528,#5213,#5214);
#4168=AXIS2_PLACEMENT_3D('',#6530,#5215,#5216);
#4169=AXIS2_PLACEMENT_3D('',#6532,#5217,#5218);
#4170=AXIS2_PLACEMENT_3D('',#6534,#5220,#5221);
#4171=AXIS2_PLACEMENT_3D('',#6536,#5222,#5223);
#4172=AXIS2_PLACEMENT_3D('',#6538,#5224,#5225);
#4173=AXIS2_PLACEMENT_3D('',#6540,#5227,#5228);
#4174=AXIS2_PLACEMENT_3D('',#6542,#5229,#5230);
#4175=AXIS2_PLACEMENT_3D('',#6544,#5231,#5232);
#4176=AXIS2_PLACEMENT_3D('',#6546,#5234,#5235);
#4177=AXIS2_PLACEMENT_3D('',#6548,#5236,#5237);
#4178=AXIS2_PLACEMENT_3D('',#6550,#5238,#5239);
#4179=AXIS2_PLACEMENT_3D('',#6552,#5241,#5242);
#4180=AXIS2_PLACEMENT_3D('',#6554,#5243,#5244);
#4181=AXIS2_PLACEMENT_3D('',#6556,#5245,#5246);
#4182=AXIS2_PLACEMENT_3D('',#6558,#5248,#5249);
#4183=AXIS2_PLACEMENT_3D('',#6560,#5250,#5251);
#4184=AXIS2_PLACEMENT_3D('',#6562,#5252,#5253);
#4185=AXIS2_PLACEMENT_3D('',#6564,#5255,#5256);
#4186=AXIS2_PLACEMENT_3D('',#6566,#5257,#5258);
#4187=AXIS2_PLACEMENT_3D('',#6568,#5259,#5260);
#4188=AXIS2_PLACEMENT_3D('',#6570,#5262,#5263);
#4189=AXIS2_PLACEMENT_3D('',#6572,#5264,#5265);
#4190=AXIS2_PLACEMENT_3D('',#6574,#5266,#5267);
#4191=AXIS2_PLACEMENT_3D('',#6576,#5269,#5270);
#4192=AXIS2_PLACEMENT_3D('',#6578,#5271,#5272);
#4193=AXIS2_PLACEMENT_3D('',#6580,#5273,#5274);
#4194=AXIS2_PLACEMENT_3D('',#6582,#5276,#5277);
#4195=AXIS2_PLACEMENT_3D('',#6583,#5278,#5279);
#4196=AXIS2_PLACEMENT_3D('',#6584,#5280,#5281);
#4197=AXIS2_PLACEMENT_3D('',#6585,#5282,#5283);
#4198=AXIS2_PLACEMENT_3D('',#6588,#5284,#5285);
#4199=AXIS2_PLACEMENT_3D('',#6592,#5287,#5288);
#4200=AXIS2_PLACEMENT_3D('',#6594,#5290,#5291);
#4201=AXIS2_PLACEMENT_3D('',#6597,#5292,#5293);
#4202=AXIS2_PLACEMENT_3D('',#6601,#5295,#5296);
#4203=AXIS2_PLACEMENT_3D('',#6603,#5298,#5299);
#4204=AXIS2_PLACEMENT_3D('',#6605,#5300,#5301);
#4205=AXIS2_PLACEMENT_3D('',#6607,#5302,#5303);
#4206=AXIS2_PLACEMENT_3D('',#6609,#5305,#5306);
#4207=AXIS2_PLACEMENT_3D('',#6611,#5307,#5308);
#4208=AXIS2_PLACEMENT_3D('',#6613,#5309,#5310);
#4209=AXIS2_PLACEMENT_3D('',#6615,#5312,#5313);
#4210=AXIS2_PLACEMENT_3D('',#6617,#5314,#5315);
#4211=AXIS2_PLACEMENT_3D('',#6619,#5316,#5317);
#4212=AXIS2_PLACEMENT_3D('',#6621,#5319,#5320);
#4213=AXIS2_PLACEMENT_3D('',#6623,#5321,#5322);
#4214=AXIS2_PLACEMENT_3D('',#6625,#5323,#5324);
#4215=AXIS2_PLACEMENT_3D('',#6627,#5326,#5327);
#4216=AXIS2_PLACEMENT_3D('',#6629,#5328,#5329);
#4217=AXIS2_PLACEMENT_3D('',#6631,#5330,#5331);
#4218=AXIS2_PLACEMENT_3D('',#6633,#5333,#5334);
#4219=AXIS2_PLACEMENT_3D('',#6635,#5335,#5336);
#4220=AXIS2_PLACEMENT_3D('',#6637,#5337,#5338);
#4221=AXIS2_PLACEMENT_3D('',#6639,#5340,#5341);
#4222=AXIS2_PLACEMENT_3D('',#6641,#5342,#5343);
#4223=AXIS2_PLACEMENT_3D('',#6643,#5344,#5345);
#4224=AXIS2_PLACEMENT_3D('',#6645,#5347,#5348);
#4225=AXIS2_PLACEMENT_3D('',#6647,#5349,#5350);
#4226=AXIS2_PLACEMENT_3D('',#6649,#5351,#5352);
#4227=AXIS2_PLACEMENT_3D('',#6651,#5354,#5355);
#4228=AXIS2_PLACEMENT_3D('',#6653,#5356,#5357);
#4229=AXIS2_PLACEMENT_3D('',#6655,#5358,#5359);
#4230=AXIS2_PLACEMENT_3D('',#6657,#5361,#5362);
#4231=AXIS2_PLACEMENT_3D('',#6658,#5363,#5364);
#4232=AXIS2_PLACEMENT_3D('',#6659,#5365,#5366);
#4233=AXIS2_PLACEMENT_3D('',#6660,#5367,#5368);
#4234=AXIS2_PLACEMENT_3D('',#6663,#5369,#5370);
#4235=AXIS2_PLACEMENT_3D('',#6667,#5372,#5373);
#4236=AXIS2_PLACEMENT_3D('',#6669,#5375,#5376);
#4237=AXIS2_PLACEMENT_3D('',#6672,#5377,#5378);
#4238=AXIS2_PLACEMENT_3D('',#6676,#5380,#5381);
#4239=AXIS2_PLACEMENT_3D('',#6678,#5383,#5384);
#4240=AXIS2_PLACEMENT_3D('',#6680,#5385,#5386);
#4241=AXIS2_PLACEMENT_3D('',#6682,#5387,#5388);
#4242=AXIS2_PLACEMENT_3D('',#6684,#5390,#5391);
#4243=AXIS2_PLACEMENT_3D('',#6686,#5392,#5393);
#4244=AXIS2_PLACEMENT_3D('',#6688,#5394,#5395);
#4245=AXIS2_PLACEMENT_3D('',#6690,#5397,#5398);
#4246=AXIS2_PLACEMENT_3D('',#6692,#5399,#5400);
#4247=AXIS2_PLACEMENT_3D('',#6694,#5401,#5402);
#4248=AXIS2_PLACEMENT_3D('',#6696,#5404,#5405);
#4249=AXIS2_PLACEMENT_3D('',#6698,#5406,#5407);
#4250=AXIS2_PLACEMENT_3D('',#6700,#5408,#5409);
#4251=AXIS2_PLACEMENT_3D('',#6702,#5411,#5412);
#4252=AXIS2_PLACEMENT_3D('',#6704,#5413,#5414);
#4253=AXIS2_PLACEMENT_3D('',#6706,#5415,#5416);
#4254=AXIS2_PLACEMENT_3D('',#6708,#5418,#5419);
#4255=AXIS2_PLACEMENT_3D('',#6710,#5420,#5421);
#4256=AXIS2_PLACEMENT_3D('',#6712,#5422,#5423);
#4257=AXIS2_PLACEMENT_3D('',#6714,#5425,#5426);
#4258=AXIS2_PLACEMENT_3D('',#6716,#5427,#5428);
#4259=AXIS2_PLACEMENT_3D('',#6718,#5429,#5430);
#4260=AXIS2_PLACEMENT_3D('',#6720,#5432,#5433);
#4261=AXIS2_PLACEMENT_3D('',#6722,#5434,#5435);
#4262=AXIS2_PLACEMENT_3D('',#6724,#5436,#5437);
#4263=AXIS2_PLACEMENT_3D('',#6726,#5439,#5440);
#4264=AXIS2_PLACEMENT_3D('',#6728,#5441,#5442);
#4265=AXIS2_PLACEMENT_3D('',#6730,#5443,#5444);
#4266=AXIS2_PLACEMENT_3D('',#6732,#5446,#5447);
#4267=AXIS2_PLACEMENT_3D('',#6733,#5448,#5449);
#4268=AXIS2_PLACEMENT_3D('',#6734,#5450,#5451);
#4269=AXIS2_PLACEMENT_3D('',#6735,#5452,#5453);
#4270=AXIS2_PLACEMENT_3D('',#6738,#5454,#5455);
#4271=AXIS2_PLACEMENT_3D('',#6742,#5457,#5458);
#4272=AXIS2_PLACEMENT_3D('',#6744,#5460,#5461);
#4273=AXIS2_PLACEMENT_3D('',#6747,#5462,#5463);
#4274=AXIS2_PLACEMENT_3D('',#6751,#5465,#5466);
#4275=AXIS2_PLACEMENT_3D('',#6753,#5468,#5469);
#4276=AXIS2_PLACEMENT_3D('',#6755,#5470,#5471);
#4277=AXIS2_PLACEMENT_3D('',#6757,#5472,#5473);
#4278=AXIS2_PLACEMENT_3D('',#6759,#5475,#5476);
#4279=AXIS2_PLACEMENT_3D('',#6761,#5477,#5478);
#4280=AXIS2_PLACEMENT_3D('',#6763,#5479,#5480);
#4281=AXIS2_PLACEMENT_3D('',#6765,#5482,#5483);
#4282=AXIS2_PLACEMENT_3D('',#6767,#5484,#5485);
#4283=AXIS2_PLACEMENT_3D('',#6769,#5486,#5487);
#4284=AXIS2_PLACEMENT_3D('',#6771,#5489,#5490);
#4285=AXIS2_PLACEMENT_3D('',#6773,#5491,#5492);
#4286=AXIS2_PLACEMENT_3D('',#6775,#5493,#5494);
#4287=AXIS2_PLACEMENT_3D('',#6777,#5496,#5497);
#4288=AXIS2_PLACEMENT_3D('',#6779,#5498,#5499);
#4289=AXIS2_PLACEMENT_3D('',#6781,#5500,#5501);
#4290=AXIS2_PLACEMENT_3D('',#6783,#5503,#5504);
#4291=AXIS2_PLACEMENT_3D('',#6785,#5505,#5506);
#4292=AXIS2_PLACEMENT_3D('',#6787,#5507,#5508);
#4293=AXIS2_PLACEMENT_3D('',#6789,#5510,#5511);
#4294=AXIS2_PLACEMENT_3D('',#6791,#5512,#5513);
#4295=AXIS2_PLACEMENT_3D('',#6793,#5514,#5515);
#4296=AXIS2_PLACEMENT_3D('',#6795,#5517,#5518);
#4297=AXIS2_PLACEMENT_3D('',#6797,#5519,#5520);
#4298=AXIS2_PLACEMENT_3D('',#6799,#5521,#5522);
#4299=AXIS2_PLACEMENT_3D('',#6801,#5524,#5525);
#4300=AXIS2_PLACEMENT_3D('',#6803,#5526,#5527);
#4301=AXIS2_PLACEMENT_3D('',#6805,#5528,#5529);
#4302=AXIS2_PLACEMENT_3D('',#6807,#5531,#5532);
#4303=AXIS2_PLACEMENT_3D('',#6808,#5533,#5534);
#4304=AXIS2_PLACEMENT_3D('',#6809,#5535,#5536);
#4305=AXIS2_PLACEMENT_3D('',#6810,#5537,#5538);
#4306=AXIS2_PLACEMENT_3D('',#6812,#5539,#5540);
#4307=AXIS2_PLACEMENT_3D('',#6815,#5542,#5543);
#4308=AXIS2_PLACEMENT_3D('',#6816,#5544,#5545);
#4309=AXIS2_PLACEMENT_3D('',#6817,#5546,#5547);
#4310=AXIS2_PLACEMENT_3D('',#6818,#5548,#5549);
#4311=AXIS2_PLACEMENT_3D('',#6819,#5550,#5551);
#4312=AXIS2_PLACEMENT_3D('',#6820,#5552,#5553);
#4313=AXIS2_PLACEMENT_3D('',#6821,#5554,#5555);
#4314=AXIS2_PLACEMENT_3D('',#6822,#5556,#5557);
#4315=AXIS2_PLACEMENT_3D('',#6823,#5558,#5559);
#4316=AXIS2_PLACEMENT_3D('',#6824,#5560,#5561);
#4317=AXIS2_PLACEMENT_3D('',#6825,#5562,#5563);
#4318=AXIS2_PLACEMENT_3D('',#6826,#5564,#5565);
#4319=AXIS2_PLACEMENT_3D('',#6827,#5566,#5567);
#4320=AXIS2_PLACEMENT_3D('',#6828,#5568,#5569);
#4321=AXIS2_PLACEMENT_3D('',#6829,#5570,#5571);
#4322=AXIS2_PLACEMENT_3D('',#6830,#5572,#5573);
#4323=AXIS2_PLACEMENT_3D('',#6831,#5574,#5575);
#4324=AXIS2_PLACEMENT_3D('',#6832,#5576,#5577);
#4325=AXIS2_PLACEMENT_3D('',#6833,#5578,#5579);
#4326=AXIS2_PLACEMENT_3D('',#6834,#5580,#5581);
#4327=AXIS2_PLACEMENT_3D('',#6836,#5582,#5583);
#4328=AXIS2_PLACEMENT_3D('',#6839,#5585,#5586);
#4329=AXIS2_PLACEMENT_3D('',#6840,#5587,#5588);
#4330=AXIS2_PLACEMENT_3D('',#6841,#5589,#5590);
#4331=AXIS2_PLACEMENT_3D('',#6842,#5591,#5592);
#4332=AXIS2_PLACEMENT_3D('',#6843,#5593,#5594);
#4333=AXIS2_PLACEMENT_3D('',#6845,#5595,#5596);
#4334=AXIS2_PLACEMENT_3D('',#6848,#5598,#5599);
#4335=AXIS2_PLACEMENT_3D('',#6849,#5600,#5601);
#4336=AXIS2_PLACEMENT_3D('',#6851,#5602,#5603);
#4337=AXIS2_PLACEMENT_3D('',#6853,#5604,#5605);
#4338=AXIS2_PLACEMENT_3D('',#6855,#5607,#5608);
#4339=AXIS2_PLACEMENT_3D('',#6857,#5609,#5610);
#4340=AXIS2_PLACEMENT_3D('',#6859,#5611,#5612);
#4341=AXIS2_PLACEMENT_3D('',#6861,#5614,#5615);
#4342=AXIS2_PLACEMENT_3D('',#6863,#5616,#5617);
#4343=AXIS2_PLACEMENT_3D('',#6865,#5618,#5619);
#4344=AXIS2_PLACEMENT_3D('',#6867,#5621,#5622);
#4345=AXIS2_PLACEMENT_3D('',#6869,#5623,#5624);
#4346=AXIS2_PLACEMENT_3D('',#6871,#5625,#5626);
#4347=AXIS2_PLACEMENT_3D('',#6873,#5628,#5629);
#4348=AXIS2_PLACEMENT_3D('',#6875,#5630,#5631);
#4349=AXIS2_PLACEMENT_3D('',#6877,#5632,#5633);
#4350=AXIS2_PLACEMENT_3D('',#6879,#5635,#5636);
#4351=AXIS2_PLACEMENT_3D('',#6881,#5637,#5638);
#4352=AXIS2_PLACEMENT_3D('',#6883,#5639,#5640);
#4353=AXIS2_PLACEMENT_3D('',#6885,#5642,#5643);
#4354=AXIS2_PLACEMENT_3D('',#6887,#5644,#5645);
#4355=AXIS2_PLACEMENT_3D('',#6889,#5646,#5647);
#4356=AXIS2_PLACEMENT_3D('',#6891,#5649,#5650);
#4357=AXIS2_PLACEMENT_3D('',#6893,#5651,#5652);
#4358=AXIS2_PLACEMENT_3D('',#6895,#5653,#5654);
#4359=AXIS2_PLACEMENT_3D('',#6897,#5656,#5657);
#4360=AXIS2_PLACEMENT_3D('',#6899,#5658,#5659);
#4361=AXIS2_PLACEMENT_3D('',#6901,#5660,#5661);
#4362=AXIS2_PLACEMENT_3D('',#6903,#5663,#5664);
#4363=AXIS2_PLACEMENT_3D('',#6905,#5665,#5666);
#4364=AXIS2_PLACEMENT_3D('',#6907,#5667,#5668);
#4365=AXIS2_PLACEMENT_3D('',#6909,#5670,#5671);
#4366=AXIS2_PLACEMENT_3D('',#6910,#5672,#5673);
#4367=AXIS2_PLACEMENT_3D('',#6911,#5674,#5675);
#4368=AXIS2_PLACEMENT_3D('',#6912,#5676,#5677);
#4369=AXIS2_PLACEMENT_3D('',#6921,#5682,#5683);
#4370=AXIS2_PLACEMENT_3D('',#6930,#5688,#5689);
#4371=AXIS2_PLACEMENT_3D('',#6939,#5694,#5695);
#4372=AXIS2_PLACEMENT_3D('',#6948,#5700,#5701);
#4373=AXIS2_PLACEMENT_3D('',#6949,#5702,#5703);
#4374=AXIS2_PLACEMENT_3D('',#6951,#5704,#5705);
#4375=AXIS2_PLACEMENT_3D('',#6952,#5706,#5707);
#4376=AXIS2_PLACEMENT_3D('',#6953,#5708,#5709);
#4377=AXIS2_PLACEMENT_3D('',#6955,#5710,#5711);
#4378=AXIS2_PLACEMENT_3D('',#6956,#5712,#5713);
#4379=AXIS2_PLACEMENT_3D('',#6957,#5714,#5715);
#4380=AXIS2_PLACEMENT_3D('',#6959,#5716,#5717);
#4381=AXIS2_PLACEMENT_3D('',#6961,#5719,#5720);
#4382=AXIS2_PLACEMENT_3D('',#6962,#5721,#5722);
#4383=AXIS2_PLACEMENT_3D('',#6963,#5723,#5724);
#4384=AXIS2_PLACEMENT_3D('',#6965,#5725,#5726);
#4385=AXIS2_PLACEMENT_3D('',#6966,#5727,#5728);
#4386=AXIS2_PLACEMENT_3D('',#6968,#5729,#5730);
#4387=AXIS2_PLACEMENT_3D('',#6970,#5732,#5733);
#4388=AXIS2_PLACEMENT_3D('',#6971,#5734,#5735);
#4389=AXIS2_PLACEMENT_3D('',#6972,#5736,#5737);
#4390=AXIS2_PLACEMENT_3D('',#6973,#5738,#5739);
#4391=AXIS2_PLACEMENT_3D('',#6974,#5740,#5741);
#4392=AXIS2_PLACEMENT_3D('',#6976,#5742,#5743);
#4393=AXIS2_PLACEMENT_3D('',#6977,#5744,#5745);
#4394=AXIS2_PLACEMENT_3D('',#6978,#5746,#5747);
#4395=AXIS2_PLACEMENT_3D('',#6980,#5749,#5750);
#4396=AXIS2_PLACEMENT_3D('',#6981,#5751,#5752);
#4397=DIRECTION('axis',(0.,0.,1.));
#4398=DIRECTION('refdir',(1.,0.,0.));
#4399=DIRECTION('axis',(0.,0.,1.));
#4400=DIRECTION('refdir',(1.,0.,0.));
#4401=DIRECTION('center_axis',(0.,0.,-1.));
#4402=DIRECTION('ref_axis',(0.,-1.,0.));
#4403=DIRECTION('',(-8.65956056235492E-17,0.707106781186546,-0.707106781186549));
#4404=DIRECTION('center_axis',(0.,0.,1.));
#4405=DIRECTION('ref_axis',(1.,0.,0.));
#4406=DIRECTION('center_axis',(-0.573576436351045,0.,0.819152044288993));
#4407=DIRECTION('ref_axis',(-0.819152044288993,-1.65227690119921E-15,-0.573576436351044));
#4408=DIRECTION('center_axis',(0.,0.,1.));
#4409=DIRECTION('ref_axis',(1.,0.,0.));
#4410=DIRECTION('center_axis',(0.,0.,1.));
#4411=DIRECTION('ref_axis',(0.,-1.,0.));
#4412=DIRECTION('',(8.65956056235313E-17,-0.7071067811864,-0.707106781186695));
#4413=DIRECTION('center_axis',(0.,0.,1.));
#4414=DIRECTION('ref_axis',(1.,0.,0.));
#4415=DIRECTION('center_axis',(0.,0.,1.));
#4416=DIRECTION('ref_axis',(0.,-1.,0.));
#4417=DIRECTION('center_axis',(0.,0.,1.));
#4418=DIRECTION('ref_axis',(1.,0.,0.));
#4419=DIRECTION('center_axis',(-0.573576436351046,0.,-0.819152044288992));
#4420=DIRECTION('ref_axis',(0.819152044288992,-1.4298989851903E-15,-0.573576436351046));
#4421=DIRECTION('center_axis',(0.,0.,1.));
#4422=DIRECTION('ref_axis',(1.,0.,0.));
#4423=DIRECTION('',(0.0919700161847619,-0.701100218316017,0.707106781186694));
#4424=DIRECTION('center_axis',(0.,0.,1.));
#4425=DIRECTION('ref_axis',(1.00369280825583E-14,-1.,0.));
#4426=DIRECTION('',(0.0919700161847619,0.701100218316017,-0.707106781186694));
#4427=DIRECTION('center_axis',(0.,0.,1.));
#4428=DIRECTION('ref_axis',(1.,0.,0.));
#4429=DIRECTION('center_axis',(0.,0.,-1.));
#4430=DIRECTION('ref_axis',(0.,-1.,0.));
#4431=DIRECTION('',(-8.65956056235672E-17,0.707106781186693,-0.707106781186402));
#4432=DIRECTION('center_axis',(0.,0.,1.));
#4433=DIRECTION('ref_axis',(1.,0.,0.));
#4434=DIRECTION('center_axis',(-0.573576436351046,0.,-0.819152044288992));
#4435=DIRECTION('ref_axis',(0.819152044288992,-5.65804378565591E-16,-0.573576436351045));
#4436=DIRECTION('center_axis',(0.,0.,1.));
#4437=DIRECTION('ref_axis',(1.,0.,0.));
#4438=DIRECTION('center_axis',(0.,0.,1.));
#4439=DIRECTION('ref_axis',(0.,-1.,0.));
#4440=DIRECTION('',(8.65956056235635E-17,-0.707106781186663,-0.707106781186432));
#4441=DIRECTION('center_axis',(0.,0.,1.));
#4442=DIRECTION('ref_axis',(1.,0.,0.));
#4443=DIRECTION('',(0.0919700161847961,0.701100218316278,-0.707106781186432));
#4444=DIRECTION('center_axis',(0.,0.,1.));
#4445=DIRECTION('ref_axis',(0.,-1.,0.));
#4446=DIRECTION('',(0.0919700161847961,-0.701100218316278,0.707106781186432));
#4447=DIRECTION('center_axis',(0.,0.,1.));
#4448=DIRECTION('ref_axis',(1.,0.,0.));
#4449=DIRECTION('center_axis',(-0.573576436351045,0.,0.819152044288992));
#4450=DIRECTION('ref_axis',(0.819152044288992,-8.61743490764219E-17,0.573576436351045));
#4451=DIRECTION('center_axis',(0.,0.,1.));
#4452=DIRECTION('ref_axis',(1.,0.,0.));
#4453=DIRECTION('center_axis',(0.,0.,-1.));
#4454=DIRECTION('ref_axis',(-1.,0.,0.));
#4455=DIRECTION('',(-0.707106781186547,8.65956056235492E-17,0.707106781186549));
#4456=DIRECTION('center_axis',(0.,0.,1.));
#4457=DIRECTION('ref_axis',(-1.,0.,0.));
#4458=DIRECTION('center_axis',(0.,0.,-1.));
#4459=DIRECTION('ref_axis',(-1.,0.,0.));
#4460=DIRECTION('center_axis',(0.,0.,-1.));
#4461=DIRECTION('ref_axis',(-1.,0.,0.));
#4462=DIRECTION('center_axis',(0.,0.,-1.));
#4463=DIRECTION('ref_axis',(0.136585525649041,-0.990628282547584,0.));
#4464=DIRECTION('center_axis',(0.,0.,-1.));
#4465=DIRECTION('ref_axis',(0.136585525649041,-0.990628282547584,0.));
#4466=DIRECTION('',(0.0965805513983681,-0.700479976224567,-0.707106781186559));
#4467=DIRECTION('center_axis',(0.,0.,1.));
#4468=DIRECTION('ref_axis',(0.136585525649041,-0.990628282547584,0.));
#4469=DIRECTION('',(-0.596695683886935,0.379413047786593,0.707106781186542));
#4470=DIRECTION('center_axis',(0.,0.,-1.));
#4471=DIRECTION('ref_axis',(-1.,0.,0.));
#4472=DIRECTION('center_axis',(0.,0.,-1.));
#4473=DIRECTION('ref_axis',(-0.843855128762388,-0.536571077921102,0.));
#4474=DIRECTION('',(0.,-1.,0.));
#4475=DIRECTION('center_axis',(0.,0.,1.));
#4476=DIRECTION('ref_axis',(1.,0.,0.));
#4477=DIRECTION('',(0.,1.,0.));
#4478=DIRECTION('center_axis',(0.,0.,-1.));
#4479=DIRECTION('ref_axis',(-0.843855128762388,-0.536571077921102,0.));
#4480=DIRECTION('center_axis',(0.,0.,1.));
#4481=DIRECTION('ref_axis',(0.,-1.,0.));
#4482=DIRECTION('center_axis',(0.,0.,-1.));
#4483=DIRECTION('ref_axis',(-0.0773716815653947,0.997002318398379,0.));
#4484=DIRECTION('center_axis',(0.,0.,-1.));
#4485=DIRECTION('ref_axis',(1.,0.,0.));
#4486=DIRECTION('center_axis',(0.,0.,-1.));
#4487=DIRECTION('ref_axis',(1.,0.,0.));
#4488=DIRECTION('center_axis',(0.,0.,-1.));
#4489=DIRECTION('ref_axis',(0.679474617055355,0.73369901511279,0.));
#4490=DIRECTION('center_axis',(0.,0.,1.));
#4491=DIRECTION('ref_axis',(0.,-1.,0.));
#4492=DIRECTION('center_axis',(0.,0.,-1.));
#4493=DIRECTION('ref_axis',(-1.,0.,0.));
#4494=DIRECTION('',(0.,0.,1.));
#4495=DIRECTION('center_axis',(0.573576436351046,0.,0.819152044288992));
#4496=DIRECTION('ref_axis',(-0.819152044288992,0.,0.573576436351046));
#4497=DIRECTION('center_axis',(0.,0.,-1.));
#4498=DIRECTION('ref_axis',(1.,0.,0.));
#4499=DIRECTION('',(0.707106781186547,-8.65956056235493E-17,0.707106781186548));
#4500=DIRECTION('center_axis',(0.,0.,1.));
#4501=DIRECTION('ref_axis',(1.,0.,0.));
#4502=DIRECTION('center_axis',(0.,0.,-1.));
#4503=DIRECTION('ref_axis',(1.,0.,0.));
#4504=DIRECTION('center_axis',(0.,0.,-1.));
#4505=DIRECTION('ref_axis',(0.679474617055355,0.73369901511279,0.));
#4506=DIRECTION('',(-0.480461109363975,-0.518803548936145,0.707106781186548));
#4507=DIRECTION('center_axis',(0.,0.,1.));
#4508=DIRECTION('ref_axis',(0.679474617055355,0.73369901511279,0.));
#4509=DIRECTION('',(-0.0547100407067096,-0.704987100198185,0.707106781186564));
#4510=DIRECTION('center_axis',(0.,0.,1.));
#4511=DIRECTION('ref_axis',(1.,0.,0.));
#4512=DIRECTION('',(0.,0.,1.));
#4513=DIRECTION('',(0.,0.,-1.));
#4514=DIRECTION('',(0.,0.,1.));
#4515=DIRECTION('center_axis',(0.,0.,-1.));
#4516=DIRECTION('ref_axis',(1.,0.,0.));
#4517=DIRECTION('center_axis',(0.,0.,-1.));
#4518=DIRECTION('ref_axis',(1.,0.,0.));
#4519=DIRECTION('',(0.,0.,-1.));
#4520=DIRECTION('center_axis',(0.,0.,1.));
#4521=DIRECTION('ref_axis',(1.,0.,0.));
#4522=DIRECTION('center_axis',(0.,0.,1.));
#4523=DIRECTION('ref_axis',(-1.,0.,0.));
#4524=DIRECTION('center_axis',(0.,0.,-1.));
#4525=DIRECTION('ref_axis',(-1.,0.,0.));
#4526=DIRECTION('',(0.707106781186543,-8.65956056235487E-17,0.707106781186552));
#4527=DIRECTION('center_axis',(0.,0.,1.));
#4528=DIRECTION('ref_axis',(-1.,0.,0.));
#4529=DIRECTION('center_axis',(0.,0.,1.));
#4530=DIRECTION('ref_axis',(-1.,0.,0.));
#4531=DIRECTION('center_axis',(0.,0.,1.));
#4532=DIRECTION('ref_axis',(1.,0.,0.));
#4533=DIRECTION('center_axis',(0.,0.,1.));
#4534=DIRECTION('ref_axis',(0.136585525649041,-0.990628282547584,0.));
#4535=DIRECTION('',(0.,-1.,0.));
#4536=DIRECTION('center_axis',(0.,0.,1.));
#4537=DIRECTION('ref_axis',(1.,0.,0.));
#4538=DIRECTION('',(0.,1.,0.));
#4539=DIRECTION('center_axis',(0.,0.,1.));
#4540=DIRECTION('ref_axis',(0.136585525649041,-0.990628282547584,0.));
#4541=DIRECTION('center_axis',(0.,0.,-1.));
#4542=DIRECTION('ref_axis',(0.,-1.,0.));
#4543=DIRECTION('center_axis',(0.,0.,1.));
#4544=DIRECTION('ref_axis',(0.679474617055355,0.73369901511279,0.));
#4545=DIRECTION('center_axis',(0.,0.,1.));
#4546=DIRECTION('ref_axis',(1.,0.,0.));
#4547=DIRECTION('center_axis',(0.,0.,1.));
#4548=DIRECTION('ref_axis',(1.,0.,0.));
#4549=DIRECTION('center_axis',(0.,0.,1.));
#4550=DIRECTION('ref_axis',(-0.0773716815653947,0.997002318398379,0.));
#4551=DIRECTION('center_axis',(0.,0.,-1.));
#4552=DIRECTION('ref_axis',(0.,-1.,0.));
#4553=DIRECTION('center_axis',(0.,0.,1.));
#4554=DIRECTION('ref_axis',(-0.843855128762388,-0.536571077921102,0.));
#4555=DIRECTION('center_axis',(0.,0.,1.));
#4556=DIRECTION('ref_axis',(0.136585525649041,-0.990628282547584,0.));
#4557=DIRECTION('',(0.596695683886934,-0.379413047786592,0.707106781186543));
#4558=DIRECTION('center_axis',(0.,0.,-1.));
#4559=DIRECTION('ref_axis',(0.136585525649041,-0.990628282547584,0.));
#4560=DIRECTION('',(-0.0965805513983702,0.700479976224583,-0.707106781186544));
#4561=DIRECTION('center_axis',(-0.573576436351045,0.,0.819152044288993));
#4562=DIRECTION('ref_axis',(-0.819152044288993,-1.30901666146007E-15,-0.573576436351044));
#4563=DIRECTION('center_axis',(0.,0.,-1.));
#4564=DIRECTION('ref_axis',(-1.,0.,0.));
#4565=DIRECTION('center_axis',(-0.573576436351046,0.,-0.819152044288992));
#4566=DIRECTION('ref_axis',(-0.819152044288992,0.,0.573576436351046));
#4567=DIRECTION('',(0.,0.,1.));
#4568=DIRECTION('center_axis',(0.,0.,1.));
#4569=DIRECTION('ref_axis',(1.,0.,0.));
#4570=DIRECTION('',(0.707106781186547,8.65956056235493E-17,-0.707106781186548));
#4571=DIRECTION('center_axis',(0.,0.,1.));
#4572=DIRECTION('ref_axis',(-0.679474617055352,-0.733699015112793,0.));
#4573=DIRECTION('center_axis',(0.,0.,-1.));
#4574=DIRECTION('ref_axis',(-0.679474617055352,-0.733699015112793,0.));
#4575=DIRECTION('',(0.480461109363975,0.518803548936145,0.707106781186548));
#4576=DIRECTION('center_axis',(0.,0.,1.));
#4577=DIRECTION('ref_axis',(-0.679474617055352,-0.733699015112793,0.));
#4578=DIRECTION('',(-0.480461109364062,0.518803548936063,0.707106781186548));
#4579=DIRECTION('center_axis',(0.,0.,1.));
#4580=DIRECTION('ref_axis',(0.679474617055355,0.73369901511279,0.));
#4581=DIRECTION('',(0.0547100407067107,0.704987100198201,0.707106781186549));
#4582=DIRECTION('center_axis',(0.,0.,-1.));
#4583=DIRECTION('ref_axis',(0.679474617055355,0.73369901511279,0.));
#4584=DIRECTION('center_axis',(-0.573576436351045,0.,0.819152044288992));
#4585=DIRECTION('ref_axis',(-0.819152044288992,0.,-0.573576436351045));
#4586=DIRECTION('center_axis',(-0.573576436351045,0.,0.819152044288992));
#4587=DIRECTION('ref_axis',(0.819152044288992,0.,0.573576436351045));
#4588=DIRECTION('',(0.,1.,0.));
#4589=DIRECTION('center_axis',(0.573576436351045,0.,-0.819152044288992));
#4590=DIRECTION('ref_axis',(0.819152044288992,0.,0.573576436351045));
#4591=DIRECTION('center_axis',(0.573576436351045,0.,-0.819152044288992));
#4592=DIRECTION('ref_axis',(0.819152044288992,-1.69464297558788E-16,0.573576436351045));
#4593=DIRECTION('center_axis',(0.573576436351045,0.,-0.819152044288992));
#4594=DIRECTION('ref_axis',(-0.819152044288992,0.,-0.573576436351046));
#4595=DIRECTION('center_axis',(-0.573576436351045,0.,0.819152044288992));
#4596=DIRECTION('ref_axis',(0.819152044288992,-5.84389542361973E-16,0.573576436351046));
#4597=DIRECTION('center_axis',(0.573576436351045,0.,-0.819152044288993));
#4598=DIRECTION('ref_axis',(0.819152044288993,0.,0.573576436351045));
#4599=DIRECTION('center_axis',(0.573576436351045,0.,-0.819152044288993));
#4600=DIRECTION('ref_axis',(0.819152044288993,0.,0.573576436351045));
#4601=DIRECTION('',(0.,1.,0.));
#4602=DIRECTION('center_axis',(-0.573576436351045,0.,0.819152044288993));
#4603=DIRECTION('ref_axis',(0.819152044288993,0.,0.573576436351045));
#4604=DIRECTION('center_axis',(0.573576436351045,0.,-0.819152044288993));
#4605=DIRECTION('ref_axis',(-0.819152044288993,-5.11340849566687E-16,-0.573576436351045));
#4606=DIRECTION('center_axis',(0.573576436351046,0.,0.819152044288992));
#4607=DIRECTION('ref_axis',(-0.819152044288992,0.,0.573576436351046));
#4608=DIRECTION('center_axis',(0.573576436351046,0.,0.819152044288992));
#4609=DIRECTION('ref_axis',(0.819152044288992,0.,-0.573576436351046));
#4610=DIRECTION('',(0.,1.,0.));
#4611=DIRECTION('center_axis',(-0.573576436351046,0.,-0.819152044288992));
#4612=DIRECTION('ref_axis',(0.819152044288992,0.,-0.573576436351046));
#4613=DIRECTION('center_axis',(-0.573576436351046,0.,-0.819152044288992));
#4614=DIRECTION('ref_axis',(0.819152044288992,0.,-0.573576436351045));
#4615=DIRECTION('center_axis',(-0.573576436351046,0.,-0.819152044288992));
#4616=DIRECTION('ref_axis',(0.819152044288992,0.,-0.573576436351045));
#4617=DIRECTION('center_axis',(0.573576436351046,0.,0.819152044288992));
#4618=DIRECTION('ref_axis',(0.819152044288992,0.,-0.573576436351046));
#4619=DIRECTION('center_axis',(-0.573576436351046,0.,-0.819152044288992));
#4620=DIRECTION('ref_axis',(0.819152044288992,-9.47334854415007E-17,-0.573576436351046));
#4621=DIRECTION('center_axis',(0.573576436351046,0.,0.819152044288992));
#4622=DIRECTION('ref_axis',(-0.819152044288992,0.,0.573576436351046));
#4623=DIRECTION('center_axis',(-0.573576436351046,0.,-0.819152044288992));
#4624=DIRECTION('ref_axis',(-0.819152044288992,-1.51573576706401E-16,0.573576436351045));
#4625=DIRECTION('center_axis',(0.573576436351045,0.,-0.819152044288992));
#4626=DIRECTION('ref_axis',(0.819152044288992,0.,0.573576436351045));
#4627=DIRECTION('center_axis',(0.573576436351045,0.,-0.819152044288992));
#4628=DIRECTION('ref_axis',(0.819152044288992,0.,0.573576436351045));
#4629=DIRECTION('center_axis',(0.573576436351045,0.,-0.819152044288992));
#4630=DIRECTION('ref_axis',(0.819152044288992,-2.96472329740779E-16,0.573576436351045));
#4631=DIRECTION('center_axis',(-0.573576436351045,0.,0.819152044288992));
#4632=DIRECTION('ref_axis',(-0.819152044288992,0.,-0.573576436351045));
#4633=DIRECTION('center_axis',(-0.573576436351045,0.,0.819152044288992));
#4634=DIRECTION('ref_axis',(0.819152044288992,0.,0.573576436351045));
#4635=DIRECTION('center_axis',(-0.573576436351046,0.,-0.819152044288992));
#4636=DIRECTION('ref_axis',(0.819152044288992,0.,-0.573576436351046));
#4637=DIRECTION('center_axis',(-0.573576436351046,0.,-0.819152044288992));
#4638=DIRECTION('ref_axis',(0.819152044288992,0.,-0.573576436351046));
#4639=DIRECTION('center_axis',(0.573576436351046,0.,0.819152044288992));
#4640=DIRECTION('ref_axis',(-0.819152044288992,-7.57867883532003E-17,0.573576436351046));
#4641=DIRECTION('center_axis',(-0.573576436351046,0.,-0.819152044288992));
#4642=DIRECTION('ref_axis',(-0.819152044288992,0.,0.573576436351046));
#4643=DIRECTION('center_axis',(0.573576436351046,0.,0.819152044288992));
#4644=DIRECTION('ref_axis',(0.819152044288992,9.47334854415006E-17,-0.573576436351046));
#4645=DIRECTION('center_axis',(-0.573576436351046,0.,-0.819152044288992));
#4646=DIRECTION('ref_axis',(0.819152044288992,0.,-0.573576436351046));
#4647=DIRECTION('',(0.,1.,0.));
#4648=DIRECTION('center_axis',(0.573576436351046,0.,0.819152044288992));
#4649=DIRECTION('ref_axis',(0.819152044288992,0.,-0.573576436351046));
#4650=DIRECTION('center_axis',(0.573576436351046,0.,0.819152044288992));
#4651=DIRECTION('ref_axis',(0.819152044288992,-1.25552106016507E-15,-0.573576436351046));
#4652=DIRECTION('center_axis',(0.573576436351046,0.,0.819152044288992));
#4653=DIRECTION('ref_axis',(0.819152044288992,0.,-0.573576436351046));
#4654=DIRECTION('center_axis',(0.573576436351046,0.,0.819152044288992));
#4655=DIRECTION('ref_axis',(0.819152044288992,-9.9015766249137E-16,-0.573576436351046));
#4656=DIRECTION('center_axis',(0.573576436351046,0.,0.819152044288992));
#4657=DIRECTION('ref_axis',(0.819152044288992,0.,-0.573576436351046));
#4658=DIRECTION('center_axis',(-0.573576436351044,0.,0.819152044288993));
#4659=DIRECTION('ref_axis',(-0.819152044288993,0.,-0.573576436351044));
#4660=DIRECTION('center_axis',(-0.573576436351044,0.,0.819152044288993));
#4661=DIRECTION('ref_axis',(0.819152044288993,0.,0.573576436351044));
#4662=DIRECTION('center_axis',(-0.573576436351044,0.,0.819152044288993));
#4663=DIRECTION('ref_axis',(-0.819152044288993,-2.59413288523162E-16,-0.573576436351044));
#4664=DIRECTION('center_axis',(0.573576436351044,0.,-0.819152044288993));
#4665=DIRECTION('ref_axis',(-0.819152044288993,-2.89791385610744E-15,-0.573576436351044));
#4666=DIRECTION('center_axis',(0.573576436351044,0.,-0.819152044288993));
#4667=DIRECTION('ref_axis',(0.819152044288993,-1.59422545791478E-15,0.573576436351044));
#4668=DIRECTION('center_axis',(0.573576436351044,0.,-0.819152044288993));
#4669=DIRECTION('ref_axis',(0.819152044288993,0.,0.573576436351044));
#4670=DIRECTION('center_axis',(0.,0.,1.));
#4671=DIRECTION('ref_axis',(0.,-1.,0.));
#4672=DIRECTION('center_axis',(0.,0.,-1.));
#4673=DIRECTION('ref_axis',(0.,-1.,0.));
#4674=DIRECTION('',(0.,0.,-1.));
#4675=DIRECTION('center_axis',(0.,0.,1.));
#4676=DIRECTION('ref_axis',(0.,-1.,0.));
#4677=DIRECTION('',(0.,0.,-1.));
#4678=DIRECTION('center_axis',(0.,0.,1.));
#4679=DIRECTION('ref_axis',(0.,-1.,0.));
#4680=DIRECTION('',(0.,0.,1.));
#4681=DIRECTION('center_axis',(0.,0.,-1.));
#4682=DIRECTION('ref_axis',(0.,-1.,0.));
#4683=DIRECTION('center_axis',(0.,0.,1.));
#4684=DIRECTION('ref_axis',(0.,-1.,0.));
#4685=DIRECTION('',(0.0965805513983606,0.700479976224563,0.707106781186565));
#4686=DIRECTION('center_axis',(0.,0.,-1.));
#4687=DIRECTION('ref_axis',(-0.843855128762388,-0.536571077921102,0.));
#4688=DIRECTION('',(0.596695683886932,0.379413047786589,0.707106781186546));
#4689=DIRECTION('center_axis',(0.,0.,1.));
#4690=DIRECTION('ref_axis',(-0.843855128762388,-0.536571077921102,0.));
#4691=DIRECTION('center_axis',(0.,0.,-1.));
#4692=DIRECTION('ref_axis',(-0.843855128762388,-0.536571077921102,0.));
#4693=DIRECTION('',(0.,0.,-1.));
#4694=DIRECTION('center_axis',(0.,0.,-1.));
#4695=DIRECTION('ref_axis',(-0.843855128762388,-0.536571077921102,0.));
#4696=DIRECTION('',(0.,0.,-1.));
#4697=DIRECTION('center_axis',(0.,0.,-1.));
#4698=DIRECTION('ref_axis',(-0.843855128762388,-0.536571077921102,0.));
#4699=DIRECTION('center_axis',(0.,0.,1.));
#4700=DIRECTION('ref_axis',(0.,-1.,0.));
#4701=DIRECTION('center_axis',(0.,0.,1.));
#4702=DIRECTION('ref_axis',(1.,0.,0.));
#4703=DIRECTION('center_axis',(0.,0.,-1.));
#4704=DIRECTION('ref_axis',(-1.,0.,0.));
#4705=DIRECTION('center_axis',(0.,0.,-1.));
#4706=DIRECTION('ref_axis',(-1.,0.,0.));
#4707=DIRECTION('',(0.,0.,-1.));
#4708=DIRECTION('center_axis',(0.,0.,-1.));
#4709=DIRECTION('ref_axis',(-1.,0.,0.));
#4710=DIRECTION('',(0.,0.,-1.));
#4711=DIRECTION('center_axis',(0.,0.,1.));
#4712=DIRECTION('ref_axis',(-1.,0.,0.));
#4713=DIRECTION('center_axis',(0.,0.,1.));
#4714=DIRECTION('ref_axis',(-0.98485937923778,0.173355135855198,0.));
#4715=DIRECTION('center_axis',(0.,0.,1.));
#4716=DIRECTION('ref_axis',(1.,0.,0.));
#4717=DIRECTION('',(0.,0.,-1.));
#4718=DIRECTION('center_axis',(0.,0.,-1.));
#4719=DIRECTION('ref_axis',(0.136585525649041,-0.990628282547584,0.));
#4720=DIRECTION('',(0.,0.,-1.));
#4721=DIRECTION('center_axis',(0.,0.,-1.));
#4722=DIRECTION('ref_axis',(0.136585525649041,-0.990628282547584,0.));
#4723=DIRECTION('',(0.,0.,-1.));
#4724=DIRECTION('center_axis',(0.,0.,1.));
#4725=DIRECTION('ref_axis',(0.,-1.,0.));
#4726=DIRECTION('center_axis',(0.,0.,-1.));
#4727=DIRECTION('ref_axis',(0.,-1.,0.));
#4728=DIRECTION('',(0.,0.,1.));
#4729=DIRECTION('center_axis',(0.,0.,1.));
#4730=DIRECTION('ref_axis',(0.,-1.,0.));
#4731=DIRECTION('center_axis',(0.,0.,1.));
#4732=DIRECTION('ref_axis',(0.,-1.,0.));
#4733=DIRECTION('center_axis',(0.,0.,1.));
#4734=DIRECTION('ref_axis',(0.,-1.,0.));
#4735=DIRECTION('center_axis',(0.,0.,1.));
#4736=DIRECTION('ref_axis',(-0.999726179814808,0.0234001152324054,0.));
#4737=DIRECTION('center_axis',(0.,0.,1.));
#4738=DIRECTION('ref_axis',(1.,0.,0.));
#4739=DIRECTION('',(0.,0.,-1.));
#4740=DIRECTION('center_axis',(0.,0.,1.));
#4741=DIRECTION('ref_axis',(1.,0.,0.));
#4742=DIRECTION('center_axis',(0.,0.,-1.));
#4743=DIRECTION('ref_axis',(0.,-1.,0.));
#4744=DIRECTION('',(-0.0965805513983702,0.700479976224583,-0.707106781186544));
#4745=DIRECTION('center_axis',(0.,0.,-1.));
#4746=DIRECTION('ref_axis',(0.,-1.,0.));
#4747=DIRECTION('center_axis',(0.,0.,1.));
#4748=DIRECTION('ref_axis',(0.136585525649041,-0.990628282547584,0.));
#4749=DIRECTION('center_axis',(0.,0.,1.));
#4750=DIRECTION('ref_axis',(0.,-1.,0.));
#4751=DIRECTION('center_axis',(0.,0.,1.));
#4752=DIRECTION('ref_axis',(1.,0.,0.));
#4753=DIRECTION('',(0.,0.,-1.));
#4754=DIRECTION('center_axis',(0.,0.,1.));
#4755=DIRECTION('ref_axis',(1.,0.,0.));
#4756=DIRECTION('center_axis',(0.,0.,1.));
#4757=DIRECTION('ref_axis',(0.,-1.,0.));
#4758=DIRECTION('center_axis',(0.,0.,1.));
#4759=DIRECTION('ref_axis',(-0.679474617055352,-0.733699015112793,0.));
#4760=DIRECTION('',(0.480461109364063,-0.518803548936063,0.707106781186548));
#4761=DIRECTION('center_axis',(0.,0.,-1.));
#4762=DIRECTION('ref_axis',(-0.679474617055352,-0.733699015112793,0.));
#4763=DIRECTION('center_axis',(0.,0.,-1.));
#4764=DIRECTION('ref_axis',(-0.0773716815653947,0.997002318398379,0.));
#4765=DIRECTION('',(0.0547100407066963,-0.704987100198203,0.707106781186548));
#4766=DIRECTION('center_axis',(0.,0.,1.));
#4767=DIRECTION('ref_axis',(-0.0773716815653947,0.997002318398379,0.));
#4768=DIRECTION('center_axis',(0.,0.,1.));
#4769=DIRECTION('ref_axis',(0.,-1.,0.));
#4770=DIRECTION('',(0.0965805513983606,0.700479976224563,0.707106781186565));
#4771=DIRECTION('center_axis',(0.,0.,-1.));
#4772=DIRECTION('ref_axis',(-0.843855128762388,-0.536571077921102,0.));
#4773=DIRECTION('center_axis',(0.,0.,1.));
#4774=DIRECTION('ref_axis',(-1.,0.,0.));
#4775=DIRECTION('center_axis',(0.,0.,1.));
#4776=DIRECTION('ref_axis',(-0.0773716815653947,0.997002318398379,0.));
#4777=DIRECTION('center_axis',(0.,0.,-1.));
#4778=DIRECTION('ref_axis',(-0.0773716815653947,0.997002318398379,0.));
#4779=DIRECTION('',(-0.0547100407066963,0.704987100198203,0.707106781186548));
#4780=DIRECTION('center_axis',(0.,0.,-1.));
#4781=DIRECTION('ref_axis',(0.,-1.,0.));
#4782=DIRECTION('',(-0.0965805513983627,-0.700479976224579,0.707106781186549));
#4783=DIRECTION('center_axis',(0.,0.,1.));
#4784=DIRECTION('ref_axis',(-0.843855128762388,-0.536571077921102,0.));
#4785=DIRECTION('',(-0.596695683886932,-0.379413047786589,0.707106781186546));
#4786=DIRECTION('center_axis',(0.,0.,-1.));
#4787=DIRECTION('ref_axis',(-1.,0.,0.));
#4788=DIRECTION('center_axis',(0.,0.,1.));
#4789=DIRECTION('ref_axis',(-0.0773716815653947,0.997002318398379,0.));
#4790=DIRECTION('',(0.,0.,1.));
#4791=DIRECTION('center_axis',(0.,0.,1.));
#4792=DIRECTION('ref_axis',(-0.679474617055352,-0.733699015112793,0.));
#4793=DIRECTION('',(0.,0.,1.));
#4794=DIRECTION('center_axis',(0.,0.,1.));
#4795=DIRECTION('ref_axis',(0.679474617055355,0.73369901511279,0.));
#4796=DIRECTION('center_axis',(1.,0.,0.));
#4797=DIRECTION('ref_axis',(0.,1.,0.));
#4798=DIRECTION('',(0.,-1.,0.));
#4799=DIRECTION('',(0.,1.,0.));
#4800=DIRECTION('',(0.,0.,1.));
#4801=DIRECTION('center_axis',(0.,0.,1.));
#4802=DIRECTION('ref_axis',(1.,0.,0.));
#4803=DIRECTION('center_axis',(0.,0.,-1.));
#4804=DIRECTION('ref_axis',(0.,-1.,0.));
#4805=DIRECTION('',(-6.66133814775094E-16,-1.,0.));
#4806=DIRECTION('center_axis',(0.,0.,1.));
#4807=DIRECTION('ref_axis',(1.,0.,0.));
#4808=DIRECTION('',(6.66133814775094E-16,1.,0.));
#4809=DIRECTION('center_axis',(-1.,6.66133814775094E-16,0.));
#4810=DIRECTION('ref_axis',(-6.66133814775094E-16,-1.,0.));
#4811=DIRECTION('center_axis',(0.,0.,-1.));
#4812=DIRECTION('ref_axis',(0.,-1.,0.));
#4813=DIRECTION('center_axis',(0.,0.,1.));
#4814=DIRECTION('ref_axis',(1.,0.,0.));
#4815=DIRECTION('',(-0.0919700161848001,-0.701100218316308,-0.707106781186401));
#4816=DIRECTION('center_axis',(0.,0.,-1.));
#4817=DIRECTION('ref_axis',(-9.61347729686395E-16,-1.,0.));
#4818=DIRECTION('',(-0.0919700161848001,0.701100218316308,0.707106781186401));
#4819=DIRECTION('center_axis',(0.,0.,1.));
#4820=DIRECTION('ref_axis',(1.,0.,0.));
#4821=DIRECTION('center_axis',(0.,0.,1.));
#4822=DIRECTION('ref_axis',(0.999726179814808,0.0234001152324107,0.));
#4823=DIRECTION('center_axis',(0.,0.,1.));
#4824=DIRECTION('ref_axis',(0.,-1.,0.));
#4825=DIRECTION('center_axis',(0.991505437325455,-0.13006524422019,0.));
#4826=DIRECTION('ref_axis',(0.13006524422019,0.991505437325455,0.));
#4827=DIRECTION('',(-1.72922835841805E-16,-1.31821481597827E-15,-1.));
#4828=DIRECTION('center_axis',(0.,0.,1.));
#4829=DIRECTION('ref_axis',(0.,-1.,0.));
#4830=DIRECTION('',(-1.72922835841805E-16,1.31821481597827E-15,1.));
#4831=DIRECTION('center_axis',(0.991505437325455,0.13006524422019,0.));
#4832=DIRECTION('ref_axis',(-0.13006524422019,0.991505437325455,0.));
#4833=DIRECTION('',(0.,0.,1.));
#4834=DIRECTION('center_axis',(0.991505437325455,-0.13006524422019,0.));
#4835=DIRECTION('ref_axis',(0.13006524422019,0.991505437325455,0.));
#4836=DIRECTION('',(0.,0.,-1.));
#4837=DIRECTION('',(-0.0919700161847809,-0.701100218316162,-0.707106781186549));
#4838=DIRECTION('center_axis',(0.,0.,1.));
#4839=DIRECTION('ref_axis',(0.,-1.,0.));
#4840=DIRECTION('center_axis',(0.,0.,-1.));
#4841=DIRECTION('ref_axis',(0.,-1.,0.));
#4842=DIRECTION('',(0.,0.,1.));
#4843=DIRECTION('center_axis',(0.991505437325455,0.13006524422019,0.));
#4844=DIRECTION('ref_axis',(-0.13006524422019,0.991505437325455,0.));
#4845=DIRECTION('',(-0.0919700161847809,0.701100218316162,0.707106781186549));
#4846=DIRECTION('',(0.,0.,1.));
#4847=DIRECTION('center_axis',(0.,0.,-1.));
#4848=DIRECTION('ref_axis',(0.,-1.,0.));
#4849=DIRECTION('center_axis',(0.,0.,1.));
#4850=DIRECTION('ref_axis',(1.,0.,0.));
#4851=DIRECTION('center_axis',(0.,0.,1.));
#4852=DIRECTION('ref_axis',(0.98485937923778,0.1733551358552,0.));
#4853=DIRECTION('center_axis',(0.,0.,1.));
#4854=DIRECTION('ref_axis',(0.,-1.,0.));
#4855=DIRECTION('axis',(0.,0.,1.));
#4856=DIRECTION('refdir',(1.,0.,0.));
#4857=DIRECTION('center_axis',(0.,0.,1.));
#4858=DIRECTION('ref_axis',(-0.999518912313227,0.0310152209113966,0.));
#4859=DIRECTION('center_axis',(0.,0.,1.));
#4860=DIRECTION('ref_axis',(-0.999518912313227,0.0310152209113966,0.));
#4861=DIRECTION('',(0.,0.,1.));
#4862=DIRECTION('center_axis',(0.,0.,-1.));
#4863=DIRECTION('ref_axis',(-0.999518912313227,0.0310152209113966,0.));
#4864=DIRECTION('',(0.,0.,1.));
#4865=DIRECTION('center_axis',(0.,0.,1.));
#4866=DIRECTION('ref_axis',(-0.999518912313228,0.0310152209113872,0.));
#4867=DIRECTION('center_axis',(0.,0.,1.));
#4868=DIRECTION('ref_axis',(-0.999518912313228,0.0310152209113872,0.));
#4869=DIRECTION('',(0.,0.,-1.));
#4870=DIRECTION('center_axis',(0.,0.,1.));
#4871=DIRECTION('ref_axis',(-0.999518912313228,0.0310152209113872,0.));
#4872=DIRECTION('',(0.,0.,1.));
#4873=DIRECTION('center_axis',(0.,0.,1.));
#4874=DIRECTION('ref_axis',(0.999518912313227,-0.0310152209113996,0.));
#4875=DIRECTION('center_axis',(0.,0.,1.));
#4876=DIRECTION('ref_axis',(0.999518912313227,-0.0310152209113996,0.));
#4877=DIRECTION('center_axis',(0.,0.,-1.));
#4878=DIRECTION('ref_axis',(0.999518912313227,-0.0310152209113996,0.));
#4879=DIRECTION('',(0.,0.,1.));
#4880=DIRECTION('center_axis',(0.,0.,1.));
#4881=DIRECTION('ref_axis',(-0.766044880700474,-0.642787088196858,0.));
#4882=DIRECTION('center_axis',(0.,0.,1.));
#4883=DIRECTION('ref_axis',(-0.766044880700474,-0.642787088196858,0.));
#4884=DIRECTION('center_axis',(0.,0.,1.));
#4885=DIRECTION('ref_axis',(-0.766044880700474,-0.642787088196858,0.));
#4886=DIRECTION('',(0.,0.,1.));
#4887=DIRECTION('center_axis',(0.,0.,1.));
#4888=DIRECTION('ref_axis',(0.766044880700475,0.642787088196858,0.));
#4889=DIRECTION('center_axis',(0.,0.,1.));
#4890=DIRECTION('ref_axis',(0.766044880700475,0.642787088196858,0.));
#4891=DIRECTION('center_axis',(0.,0.,-1.));
#4892=DIRECTION('ref_axis',(0.766044880700475,0.642787088196858,0.));
#4893=DIRECTION('',(0.,0.,1.));
#4894=DIRECTION('center_axis',(0.,0.,1.));
#4895=DIRECTION('ref_axis',(-0.839132931511793,-0.543926395068694,0.));
#4896=DIRECTION('center_axis',(0.,0.,1.));
#4897=DIRECTION('ref_axis',(-0.839132931511793,-0.543926395068694,0.));
#4898=DIRECTION('center_axis',(0.,0.,1.));
#4899=DIRECTION('ref_axis',(-0.839132931511793,-0.543926395068694,0.));
#4900=DIRECTION('',(0.,0.,1.));
#4901=DIRECTION('center_axis',(0.,0.,1.));
#4902=DIRECTION('ref_axis',(0.839132931511778,0.543926395068717,0.));
#4903=DIRECTION('center_axis',(0.,0.,1.));
#4904=DIRECTION('ref_axis',(0.839132931511778,0.543926395068717,0.));
#4905=DIRECTION('center_axis',(0.,0.,-1.));
#4906=DIRECTION('ref_axis',(0.839132931511778,0.543926395068717,0.));
#4907=DIRECTION('',(0.,0.,1.));
#4908=DIRECTION('center_axis',(0.,0.,1.));
#4909=DIRECTION('ref_axis',(-0.92998483921906,0.367597876520933,0.));
#4910=DIRECTION('center_axis',(0.,0.,1.));
#4911=DIRECTION('ref_axis',(0.766044443118978,-0.64278760968654,0.));
#4912=DIRECTION('center_axis',(0.,0.,1.));
#4913=DIRECTION('ref_axis',(0.766044443118978,-0.64278760968654,0.));
#4914=DIRECTION('',(0.,0.,1.));
#4915=DIRECTION('center_axis',(0.,0.,1.));
#4916=DIRECTION('ref_axis',(0.828372300248356,0.560177946889422,0.));
#4917=DIRECTION('center_axis',(0.,0.,1.));
#4918=DIRECTION('ref_axis',(0.828372300248356,0.560177946889422,0.));
#4919=DIRECTION('center_axis',(0.,0.,1.));
#4920=DIRECTION('ref_axis',(0.828372300248356,0.560177946889422,0.));
#4921=DIRECTION('',(0.,0.,1.));
#4922=DIRECTION('center_axis',(0.,0.,1.));
#4923=DIRECTION('ref_axis',(0.766044880700474,0.642787088196859,0.));
#4924=DIRECTION('center_axis',(0.,0.,1.));
#4925=DIRECTION('ref_axis',(0.766044880700474,0.642787088196859,0.));
#4926=DIRECTION('center_axis',(0.,0.,1.));
#4927=DIRECTION('ref_axis',(0.766044880700474,0.642787088196859,0.));
#4928=DIRECTION('',(0.,0.,1.));
#4929=DIRECTION('center_axis',(0.,0.,1.));
#4930=DIRECTION('ref_axis',(-0.766044880700475,-0.642787088196858,0.));
#4931=DIRECTION('center_axis',(0.,0.,1.));
#4932=DIRECTION('ref_axis',(-0.766044880700475,-0.642787088196858,0.));
#4933=DIRECTION('center_axis',(0.,0.,-1.));
#4934=DIRECTION('ref_axis',(-0.766044880700475,-0.642787088196858,0.));
#4935=DIRECTION('',(0.,0.,1.));
#4936=DIRECTION('center_axis',(0.,0.,1.));
#4937=DIRECTION('ref_axis',(0.999518912313227,-0.0310152209113983,0.));
#4938=DIRECTION('center_axis',(0.,0.,1.));
#4939=DIRECTION('ref_axis',(0.999518912313227,-0.0310152209113983,0.));
#4940=DIRECTION('center_axis',(0.,0.,1.));
#4941=DIRECTION('ref_axis',(0.999518912313227,-0.0310152209113983,0.));
#4942=DIRECTION('center_axis',(0.,0.,1.));
#4943=DIRECTION('ref_axis',(-0.745739708856336,0.666237410113592,0.));
#4944=DIRECTION('center_axis',(0.,0.,1.));
#4945=DIRECTION('ref_axis',(-0.745739708856336,0.666237410113592,0.));
#4946=DIRECTION('',(0.,0.,1.));
#4947=DIRECTION('center_axis',(0.,0.,-1.));
#4948=DIRECTION('ref_axis',(-0.745739708856336,0.666237410113592,0.));
#4949=DIRECTION('',(0.,0.,1.));
#4950=DIRECTION('center_axis',(0.,0.,1.));
#4951=DIRECTION('ref_axis',(-0.745739708856343,0.666237410113585,0.));
#4952=DIRECTION('center_axis',(0.,0.,1.));
#4953=DIRECTION('ref_axis',(-0.745739708856343,0.666237410113585,0.));
#4954=DIRECTION('',(0.,0.,-1.));
#4955=DIRECTION('center_axis',(0.,0.,1.));
#4956=DIRECTION('ref_axis',(-0.745739708856343,0.666237410113585,0.));
#4957=DIRECTION('',(0.,0.,1.));
#4958=DIRECTION('center_axis',(0.,0.,1.));
#4959=DIRECTION('ref_axis',(0.745739708856334,-0.666237410113594,0.));
#4960=DIRECTION('center_axis',(0.,0.,1.));
#4961=DIRECTION('ref_axis',(0.745739708856334,-0.666237410113594,0.));
#4962=DIRECTION('center_axis',(0.,0.,-1.));
#4963=DIRECTION('ref_axis',(0.745739708856334,-0.666237410113594,0.));
#4964=DIRECTION('',(0.,0.,1.));
#4965=DIRECTION('center_axis',(0.,0.,1.));
#4966=DIRECTION('ref_axis',(-0.999999999999768,6.80756236387882E-7,0.));
#4967=DIRECTION('center_axis',(0.,0.,1.));
#4968=DIRECTION('ref_axis',(-0.999999999999768,6.80756236387882E-7,0.));
#4969=DIRECTION('center_axis',(0.,0.,1.));
#4970=DIRECTION('ref_axis',(-0.999999999999768,6.80756236387882E-7,0.));
#4971=DIRECTION('',(0.,0.,1.));
#4972=DIRECTION('center_axis',(0.,0.,1.));
#4973=DIRECTION('ref_axis',(0.999999999999768,-6.80756237492189E-7,0.));
#4974=DIRECTION('center_axis',(0.,0.,1.));
#4975=DIRECTION('ref_axis',(0.999999999999768,-6.80756237492189E-7,0.));
#4976=DIRECTION('center_axis',(0.,0.,-1.));
#4977=DIRECTION('ref_axis',(0.999999999999768,-6.80756237492189E-7,0.));
#4978=DIRECTION('',(0.,0.,1.));
#4979=DIRECTION('center_axis',(0.,0.,1.));
#4980=DIRECTION('ref_axis',(-0.992442266554369,0.122712458847613,0.));
#4981=DIRECTION('center_axis',(0.,0.,1.));
#4982=DIRECTION('ref_axis',(-0.992442266554369,0.122712458847613,0.));
#4983=DIRECTION('center_axis',(0.,0.,1.));
#4984=DIRECTION('ref_axis',(-0.992442266554369,0.122712458847613,0.));
#4985=DIRECTION('',(0.,0.,1.));
#4986=DIRECTION('center_axis',(0.,0.,1.));
#4987=DIRECTION('ref_axis',(0.992442266554372,-0.122712458847586,0.));
#4988=DIRECTION('center_axis',(0.,0.,1.));
#4989=DIRECTION('ref_axis',(0.992442266554372,-0.122712458847586,0.));
#4990=DIRECTION('center_axis',(0.,0.,-1.));
#4991=DIRECTION('ref_axis',(0.992442266554372,-0.122712458847586,0.));
#4992=DIRECTION('',(0.,0.,1.));
#4993=DIRECTION('center_axis',(0.,0.,1.));
#4994=DIRECTION('ref_axis',(-0.476122357893919,0.879379042457537,0.));
#4995=DIRECTION('center_axis',(0.,0.,1.));
#4996=DIRECTION('ref_axis',(0.17364817766693,-0.984807753012208,0.));
#4997=DIRECTION('center_axis',(0.,0.,1.));
#4998=DIRECTION('ref_axis',(0.17364817766693,-0.984807753012208,0.));
#4999=DIRECTION('',(0.,0.,1.));
#5000=DIRECTION('center_axis',(0.,0.,1.));
#5001=DIRECTION('ref_axis',(0.994645440919103,-0.103346247434741,0.));
#5002=DIRECTION('center_axis',(0.,0.,1.));
#5003=DIRECTION('ref_axis',(0.994645440919103,-0.103346247434741,0.));
#5004=DIRECTION('center_axis',(0.,0.,1.));
#5005=DIRECTION('ref_axis',(0.994645440919103,-0.103346247434741,0.));
#5006=DIRECTION('',(0.,0.,1.));
#5007=DIRECTION('center_axis',(0.,0.,1.));
#5008=DIRECTION('ref_axis',(0.999999999999768,-6.80756235369709E-7,0.));
#5009=DIRECTION('center_axis',(0.,0.,1.));
#5010=DIRECTION('ref_axis',(0.999999999999768,-6.80756235369709E-7,0.));
#5011=DIRECTION('center_axis',(0.,0.,1.));
#5012=DIRECTION('ref_axis',(0.999999999999768,-6.80756235369709E-7,0.));
#5013=DIRECTION('',(0.,0.,1.));
#5014=DIRECTION('center_axis',(0.,0.,1.));
#5015=DIRECTION('ref_axis',(-0.999999999999768,6.80756236731915E-7,0.));
#5016=DIRECTION('center_axis',(0.,0.,1.));
#5017=DIRECTION('ref_axis',(-0.999999999999768,6.80756236731915E-7,0.));
#5018=DIRECTION('center_axis',(0.,0.,-1.));
#5019=DIRECTION('ref_axis',(-0.999999999999768,6.80756236731915E-7,0.));
#5020=DIRECTION('',(0.,0.,1.));
#5021=DIRECTION('center_axis',(0.,0.,1.));
#5022=DIRECTION('ref_axis',(0.745739708856335,-0.666237410113593,0.));
#5023=DIRECTION('center_axis',(0.,0.,1.));
#5024=DIRECTION('ref_axis',(0.745739708856335,-0.666237410113593,0.));
#5025=DIRECTION('center_axis',(0.,0.,1.));
#5026=DIRECTION('ref_axis',(0.745739708856335,-0.666237410113593,0.));
#5027=DIRECTION('center_axis',(0.,0.,1.));
#5028=DIRECTION('ref_axis',(-0.143020607651894,0.989719710719597,0.));
#5029=DIRECTION('center_axis',(0.,0.,1.));
#5030=DIRECTION('ref_axis',(-0.143020607651894,0.989719710719597,0.));
#5031=DIRECTION('',(0.,0.,1.));
#5032=DIRECTION('center_axis',(0.,0.,-1.));
#5033=DIRECTION('ref_axis',(-0.143020607651894,0.989719710719597,0.));
#5034=DIRECTION('',(0.,0.,1.));
#5035=DIRECTION('center_axis',(0.,0.,1.));
#5036=DIRECTION('ref_axis',(-0.143020607651904,0.989719710719596,0.));
#5037=DIRECTION('center_axis',(0.,0.,1.));
#5038=DIRECTION('ref_axis',(-0.143020607651904,0.989719710719596,0.));
#5039=DIRECTION('',(0.,0.,-1.));
#5040=DIRECTION('center_axis',(0.,0.,1.));
#5041=DIRECTION('ref_axis',(-0.143020607651904,0.989719710719596,0.));
#5042=DIRECTION('',(0.,0.,1.));
#5043=DIRECTION('center_axis',(0.,0.,1.));
#5044=DIRECTION('ref_axis',(0.143020607651891,-0.989719710719597,0.));
#5045=DIRECTION('center_axis',(0.,0.,1.));
#5046=DIRECTION('ref_axis',(0.143020607651891,-0.989719710719597,0.));
#5047=DIRECTION('center_axis',(0.,0.,-1.));
#5048=DIRECTION('ref_axis',(0.143020607651891,-0.989719710719597,0.));
#5049=DIRECTION('',(0.,0.,1.));
#5050=DIRECTION('center_axis',(0.,0.,1.));
#5051=DIRECTION('ref_axis',(-0.766044005537127,0.642788131175922,0.));
#5052=DIRECTION('center_axis',(0.,0.,1.));
#5053=DIRECTION('ref_axis',(-0.766044005537127,0.642788131175922,0.));
#5054=DIRECTION('center_axis',(0.,0.,1.));
#5055=DIRECTION('ref_axis',(-0.766044005537127,0.642788131175922,0.));
#5056=DIRECTION('',(0.,0.,1.));
#5057=DIRECTION('center_axis',(0.,0.,1.));
#5058=DIRECTION('ref_axis',(0.766044005537126,-0.642788131175923,0.));
#5059=DIRECTION('center_axis',(0.,0.,1.));
#5060=DIRECTION('ref_axis',(0.766044005537126,-0.642788131175923,0.));
#5061=DIRECTION('center_axis',(0.,0.,-1.));
#5062=DIRECTION('ref_axis',(0.766044005537126,-0.642788131175923,0.));
#5063=DIRECTION('',(0.,0.,1.));
#5064=DIRECTION('center_axis',(0.,0.,1.));
#5065=DIRECTION('ref_axis',(-0.681376835308963,0.731932789472055,0.));
#5066=DIRECTION('center_axis',(0.,0.,1.));
#5067=DIRECTION('ref_axis',(-0.681376835308963,0.731932789472055,0.));
#5068=DIRECTION('center_axis',(0.,0.,1.));
#5069=DIRECTION('ref_axis',(-0.681376835308963,0.731932789472055,0.));
#5070=DIRECTION('',(0.,0.,1.));
#5071=DIRECTION('center_axis',(0.,0.,1.));
#5072=DIRECTION('ref_axis',(0.681376835308983,-0.731932789472036,0.));
#5073=DIRECTION('center_axis',(0.,0.,1.));
#5074=DIRECTION('ref_axis',(0.681376835308983,-0.731932789472036,0.));
#5075=DIRECTION('center_axis',(0.,0.,-1.));
#5076=DIRECTION('ref_axis',(0.681376835308983,-0.731932789472036,0.));
#5077=DIRECTION('',(0.,0.,1.));
#5078=DIRECTION('center_axis',(0.,0.,1.));
#5079=DIRECTION('ref_axis',(0.200523066200379,0.979688981218835,0.));
#5080=DIRECTION('center_axis',(0.,0.,1.));
#5081=DIRECTION('ref_axis',(-0.5,-0.866025403784438,0.));
#5082=DIRECTION('center_axis',(0.,0.,1.));
#5083=DIRECTION('ref_axis',(-0.5,-0.866025403784438,0.));
#5084=DIRECTION('',(0.,0.,1.));
#5085=DIRECTION('center_axis',(0.,0.,1.));
#5086=DIRECTION('ref_axis',(0.695512925531054,-0.718513584018587,0.));
#5087=DIRECTION('center_axis',(0.,0.,1.));
#5088=DIRECTION('ref_axis',(0.695512925531054,-0.718513584018587,0.));
#5089=DIRECTION('center_axis',(0.,0.,1.));
#5090=DIRECTION('ref_axis',(0.695512925531054,-0.718513584018587,0.));
#5091=DIRECTION('',(0.,0.,1.));
#5092=DIRECTION('center_axis',(0.,0.,1.));
#5093=DIRECTION('ref_axis',(0.766044005537127,-0.642788131175922,0.));
#5094=DIRECTION('center_axis',(0.,0.,1.));
#5095=DIRECTION('ref_axis',(0.766044005537127,-0.642788131175922,0.));
#5096=DIRECTION('center_axis',(0.,0.,1.));
#5097=DIRECTION('ref_axis',(0.766044005537127,-0.642788131175922,0.));
#5098=DIRECTION('',(0.,0.,1.));
#5099=DIRECTION('center_axis',(0.,0.,1.));
#5100=DIRECTION('ref_axis',(-0.766044005537126,0.642788131175923,0.));
#5101=DIRECTION('center_axis',(0.,0.,1.));
#5102=DIRECTION('ref_axis',(-0.766044005537126,0.642788131175923,0.));
#5103=DIRECTION('center_axis',(0.,0.,-1.));
#5104=DIRECTION('ref_axis',(-0.766044005537126,0.642788131175923,0.));
#5105=DIRECTION('',(0.,0.,1.));
#5106=DIRECTION('center_axis',(0.,0.,1.));
#5107=DIRECTION('ref_axis',(0.143020607651893,-0.989719710719597,0.));
#5108=DIRECTION('center_axis',(0.,0.,1.));
#5109=DIRECTION('ref_axis',(0.143020607651893,-0.989719710719597,0.));
#5110=DIRECTION('center_axis',(0.,0.,1.));
#5111=DIRECTION('ref_axis',(0.143020607651893,-0.989719710719597,0.));
#5112=DIRECTION('center_axis',(0.,0.,1.));
#5113=DIRECTION('ref_axis',(0.526619425369869,0.850101159170547,0.));
#5114=DIRECTION('center_axis',(0.,0.,1.));
#5115=DIRECTION('ref_axis',(0.526619425369869,0.850101159170547,0.));
#5116=DIRECTION('',(0.,0.,1.));
#5117=DIRECTION('center_axis',(0.,0.,-1.));
#5118=DIRECTION('ref_axis',(0.526619425369869,0.850101159170547,0.));
#5119=DIRECTION('',(0.,0.,1.));
#5120=DIRECTION('center_axis',(0.,0.,1.));
#5121=DIRECTION('ref_axis',(0.526619425369861,0.850101159170552,0.));
#5122=DIRECTION('center_axis',(0.,0.,1.));
#5123=DIRECTION('ref_axis',(0.526619425369861,0.850101159170552,0.));
#5124=DIRECTION('',(0.,0.,-1.));
#5125=DIRECTION('center_axis',(0.,0.,1.));
#5126=DIRECTION('ref_axis',(0.526619425369861,0.850101159170552,0.));
#5127=DIRECTION('',(0.,0.,1.));
#5128=DIRECTION('center_axis',(0.,0.,1.));
#5129=DIRECTION('ref_axis',(-0.526619425369872,-0.850101159170546,0.));
#5130=DIRECTION('center_axis',(0.,0.,1.));
#5131=DIRECTION('ref_axis',(-0.526619425369872,-0.850101159170546,0.));
#5132=DIRECTION('center_axis',(0.,0.,-1.));
#5133=DIRECTION('ref_axis',(-0.526619425369872,-0.850101159170546,0.));
#5134=DIRECTION('',(0.,0.,1.));
#5135=DIRECTION('center_axis',(0.,0.,1.));
#5136=DIRECTION('ref_axis',(-0.173647507252871,0.98480787122406,0.));
#5137=DIRECTION('center_axis',(0.,0.,1.));
#5138=DIRECTION('ref_axis',(-0.173647507252871,0.98480787122406,0.));
#5139=DIRECTION('center_axis',(0.,0.,1.));
#5140=DIRECTION('ref_axis',(-0.173647507252871,0.98480787122406,0.));
#5141=DIRECTION('',(0.,0.,1.));
#5142=DIRECTION('center_axis',(0.,0.,1.));
#5143=DIRECTION('ref_axis',(0.17364750725287,-0.98480787122406,0.));
#5144=DIRECTION('center_axis',(0.,0.,1.));
#5145=DIRECTION('ref_axis',(0.17364750725287,-0.98480787122406,0.));
#5146=DIRECTION('center_axis',(0.,0.,-1.));
#5147=DIRECTION('ref_axis',(0.17364750725287,-0.98480787122406,0.));
#5148=DIRECTION('',(0.,0.,1.));
#5149=DIRECTION('center_axis',(0.,0.,1.));
#5150=DIRECTION('ref_axis',(-0.0514876101624833,0.998673633375667,0.));
#5151=DIRECTION('center_axis',(0.,0.,1.));
#5152=DIRECTION('ref_axis',(-0.0514876101624833,0.998673633375667,0.));
#5153=DIRECTION('center_axis',(0.,0.,1.));
#5154=DIRECTION('ref_axis',(-0.0514876101624833,0.998673633375667,0.));
#5155=DIRECTION('',(0.,0.,1.));
#5156=DIRECTION('center_axis',(0.,0.,1.));
#5157=DIRECTION('ref_axis',(0.051487610162511,-0.998673633375666,0.));
#5158=DIRECTION('center_axis',(0.,0.,1.));
#5159=DIRECTION('ref_axis',(0.051487610162511,-0.998673633375666,0.));
#5160=DIRECTION('center_axis',(0.,0.,-1.));
#5161=DIRECTION('ref_axis',(0.051487610162511,-0.998673633375666,0.));
#5162=DIRECTION('',(0.,0.,1.));
#5163=DIRECTION('center_axis',(0.,0.,1.));
#5164=DIRECTION('ref_axis',(0.783341519053874,0.621591557637625,0.));
#5165=DIRECTION('center_axis',(0.,0.,1.));
#5166=DIRECTION('ref_axis',(-0.939692620785908,-0.342020143325669,0.));
#5167=DIRECTION('center_axis',(0.,0.,1.));
#5168=DIRECTION('ref_axis',(-0.939692620785908,-0.342020143325669,0.));
#5169=DIRECTION('',(0.,0.,1.));
#5170=DIRECTION('center_axis',(0.,0.,1.));
#5171=DIRECTION('ref_axis',(0.0709421825218721,-0.997480429251138,0.));
#5172=DIRECTION('center_axis',(0.,0.,1.));
#5173=DIRECTION('ref_axis',(0.0709421825218721,-0.997480429251138,0.));
#5174=DIRECTION('center_axis',(0.,0.,1.));
#5175=DIRECTION('ref_axis',(0.0709421825218721,-0.997480429251138,0.));
#5176=DIRECTION('',(0.,0.,1.));
#5177=DIRECTION('center_axis',(0.,0.,1.));
#5178=DIRECTION('ref_axis',(0.173647507252872,-0.984807871224059,0.));
#5179=DIRECTION('center_axis',(0.,0.,1.));
#5180=DIRECTION('ref_axis',(0.173647507252872,-0.984807871224059,0.));
#5181=DIRECTION('center_axis',(0.,0.,1.));
#5182=DIRECTION('ref_axis',(0.173647507252872,-0.984807871224059,0.));
#5183=DIRECTION('',(0.,0.,1.));
#5184=DIRECTION('center_axis',(0.,0.,1.));
#5185=DIRECTION('ref_axis',(-0.173647507252871,0.98480787122406,0.));
#5186=DIRECTION('center_axis',(0.,0.,1.));
#5187=DIRECTION('ref_axis',(-0.173647507252871,0.98480787122406,0.));
#5188=DIRECTION('center_axis',(0.,0.,-1.));
#5189=DIRECTION('ref_axis',(-0.173647507252871,0.98480787122406,0.));
#5190=DIRECTION('',(0.,0.,1.));
#5191=DIRECTION('center_axis',(0.,0.,1.));
#5192=DIRECTION('ref_axis',(-0.526619425369871,-0.850101159170547,0.));
#5193=DIRECTION('center_axis',(0.,0.,1.));
#5194=DIRECTION('ref_axis',(-0.526619425369871,-0.850101159170547,0.));
#5195=DIRECTION('center_axis',(0.,0.,1.));
#5196=DIRECTION('ref_axis',(-0.526619425369871,-0.850101159170547,0.));
#5197=DIRECTION('center_axis',(0.,0.,1.));
#5198=DIRECTION('ref_axis',(0.94984837653809,0.312710827423603,0.));
#5199=DIRECTION('center_axis',(0.,0.,1.));
#5200=DIRECTION('ref_axis',(0.94984837653809,0.312710827423603,0.));
#5201=DIRECTION('',(0.,0.,1.));
#5202=DIRECTION('center_axis',(0.,0.,-1.));
#5203=DIRECTION('ref_axis',(0.94984837653809,0.312710827423603,0.));
#5204=DIRECTION('',(0.,0.,1.));
#5205=DIRECTION('center_axis',(0.,0.,1.));
#5206=DIRECTION('ref_axis',(0.949848376538088,0.312710827423611,0.));
#5207=DIRECTION('center_axis',(0.,0.,1.));
#5208=DIRECTION('ref_axis',(0.949848376538088,0.312710827423611,0.));
#5209=DIRECTION('',(0.,0.,-1.));
#5210=DIRECTION('center_axis',(0.,0.,1.));
#5211=DIRECTION('ref_axis',(0.949848376538088,0.312710827423611,0.));
#5212=DIRECTION('',(0.,0.,1.));
#5213=DIRECTION('center_axis',(0.,0.,1.));
#5214=DIRECTION('ref_axis',(-0.949848376538091,-0.3127108274236,0.));
#5215=DIRECTION('center_axis',(0.,0.,1.));
#5216=DIRECTION('ref_axis',(-0.949848376538091,-0.3127108274236,0.));
#5217=DIRECTION('center_axis',(0.,0.,-1.));
#5218=DIRECTION('ref_axis',(-0.949848376538091,-0.3127108274236,0.));
#5219=DIRECTION('',(0.,0.,1.));
#5220=DIRECTION('center_axis',(0.,0.,1.));
#5221=DIRECTION('ref_axis',(0.500000589552078,0.86602506340612,0.));
#5222=DIRECTION('center_axis',(0.,0.,1.));
#5223=DIRECTION('ref_axis',(0.500000589552078,0.86602506340612,0.));
#5224=DIRECTION('center_axis',(0.,0.,1.));
#5225=DIRECTION('ref_axis',(0.500000589552078,0.86602506340612,0.));
#5226=DIRECTION('',(0.,0.,1.));
#5227=DIRECTION('center_axis',(0.,0.,1.));
#5228=DIRECTION('ref_axis',(-0.500000589552079,-0.866025063406119,0.));
#5229=DIRECTION('center_axis',(0.,0.,1.));
#5230=DIRECTION('ref_axis',(-0.500000589552079,-0.866025063406119,0.));
#5231=DIRECTION('center_axis',(0.,0.,-1.));
#5232=DIRECTION('ref_axis',(-0.500000589552079,-0.866025063406119,0.));
#5233=DIRECTION('',(0.,0.,1.));
#5234=DIRECTION('center_axis',(0.,0.,1.));
#5235=DIRECTION('ref_axis',(0.60249324000007,0.798123985201684,0.));
#5236=DIRECTION('center_axis',(0.,0.,1.));
#5237=DIRECTION('ref_axis',(0.60249324000007,0.798123985201684,0.));
#5238=DIRECTION('center_axis',(0.,0.,1.));
#5239=DIRECTION('ref_axis',(0.60249324000007,0.798123985201684,0.));
#5240=DIRECTION('',(0.,0.,1.));
#5241=DIRECTION('center_axis',(0.,0.,1.));
#5242=DIRECTION('ref_axis',(-0.602493240000048,-0.798123985201701,0.));
#5243=DIRECTION('center_axis',(0.,0.,1.));
#5244=DIRECTION('ref_axis',(-0.602493240000048,-0.798123985201701,0.));
#5245=DIRECTION('center_axis',(0.,0.,-1.));
#5246=DIRECTION('ref_axis',(-0.602493240000048,-0.798123985201701,0.));
#5247=DIRECTION('',(0.,0.,1.));
#5248=DIRECTION('center_axis',(0.,0.,1.));
#5249=DIRECTION('ref_axis',(0.999625769270821,-0.0273554639828896,0.));
#5250=DIRECTION('center_axis',(0.,0.,1.));
#5251=DIRECTION('ref_axis',(-0.939692620785908,0.342020143325669,0.));
#5252=DIRECTION('center_axis',(0.,0.,1.));
#5253=DIRECTION('ref_axis',(-0.939692620785908,0.342020143325669,0.));
#5254=DIRECTION('',(0.,0.,1.));
#5255=DIRECTION('center_axis',(0.,0.,1.));
#5256=DIRECTION('ref_axis',(-0.586823196123829,-0.809715095876947,0.));
#5257=DIRECTION('center_axis',(0.,0.,1.));
#5258=DIRECTION('ref_axis',(-0.586823196123829,-0.809715095876947,0.));
#5259=DIRECTION('center_axis',(0.,0.,1.));
#5260=DIRECTION('ref_axis',(-0.586823196123829,-0.809715095876947,0.));
#5261=DIRECTION('',(0.,0.,1.));
#5262=DIRECTION('center_axis',(0.,0.,1.));
#5263=DIRECTION('ref_axis',(-0.500000589552078,-0.86602506340612,0.));
#5264=DIRECTION('center_axis',(0.,0.,1.));
#5265=DIRECTION('ref_axis',(-0.500000589552078,-0.86602506340612,0.));
#5266=DIRECTION('center_axis',(0.,0.,1.));
#5267=DIRECTION('ref_axis',(-0.500000589552078,-0.86602506340612,0.));
#5268=DIRECTION('',(0.,0.,1.));
#5269=DIRECTION('center_axis',(0.,0.,1.));
#5270=DIRECTION('ref_axis',(0.500000589552079,0.86602506340612,0.));
#5271=DIRECTION('center_axis',(0.,0.,1.));
#5272=DIRECTION('ref_axis',(0.500000589552079,0.86602506340612,0.));
#5273=DIRECTION('center_axis',(0.,0.,-1.));
#5274=DIRECTION('ref_axis',(0.500000589552079,0.86602506340612,0.));
#5275=DIRECTION('',(0.,0.,1.));
#5276=DIRECTION('center_axis',(0.,0.,1.));
#5277=DIRECTION('ref_axis',(-0.949848376538091,-0.312710827423601,0.));
#5278=DIRECTION('center_axis',(0.,0.,1.));
#5279=DIRECTION('ref_axis',(-0.949848376538091,-0.312710827423601,0.));
#5280=DIRECTION('center_axis',(0.,0.,1.));
#5281=DIRECTION('ref_axis',(-0.949848376538091,-0.312710827423601,0.));
#5282=DIRECTION('center_axis',(0.,0.,1.));
#5283=DIRECTION('ref_axis',(0.928632715935304,-0.371000375868571,0.));
#5284=DIRECTION('center_axis',(0.,0.,1.));
#5285=DIRECTION('ref_axis',(0.928632715935304,-0.371000375868571,0.));
#5286=DIRECTION('',(0.,0.,1.));
#5287=DIRECTION('center_axis',(0.,0.,-1.));
#5288=DIRECTION('ref_axis',(0.928632715935304,-0.371000375868571,0.));
#5289=DIRECTION('',(0.,0.,1.));
#5290=DIRECTION('center_axis',(0.,0.,1.));
#5291=DIRECTION('ref_axis',(0.928632715935308,-0.371000375868562,0.));
#5292=DIRECTION('center_axis',(0.,0.,1.));
#5293=DIRECTION('ref_axis',(0.928632715935308,-0.371000375868562,0.));
#5294=DIRECTION('',(0.,0.,-1.));
#5295=DIRECTION('center_axis',(0.,0.,1.));
#5296=DIRECTION('ref_axis',(0.928632715935308,-0.371000375868562,0.));
#5297=DIRECTION('',(0.,0.,1.));
#5298=DIRECTION('center_axis',(0.,0.,1.));
#5299=DIRECTION('ref_axis',(-0.928632715935303,0.371000375868573,0.));
#5300=DIRECTION('center_axis',(0.,0.,1.));
#5301=DIRECTION('ref_axis',(-0.928632715935303,0.371000375868573,0.));
#5302=DIRECTION('center_axis',(0.,0.,-1.));
#5303=DIRECTION('ref_axis',(-0.928632715935303,0.371000375868573,0.));
#5304=DIRECTION('',(0.,0.,1.));
#5305=DIRECTION('center_axis',(0.,0.,1.));
#5306=DIRECTION('ref_axis',(0.939692853618036,0.342019503623978,0.));
#5307=DIRECTION('center_axis',(0.,0.,1.));
#5308=DIRECTION('ref_axis',(0.939692853618036,0.342019503623978,0.));
#5309=DIRECTION('center_axis',(0.,0.,1.));
#5310=DIRECTION('ref_axis',(0.939692853618036,0.342019503623978,0.));
#5311=DIRECTION('',(0.,0.,1.));
#5312=DIRECTION('center_axis',(0.,0.,1.));
#5313=DIRECTION('ref_axis',(-0.939692853618037,-0.342019503623977,0.));
#5314=DIRECTION('center_axis',(0.,0.,1.));
#5315=DIRECTION('ref_axis',(-0.939692853618037,-0.342019503623977,0.));
#5316=DIRECTION('center_axis',(0.,0.,-1.));
#5317=DIRECTION('ref_axis',(-0.939692853618037,-0.342019503623977,0.));
#5318=DIRECTION('',(0.,0.,1.));
#5319=DIRECTION('center_axis',(0.,0.,1.));
#5320=DIRECTION('ref_axis',(0.974560807200088,0.22412325419178,0.));
#5321=DIRECTION('center_axis',(0.,0.,1.));
#5322=DIRECTION('ref_axis',(0.974560807200088,0.22412325419178,0.));
#5323=DIRECTION('center_axis',(0.,0.,1.));
#5324=DIRECTION('ref_axis',(0.974560807200088,0.22412325419178,0.));
#5325=DIRECTION('',(0.,0.,1.));
#5326=DIRECTION('center_axis',(0.,0.,1.));
#5327=DIRECTION('ref_axis',(-0.974560807200082,-0.224123254191807,0.));
#5328=DIRECTION('center_axis',(0.,0.,1.));
#5329=DIRECTION('ref_axis',(-0.974560807200082,-0.224123254191807,0.));
#5330=DIRECTION('center_axis',(0.,0.,-1.));
#5331=DIRECTION('ref_axis',(-0.974560807200082,-0.224123254191807,0.));
#5332=DIRECTION('',(0.,0.,1.));
#5333=DIRECTION('center_axis',(0.,0.,1.));
#5334=DIRECTION('ref_axis',(0.748174012443019,-0.663502559983692,0.));
#5335=DIRECTION('center_axis',(0.,0.,1.));
#5336=DIRECTION('ref_axis',(-0.5,0.866025403784439,0.));
#5337=DIRECTION('center_axis',(0.,0.,1.));
#5338=DIRECTION('ref_axis',(-0.5,0.866025403784439,0.));
#5339=DIRECTION('',(0.,0.,1.));
#5340=DIRECTION('center_axis',(0.,0.,1.));
#5341=DIRECTION('ref_axis',(-0.970007479489827,-0.243075070161034,0.));
#5342=DIRECTION('center_axis',(0.,0.,1.));
#5343=DIRECTION('ref_axis',(-0.970007479489827,-0.243075070161034,0.));
#5344=DIRECTION('center_axis',(0.,0.,1.));
#5345=DIRECTION('ref_axis',(-0.970007479489827,-0.243075070161034,0.));
#5346=DIRECTION('',(0.,0.,1.));
#5347=DIRECTION('center_axis',(0.,0.,1.));
#5348=DIRECTION('ref_axis',(-0.939692853618036,-0.342019503623979,0.));
#5349=DIRECTION('center_axis',(0.,0.,1.));
#5350=DIRECTION('ref_axis',(-0.939692853618036,-0.342019503623979,0.));
#5351=DIRECTION('center_axis',(0.,0.,1.));
#5352=DIRECTION('ref_axis',(-0.939692853618036,-0.342019503623979,0.));
#5353=DIRECTION('',(0.,0.,1.));
#5354=DIRECTION('center_axis',(0.,0.,1.));
#5355=DIRECTION('ref_axis',(0.939692853618036,0.342019503623977,0.));
#5356=DIRECTION('center_axis',(0.,0.,1.));
#5357=DIRECTION('ref_axis',(0.939692853618036,0.342019503623977,0.));
#5358=DIRECTION('center_axis',(0.,0.,-1.));
#5359=DIRECTION('ref_axis',(0.939692853618036,0.342019503623977,0.));
#5360=DIRECTION('',(0.,0.,1.));
#5361=DIRECTION('center_axis',(0.,0.,1.));
#5362=DIRECTION('ref_axis',(-0.928632715935303,0.371000375868572,0.));
#5363=DIRECTION('center_axis',(0.,0.,1.));
#5364=DIRECTION('ref_axis',(-0.928632715935303,0.371000375868572,0.));
#5365=DIRECTION('center_axis',(0.,0.,1.));
#5366=DIRECTION('ref_axis',(-0.928632715935303,0.371000375868572,0.));
#5367=DIRECTION('center_axis',(0.,0.,1.));
#5368=DIRECTION('ref_axis',(0.472899486943358,-0.881116380081944,0.));
#5369=DIRECTION('center_axis',(0.,0.,1.));
#5370=DIRECTION('ref_axis',(0.472899486943358,-0.881116380081944,0.));
#5371=DIRECTION('',(0.,0.,1.));
#5372=DIRECTION('center_axis',(0.,0.,-1.));
#5373=DIRECTION('ref_axis',(0.472899486943358,-0.881116380081944,0.));
#5374=DIRECTION('',(0.,0.,1.));
#5375=DIRECTION('center_axis',(0.,0.,1.));
#5376=DIRECTION('ref_axis',(0.472899486943366,-0.881116380081939,0.));
#5377=DIRECTION('center_axis',(0.,0.,1.));
#5378=DIRECTION('ref_axis',(0.472899486943366,-0.881116380081939,0.));
#5379=DIRECTION('',(0.,0.,-1.));
#5380=DIRECTION('center_axis',(0.,0.,1.));
#5381=DIRECTION('ref_axis',(0.472899486943366,-0.881116380081939,0.));
#5382=DIRECTION('',(0.,0.,1.));
#5383=DIRECTION('center_axis',(0.,0.,1.));
#5384=DIRECTION('ref_axis',(-0.472899486943355,0.881116380081945,0.));
#5385=DIRECTION('center_axis',(0.,0.,1.));
#5386=DIRECTION('ref_axis',(-0.472899486943355,0.881116380081945,0.));
#5387=DIRECTION('center_axis',(0.,0.,-1.));
#5388=DIRECTION('ref_axis',(-0.472899486943355,0.881116380081945,0.));
#5389=DIRECTION('',(0.,0.,1.));
#5390=DIRECTION('center_axis',(0.,0.,1.));
#5391=DIRECTION('ref_axis',(0.939692387953345,-0.342020783027201,0.));
#5392=DIRECTION('center_axis',(0.,0.,1.));
#5393=DIRECTION('ref_axis',(0.939692387953345,-0.342020783027201,0.));
#5394=DIRECTION('center_axis',(0.,0.,1.));
#5395=DIRECTION('ref_axis',(0.939692387953345,-0.342020783027201,0.));
#5396=DIRECTION('',(0.,0.,1.));
#5397=DIRECTION('center_axis',(0.,0.,1.));
#5398=DIRECTION('ref_axis',(-0.939692387953345,0.342020783027202,0.));
#5399=DIRECTION('center_axis',(0.,0.,1.));
#5400=DIRECTION('ref_axis',(-0.939692387953345,0.342020783027202,0.));
#5401=DIRECTION('center_axis',(0.,0.,-1.));
#5402=DIRECTION('ref_axis',(-0.939692387953345,0.342020783027202,0.));
#5403=DIRECTION('',(0.,0.,1.));
#5404=DIRECTION('center_axis',(0.,0.,1.));
#5405=DIRECTION('ref_axis',(0.890620541674276,-0.454747238306973,0.));
#5406=DIRECTION('center_axis',(0.,0.,1.));
#5407=DIRECTION('ref_axis',(0.890620541674276,-0.454747238306973,0.));
#5408=DIRECTION('center_axis',(0.,0.,1.));
#5409=DIRECTION('ref_axis',(0.890620541674276,-0.454747238306973,0.));
#5410=DIRECTION('',(0.,0.,1.));
#5411=DIRECTION('center_axis',(0.,0.,1.));
#5412=DIRECTION('ref_axis',(-0.890620541674289,0.454747238306948,0.));
#5413=DIRECTION('center_axis',(0.,0.,1.));
#5414=DIRECTION('ref_axis',(-0.890620541674289,0.454747238306948,0.));
#5415=DIRECTION('center_axis',(0.,0.,-1.));
#5416=DIRECTION('ref_axis',(-0.890620541674289,0.454747238306948,0.));
#5417=DIRECTION('',(0.,0.,1.));
#5418=DIRECTION('center_axis',(0.,0.,1.));
#5419=DIRECTION('ref_axis',(0.146643320165185,-0.989189434158559,0.));
#5420=DIRECTION('center_axis',(0.,0.,1.));
#5421=DIRECTION('ref_axis',(0.17364817766693,0.984807753012208,0.));
#5422=DIRECTION('center_axis',(0.,0.,1.));
#5423=DIRECTION('ref_axis',(0.17364817766693,0.984807753012208,0.));
#5424=DIRECTION('',(0.,0.,1.));
#5425=DIRECTION('center_axis',(0.,0.,1.));
#5426=DIRECTION('ref_axis',(-0.899314482770228,0.437302482361715,0.));
#5427=DIRECTION('center_axis',(0.,0.,1.));
#5428=DIRECTION('ref_axis',(-0.899314482770228,0.437302482361715,0.));
#5429=DIRECTION('center_axis',(0.,0.,1.));
#5430=DIRECTION('ref_axis',(-0.899314482770228,0.437302482361715,0.));
#5431=DIRECTION('',(0.,0.,1.));
#5432=DIRECTION('center_axis',(0.,0.,1.));
#5433=DIRECTION('ref_axis',(-0.939692387953345,0.3420207830272,0.));
#5434=DIRECTION('center_axis',(0.,0.,1.));
#5435=DIRECTION('ref_axis',(-0.939692387953345,0.3420207830272,0.));
#5436=DIRECTION('center_axis',(0.,0.,1.));
#5437=DIRECTION('ref_axis',(-0.939692387953345,0.3420207830272,0.));
#5438=DIRECTION('',(0.,0.,1.));
#5439=DIRECTION('center_axis',(0.,0.,1.));
#5440=DIRECTION('ref_axis',(0.939692387953345,-0.342020783027201,0.));
#5441=DIRECTION('center_axis',(0.,0.,1.));
#5442=DIRECTION('ref_axis',(0.939692387953345,-0.342020783027201,0.));
#5443=DIRECTION('center_axis',(0.,0.,-1.));
#5444=DIRECTION('ref_axis',(0.939692387953345,-0.342020783027201,0.));
#5445=DIRECTION('',(0.,0.,1.));
#5446=DIRECTION('center_axis',(0.,0.,1.));
#5447=DIRECTION('ref_axis',(-0.472899486943357,0.881116380081945,0.));
#5448=DIRECTION('center_axis',(0.,0.,1.));
#5449=DIRECTION('ref_axis',(-0.472899486943357,0.881116380081945,0.));
#5450=DIRECTION('center_axis',(0.,0.,1.));
#5451=DIRECTION('ref_axis',(-0.472899486943357,0.881116380081945,0.));
#5452=DIRECTION('center_axis',(0.,0.,1.));
#5453=DIRECTION('ref_axis',(-0.204108667681754,-0.978948237537195,0.));
#5454=DIRECTION('center_axis',(0.,0.,1.));
#5455=DIRECTION('ref_axis',(-0.204108667681754,-0.978948237537195,0.));
#5456=DIRECTION('',(0.,0.,1.));
#5457=DIRECTION('center_axis',(0.,0.,-1.));
#5458=DIRECTION('ref_axis',(-0.204108667681754,-0.978948237537195,0.));
#5459=DIRECTION('',(0.,0.,1.));
#5460=DIRECTION('center_axis',(0.,0.,1.));
#5461=DIRECTION('ref_axis',(-0.204108667681745,-0.978948237537197,0.));
#5462=DIRECTION('center_axis',(0.,0.,1.));
#5463=DIRECTION('ref_axis',(-0.204108667681745,-0.978948237537197,0.));
#5464=DIRECTION('',(0.,0.,-1.));
#5465=DIRECTION('center_axis',(0.,0.,1.));
#5466=DIRECTION('ref_axis',(-0.204108667681745,-0.978948237537197,0.));
#5467=DIRECTION('',(0.,0.,1.));
#5468=DIRECTION('center_axis',(0.,0.,1.));
#5469=DIRECTION('ref_axis',(0.204108667681757,0.978948237537194,0.));
#5470=DIRECTION('center_axis',(0.,0.,1.));
#5471=DIRECTION('ref_axis',(0.204108667681757,0.978948237537194,0.));
#5472=DIRECTION('center_axis',(0.,0.,-1.));
#5473=DIRECTION('ref_axis',(0.204108667681757,0.978948237537194,0.));
#5474=DIRECTION('',(0.,0.,1.));
#5475=DIRECTION('center_axis',(0.,0.,1.));
#5476=DIRECTION('ref_axis',(0.49999941044769,-0.866025744162356,0.));
#5477=DIRECTION('center_axis',(0.,0.,1.));
#5478=DIRECTION('ref_axis',(0.49999941044769,-0.866025744162356,0.));
#5479=DIRECTION('center_axis',(0.,0.,1.));
#5480=DIRECTION('ref_axis',(0.49999941044769,-0.866025744162356,0.));
#5481=DIRECTION('',(0.,0.,1.));
#5482=DIRECTION('center_axis',(0.,0.,1.));
#5483=DIRECTION('ref_axis',(-0.499999410447689,0.866025744162357,0.));
#5484=DIRECTION('center_axis',(0.,0.,1.));
#5485=DIRECTION('ref_axis',(-0.499999410447689,0.866025744162357,0.));
#5486=DIRECTION('center_axis',(0.,0.,-1.));
#5487=DIRECTION('ref_axis',(-0.499999410447689,0.866025744162357,0.));
#5488=DIRECTION('',(0.,0.,1.));
#5489=DIRECTION('center_axis',(0.,0.,1.));
#5490=DIRECTION('ref_axis',(0.389949026554299,-0.920836444049297,0.));
#5491=DIRECTION('center_axis',(0.,0.,1.));
#5492=DIRECTION('ref_axis',(0.389949026554299,-0.920836444049297,0.));
#5493=DIRECTION('center_axis',(0.,0.,1.));
#5494=DIRECTION('ref_axis',(0.389949026554299,-0.920836444049297,0.));
#5495=DIRECTION('',(0.,0.,1.));
#5496=DIRECTION('center_axis',(0.,0.,1.));
#5497=DIRECTION('ref_axis',(-0.389949026554325,0.920836444049286,0.));
#5498=DIRECTION('center_axis',(0.,0.,1.));
#5499=DIRECTION('ref_axis',(-0.389949026554325,0.920836444049286,0.));
#5500=DIRECTION('center_axis',(0.,0.,-1.));
#5501=DIRECTION('ref_axis',(-0.389949026554325,0.920836444049286,0.));
#5502=DIRECTION('',(0.,0.,1.));
#5503=DIRECTION('center_axis',(0.,0.,1.));
#5504=DIRECTION('ref_axis',(-0.523503411376901,-0.852023578474649,0.));
#5505=DIRECTION('center_axis',(0.,0.,1.));
#5506=DIRECTION('ref_axis',(0.766044443118978,0.642787609686539,0.));
#5507=DIRECTION('center_axis',(0.,0.,1.));
#5508=DIRECTION('ref_axis',(0.766044443118978,0.642787609686539,0.));
#5509=DIRECTION('',(0.,0.,1.));
#5510=DIRECTION('center_axis',(0.,0.,1.));
#5511=DIRECTION('ref_axis',(-0.407822244795274,0.913061343311688,0.));
#5512=DIRECTION('center_axis',(0.,0.,1.));
#5513=DIRECTION('ref_axis',(-0.407822244795274,0.913061343311688,0.));
#5514=DIRECTION('center_axis',(0.,0.,1.));
#5515=DIRECTION('ref_axis',(-0.407822244795274,0.913061343311688,0.));
#5516=DIRECTION('',(0.,0.,1.));
#5517=DIRECTION('center_axis',(0.,0.,1.));
#5518=DIRECTION('ref_axis',(-0.499999410447691,0.866025744162356,0.));
#5519=DIRECTION('center_axis',(0.,0.,1.));
#5520=DIRECTION('ref_axis',(-0.499999410447691,0.866025744162356,0.));
#5521=DIRECTION('center_axis',(0.,0.,1.));
#5522=DIRECTION('ref_axis',(-0.499999410447691,0.866025744162356,0.));
#5523=DIRECTION('',(0.,0.,1.));
#5524=DIRECTION('center_axis',(0.,0.,1.));
#5525=DIRECTION('ref_axis',(0.49999941044769,-0.866025744162356,0.));
#5526=DIRECTION('center_axis',(0.,0.,1.));
#5527=DIRECTION('ref_axis',(0.49999941044769,-0.866025744162356,0.));
#5528=DIRECTION('center_axis',(0.,0.,-1.));
#5529=DIRECTION('ref_axis',(0.49999941044769,-0.866025744162356,0.));
#5530=DIRECTION('',(0.,0.,1.));
#5531=DIRECTION('center_axis',(0.,0.,1.));
#5532=DIRECTION('ref_axis',(0.204108667681755,0.978948237537194,0.));
#5533=DIRECTION('center_axis',(0.,0.,1.));
#5534=DIRECTION('ref_axis',(0.204108667681755,0.978948237537194,0.));
#5535=DIRECTION('center_axis',(0.,0.,1.));
#5536=DIRECTION('ref_axis',(0.204108667681755,0.978948237537194,0.));
#5537=DIRECTION('center_axis',(0.,0.,1.));
#5538=DIRECTION('ref_axis',(0.,-1.,0.));
#5539=DIRECTION('center_axis',(0.,0.,1.));
#5540=DIRECTION('ref_axis',(1.,0.,0.));
#5541=DIRECTION('',(0.,0.,1.));
#5542=DIRECTION('center_axis',(0.,0.,1.));
#5543=DIRECTION('ref_axis',(1.,0.,0.));
#5544=DIRECTION('center_axis',(0.,0.,1.));
#5545=DIRECTION('ref_axis',(-0.1063508276272,0.994328668732331,0.));
#5546=DIRECTION('center_axis',(0.,0.,1.));
#5547=DIRECTION('ref_axis',(1.,0.,0.));
#5548=DIRECTION('center_axis',(0.,0.,1.));
#5549=DIRECTION('ref_axis',(1.,0.,0.));
#5550=DIRECTION('center_axis',(0.,0.,1.));
#5551=DIRECTION('ref_axis',(0.,-1.,0.));
#5552=DIRECTION('center_axis',(0.,0.,1.));
#5553=DIRECTION('ref_axis',(1.,0.,0.));
#5554=DIRECTION('center_axis',(0.,0.,1.));
#5555=DIRECTION('ref_axis',(1.,0.,0.));
#5556=DIRECTION('center_axis',(0.,0.,1.));
#5557=DIRECTION('ref_axis',(0.,-1.,0.));
#5558=DIRECTION('center_axis',(0.,0.,1.));
#5559=DIRECTION('ref_axis',(1.,0.,0.));
#5560=DIRECTION('center_axis',(0.,0.,1.));
#5561=DIRECTION('ref_axis',(1.,0.,0.));
#5562=DIRECTION('center_axis',(0.,0.,1.));
#5563=DIRECTION('ref_axis',(0.,-1.,0.));
#5564=DIRECTION('center_axis',(0.,0.,1.));
#5565=DIRECTION('ref_axis',(1.,0.,0.));
#5566=DIRECTION('center_axis',(0.,0.,1.));
#5567=DIRECTION('ref_axis',(1.,0.,0.));
#5568=DIRECTION('center_axis',(0.,0.,1.));
#5569=DIRECTION('ref_axis',(0.,-1.,0.));
#5570=DIRECTION('center_axis',(0.,0.,1.));
#5571=DIRECTION('ref_axis',(1.,0.,0.));
#5572=DIRECTION('center_axis',(0.,0.,1.));
#5573=DIRECTION('ref_axis',(1.,0.,0.));
#5574=DIRECTION('center_axis',(0.,0.,1.));
#5575=DIRECTION('ref_axis',(0.,-1.,0.));
#5576=DIRECTION('center_axis',(0.,0.,1.));
#5577=DIRECTION('ref_axis',(1.,0.,0.));
#5578=DIRECTION('center_axis',(0.,0.,1.));
#5579=DIRECTION('ref_axis',(1.,0.,0.));
#5580=DIRECTION('center_axis',(0.,0.,1.));
#5581=DIRECTION('ref_axis',(0.,-1.,0.));
#5582=DIRECTION('center_axis',(0.,0.,1.));
#5583=DIRECTION('ref_axis',(1.,0.,0.));
#5584=DIRECTION('',(0.,0.,-1.));
#5585=DIRECTION('center_axis',(0.,0.,1.));
#5586=DIRECTION('ref_axis',(1.,0.,0.));
#5587=DIRECTION('center_axis',(0.,0.,1.));
#5588=DIRECTION('ref_axis',(0.,-1.,0.));
#5589=DIRECTION('center_axis',(0.,0.,1.));
#5590=DIRECTION('ref_axis',(1.,0.,0.));
#5591=DIRECTION('center_axis',(0.,0.,1.));
#5592=DIRECTION('ref_axis',(1.,0.,0.));
#5593=DIRECTION('center_axis',(0.,0.,1.));
#5594=DIRECTION('ref_axis',(-0.785612108283409,-0.618719334851027,0.));
#5595=DIRECTION('center_axis',(0.,0.,1.));
#5596=DIRECTION('ref_axis',(-0.785612108283409,-0.618719334851027,0.));
#5597=DIRECTION('',(0.,0.,1.));
#5598=DIRECTION('center_axis',(0.,0.,-1.));
#5599=DIRECTION('ref_axis',(-0.785612108283409,-0.618719334851027,0.));
#5600=DIRECTION('center_axis',(0.,0.,1.));
#5601=DIRECTION('ref_axis',(-0.785612108283404,-0.618719334851034,0.));
#5602=DIRECTION('center_axis',(0.,0.,1.));
#5603=DIRECTION('ref_axis',(-0.785612108283404,-0.618719334851034,0.));
#5604=DIRECTION('center_axis',(0.,0.,1.));
#5605=DIRECTION('ref_axis',(-0.785612108283404,-0.618719334851034,0.));
#5606=DIRECTION('',(0.,0.,1.));
#5607=DIRECTION('center_axis',(0.,0.,1.));
#5608=DIRECTION('ref_axis',(0.785612108283411,0.618719334851024,0.));
#5609=DIRECTION('center_axis',(0.,0.,1.));
#5610=DIRECTION('ref_axis',(0.785612108283411,0.618719334851024,0.));
#5611=DIRECTION('center_axis',(0.,0.,-1.));
#5612=DIRECTION('ref_axis',(0.785612108283411,0.618719334851024,0.));
#5613=DIRECTION('',(0.,0.,1.));
#5614=DIRECTION('center_axis',(0.,0.,1.));
#5615=DIRECTION('ref_axis',(-0.173648848080909,-0.9848076347999,0.));
#5616=DIRECTION('center_axis',(0.,0.,1.));
#5617=DIRECTION('ref_axis',(-0.173648848080909,-0.9848076347999,0.));
#5618=DIRECTION('center_axis',(0.,0.,1.));
#5619=DIRECTION('ref_axis',(-0.173648848080909,-0.9848076347999,0.));
#5620=DIRECTION('',(0.,0.,1.));
#5621=DIRECTION('center_axis',(0.,0.,1.));
#5622=DIRECTION('ref_axis',(0.17364884808091,0.9848076347999,0.));
#5623=DIRECTION('center_axis',(0.,0.,1.));
#5624=DIRECTION('ref_axis',(0.17364884808091,0.9848076347999,0.));
#5625=DIRECTION('center_axis',(0.,0.,-1.));
#5626=DIRECTION('ref_axis',(0.17364884808091,0.9848076347999,0.));
#5627=DIRECTION('',(0.,0.,1.));
#5628=DIRECTION('center_axis',(0.,0.,1.));
#5629=DIRECTION('ref_axis',(-0.293183971891125,-0.956056043663835,0.));
#5630=DIRECTION('center_axis',(0.,0.,1.));
#5631=DIRECTION('ref_axis',(-0.293183971891125,-0.956056043663835,0.));
#5632=DIRECTION('center_axis',(0.,0.,1.));
#5633=DIRECTION('ref_axis',(-0.293183971891125,-0.956056043663835,0.));
#5634=DIRECTION('',(0.,0.,1.));
#5635=DIRECTION('center_axis',(0.,0.,1.));
#5636=DIRECTION('ref_axis',(0.293183971891098,0.956056043663843,0.));
#5637=DIRECTION('center_axis',(0.,0.,1.));
#5638=DIRECTION('ref_axis',(0.293183971891098,0.956056043663843,0.));
#5639=DIRECTION('center_axis',(0.,0.,-1.));
#5640=DIRECTION('ref_axis',(0.293183971891098,0.956056043663843,0.));
#5641=DIRECTION('',(0.,0.,1.));
#5642=DIRECTION('center_axis',(0.,0.,1.));
#5643=DIRECTION('ref_axis',(-0.948697078643396,-0.316186421235142,0.));
#5644=DIRECTION('center_axis',(0.,0.,1.));
#5645=DIRECTION('ref_axis',(1.,0.,0.));
#5646=DIRECTION('center_axis',(0.,0.,1.));
#5647=DIRECTION('ref_axis',(1.,0.,0.));
#5648=DIRECTION('',(0.,0.,1.));
#5649=DIRECTION('center_axis',(0.,0.,1.));
#5650=DIRECTION('ref_axis',(0.274494553958773,0.961588654179621,0.));
#5651=DIRECTION('center_axis',(0.,0.,1.));
#5652=DIRECTION('ref_axis',(0.274494553958773,0.961588654179621,0.));
#5653=DIRECTION('center_axis',(0.,0.,1.));
#5654=DIRECTION('ref_axis',(0.274494553958773,0.961588654179621,0.));
#5655=DIRECTION('',(0.,0.,1.));
#5656=DIRECTION('center_axis',(0.,0.,1.));
#5657=DIRECTION('ref_axis',(0.173648848080908,0.9848076347999,0.));
#5658=DIRECTION('center_axis',(0.,0.,1.));
#5659=DIRECTION('ref_axis',(0.173648848080908,0.9848076347999,0.));
#5660=DIRECTION('center_axis',(0.,0.,1.));
#5661=DIRECTION('ref_axis',(0.173648848080908,0.9848076347999,0.));
#5662=DIRECTION('',(0.,0.,1.));
#5663=DIRECTION('center_axis',(0.,0.,1.));
#5664=DIRECTION('ref_axis',(-0.17364884808091,-0.9848076347999,0.));
#5665=DIRECTION('center_axis',(0.,0.,1.));
#5666=DIRECTION('ref_axis',(-0.17364884808091,-0.9848076347999,0.));
#5667=DIRECTION('center_axis',(0.,0.,-1.));
#5668=DIRECTION('ref_axis',(-0.17364884808091,-0.9848076347999,0.));
#5669=DIRECTION('',(0.,0.,1.));
#5670=DIRECTION('center_axis',(0.,0.,1.));
#5671=DIRECTION('ref_axis',(0.78561210828341,0.618719334851025,0.));
#5672=DIRECTION('center_axis',(0.,0.,1.));
#5673=DIRECTION('ref_axis',(0.78561210828341,0.618719334851025,0.));
#5674=DIRECTION('center_axis',(0.,0.,1.));
#5675=DIRECTION('ref_axis',(0.78561210828341,0.618719334851025,0.));
#5676=DIRECTION('center_axis',(0.988443876271875,-0.151587280009343,0.));
#5677=DIRECTION('ref_axis',(0.151587280009343,0.988443876271875,0.));
#5678=DIRECTION('',(-8.032840753043E-15,-5.23791458684602E-14,-1.));
#5679=DIRECTION('',(0.107188393636245,0.698935367734249,0.707106781186456));
#5680=DIRECTION('',(0.,0.,1.));
#5681=DIRECTION('',(-0.107188393636234,-0.698935367734182,0.707106781186525));
#5682=DIRECTION('center_axis',(0.988443876271875,0.151587280009343,0.));
#5683=DIRECTION('ref_axis',(-0.151587280009343,0.988443876271875,0.));
#5684=DIRECTION('',(-8.032840753043E-15,5.23791458684602E-14,1.));
#5685=DIRECTION('',(-0.107188393636234,0.698935367734182,-0.707106781186525));
#5686=DIRECTION('',(0.,0.,-1.));
#5687=DIRECTION('',(0.107188393636245,-0.698935367734249,-0.707106781186456));
#5688=DIRECTION('center_axis',(0.988443876271875,-0.151587280009343,0.));
#5689=DIRECTION('ref_axis',(0.151587280009343,0.988443876271875,0.));
#5690=DIRECTION('',(0.,0.,1.));
#5691=DIRECTION('',(-0.107188393636232,-0.698935367734171,0.707106781186536));
#5692=DIRECTION('',(-8.03284075304356E-15,-5.23791458684638E-14,-1.));
#5693=DIRECTION('',(0.107188393636229,0.698935367734151,0.707106781186556));
#5694=DIRECTION('center_axis',(0.988443876271875,0.151587280009343,0.));
#5695=DIRECTION('ref_axis',(-0.151587280009343,0.988443876271875,0.));
#5696=DIRECTION('',(0.,0.,-1.));
#5697=DIRECTION('',(0.107188393636229,-0.698935367734151,-0.707106781186556));
#5698=DIRECTION('',(-8.03284075304356E-15,5.23791458684638E-14,1.));
#5699=DIRECTION('',(-0.107188393636232,0.698935367734171,-0.707106781186536));
#5700=DIRECTION('center_axis',(0.,0.,1.));
#5701=DIRECTION('ref_axis',(-1.22464679914735E-16,1.,0.));
#5702=DIRECTION('center_axis',(0.,0.,1.));
#5703=DIRECTION('ref_axis',(1.,0.,0.));
#5704=DIRECTION('center_axis',(0.,0.,1.));
#5705=DIRECTION('ref_axis',(1.,0.,0.));
#5706=DIRECTION('center_axis',(0.,0.,1.));
#5707=DIRECTION('ref_axis',(1.,0.,0.));
#5708=DIRECTION('center_axis',(0.,0.,1.));
#5709=DIRECTION('ref_axis',(-1.22464679914735E-16,1.,0.));
#5710=DIRECTION('center_axis',(0.,0.,1.));
#5711=DIRECTION('ref_axis',(1.,0.,0.));
#5712=DIRECTION('center_axis',(0.,0.,1.));
#5713=DIRECTION('ref_axis',(1.,0.,0.));
#5714=DIRECTION('center_axis',(0.,0.,-1.));
#5715=DIRECTION('ref_axis',(0.,-1.,0.));
#5716=DIRECTION('center_axis',(0.,0.,1.));
#5717=DIRECTION('ref_axis',(1.,0.,0.));
#5718=DIRECTION('',(-8.65956056235605E-17,0.707106781186639,-0.707106781186456));
#5719=DIRECTION('center_axis',(0.,0.,1.));
#5720=DIRECTION('ref_axis',(0.,-1.,0.));
#5721=DIRECTION('center_axis',(0.,0.,1.));
#5722=DIRECTION('ref_axis',(1.,0.,0.));
#5723=DIRECTION('center_axis',(0.,0.,-1.));
#5724=DIRECTION('ref_axis',(-1.,0.,0.));
#5725=DIRECTION('center_axis',(0.,0.,1.));
#5726=DIRECTION('ref_axis',(1.,0.,0.));
#5727=DIRECTION('center_axis',(0.,0.,1.));
#5728=DIRECTION('ref_axis',(0.,-1.,0.));
#5729=DIRECTION('center_axis',(0.,0.,1.));
#5730=DIRECTION('ref_axis',(1.,0.,0.));
#5731=DIRECTION('',(8.65956056235508E-17,-0.707106781186559,-0.707106781186536));
#5732=DIRECTION('center_axis',(0.,0.,1.));
#5733=DIRECTION('ref_axis',(1.,0.,0.));
#5734=DIRECTION('center_axis',(0.,0.,-1.));
#5735=DIRECTION('ref_axis',(0.,-1.,0.));
#5736=DIRECTION('center_axis',(0.,0.,1.));
#5737=DIRECTION('ref_axis',(-1.22464679914735E-16,1.,0.));
#5738=DIRECTION('center_axis',(0.,0.,1.));
#5739=DIRECTION('ref_axis',(1.,0.,0.));
#5740=DIRECTION('center_axis',(0.,0.,-1.));
#5741=DIRECTION('ref_axis',(-1.22464679914735E-16,1.,0.));
#5742=DIRECTION('center_axis',(0.,0.,1.));
#5743=DIRECTION('ref_axis',(1.,0.,0.));
#5744=DIRECTION('center_axis',(0.,0.,1.));
#5745=DIRECTION('ref_axis',(1.,0.,0.));
#5746=DIRECTION('center_axis',(0.,0.,1.));
#5747=DIRECTION('ref_axis',(0.,-1.,0.));
#5748=DIRECTION('',(0.,0.,-1.));
#5749=DIRECTION('',(0.,0.,1.));
#5750=DIRECTION('',(1.,0.,0.));
#5751=DIRECTION('',(0.,0.,1.));
#5752=DIRECTION('',(1.,0.,0.));
#5753=CARTESIAN_POINT('',(0.,0.,0.));
#5754=CARTESIAN_POINT('',(0.,0.,0.));
#5755=CARTESIAN_POINT('Origin',(0.,0.,11.25));
#5756=CARTESIAN_POINT('',(-2.90241291397923E-15,23.7,12.0000000000001));
#5757=CARTESIAN_POINT('',(-3.08610993385134E-15,25.2000000000001,10.5));
#5758=CARTESIAN_POINT('',(-2.99426142391528E-15,24.45,11.25));
#5759=CARTESIAN_POINT('',(-2.59477899414107,23.5575279257304,12.));
#5760=CARTESIAN_POINT('Origin',(0.,0.,12.));
#5761=CARTESIAN_POINT('',(-4.73700100425424,24.7507741593207,10.5));
#5762=CARTESIAN_POINT('Origin',(-30.0616837973471,-1.11022302462516E-14,
-7.23253379449321));
#5763=CARTESIAN_POINT('Origin',(0.,0.,10.5));
#5764=CARTESIAN_POINT('Origin',(0.,0.,5.27395923599145));
#5765=CARTESIAN_POINT('',(-3.202196466108E-15,26.1479184719831,5.74791847198294));
#5766=CARTESIAN_POINT('',(-3.08610993385139E-15,25.2000000000005,4.79999999999996));
#5767=CARTESIAN_POINT('',(-3.14415319997969E-15,25.6739592359918,5.27395923599145));
#5768=CARTESIAN_POINT('',(-1.12500000000001,-26.1237060046516,5.74791847198293));
#5769=CARTESIAN_POINT('Origin',(0.,0.,5.74791847198293));
#5770=CARTESIAN_POINT('',(-1.125,-24.3740512635886,4.00000000000004));
#5771=CARTESIAN_POINT('Ctrl Pts',(-1.12500000000001,-26.1237060046516,5.74791847198293));
#5772=CARTESIAN_POINT('Ctrl Pts',(-1.125,-25.2186275979544,4.8436781504039));
#5773=CARTESIAN_POINT('Ctrl Pts',(-1.125,-24.3740512635886,4.00000000000004));
#5774=CARTESIAN_POINT('',(1.125,-24.3740512635886,4.00000000000004));
#5775=CARTESIAN_POINT('Origin',(0.,0.,4.00000000000004));
#5776=CARTESIAN_POINT('',(1.125,-26.1237060046516,5.74791847198293));
#5777=CARTESIAN_POINT('Ctrl Pts',(1.125,-24.3740512635886,4.00000000000004));
#5778=CARTESIAN_POINT('Ctrl Pts',(1.125,-25.2186275979544,4.84367815040393));
#5779=CARTESIAN_POINT('Ctrl Pts',(1.125,-26.1237060046516,5.74791847198293));
#5780=CARTESIAN_POINT('',(0.621526751117274,26.1405306930659,5.74791847198293));
#5781=CARTESIAN_POINT('Origin',(0.,0.,5.74791847198293));
#5782=CARTESIAN_POINT('',(1.97529462743379,25.1224642727352,4.79999999999996));
#5783=CARTESIAN_POINT('Origin',(-36.5182557330213,1.99840144432528E-14,
31.7534741348456));
#5784=CARTESIAN_POINT('',(3.27764415434886,-24.9859370206019,4.79999999999996));
#5785=CARTESIAN_POINT('Origin',(0.,0.,4.79999999999996));
#5786=CARTESIAN_POINT('',(3.1543529067895,-24.0460707014891,3.85208152801609));
#5787=CARTESIAN_POINT('',(3.27764415434886,-24.9859370206019,4.79999999999996));
#5788=CARTESIAN_POINT('',(-3.1543529067895,-24.0460707014891,3.85208152801609));
#5789=CARTESIAN_POINT('Origin',(-2.43416398149066E-13,1.87405646556726E-12,
3.85208152801609));
#5790=CARTESIAN_POINT('',(-3.27764415434886,-24.9859370206019,4.79999999999996));
#5791=CARTESIAN_POINT('',(-3.27764415434886,-24.9859370206019,4.79999999999996));
#5792=CARTESIAN_POINT('Origin',(0.,0.,4.79999999999996));
#5793=CARTESIAN_POINT('Origin',(0.,0.,6.72604076400862));
#5794=CARTESIAN_POINT('',(-3.08610993385133E-15,25.2,7.19999999999995));
#5795=CARTESIAN_POINT('',(-3.202196466108E-15,26.1479184719831,6.25208152801728));
#5796=CARTESIAN_POINT('',(-3.14415319997966E-15,25.6739592359915,6.72604076400862));
#5797=CARTESIAN_POINT('',(-1.45226058874727,25.1581187528474,7.19999999999995));
#5798=CARTESIAN_POINT('Origin',(0.,0.,7.19999999999995));
#5799=CARTESIAN_POINT('',(-0.0984927124311974,26.1477329725365,6.25208152801728));
#5800=CARTESIAN_POINT('Origin',(36.0151481405798,0.,-19.0349620294591));
#5801=CARTESIAN_POINT('Origin',(0.,0.,6.25208152801728));
#5802=CARTESIAN_POINT('Origin',(0.,0.,0.749999999999909));
#5803=CARTESIAN_POINT('',(-3.08610993385138E-15,25.2000000000005,1.49999999999979));
#5804=CARTESIAN_POINT('',(-2.90241291397925E-15,23.7000000000002,3.94129173741931E-14));
#5805=CARTESIAN_POINT('',(-2.99426142391532E-15,24.4500000000003,0.749999999999909));
#5806=CARTESIAN_POINT('',(-3.27764415434885,-24.9859370206019,1.49999999999978));
#5807=CARTESIAN_POINT('Origin',(0.,0.,1.49999999999978));
#5808=CARTESIAN_POINT('',(-3.1543529067895,-24.0460707014891,0.552081528016644));
#5809=CARTESIAN_POINT('',(-3.1800952211837,-24.2423079426077,0.749999999999909));
#5810=CARTESIAN_POINT('',(3.1543529067895,-24.0460707014891,0.552081528016644));
#5811=CARTESIAN_POINT('Origin',(0.,0.,0.552081528016644));
#5812=CARTESIAN_POINT('',(3.27764415434885,-24.9859370206019,1.49999999999978));
#5813=CARTESIAN_POINT('',(3.1800952211837,-24.2423079426077,0.749999999999909));
#5814=CARTESIAN_POINT('',(5.26003504294024,24.644918976273,1.49999999999978));
#5815=CARTESIAN_POINT('Origin',(0.,0.,1.49999999999978));
#5816=CARTESIAN_POINT('',(3.11781303282744,23.4940256638223,4.10782519111308E-14));
#5817=CARTESIAN_POINT('Origin',(29.5585762048451,0.,18.5140216890644));
#5818=CARTESIAN_POINT('Origin',(0.,0.,4.10782519111308E-14));
#5819=CARTESIAN_POINT('Origin',(0.,28.197918471983,0.250000000000036));
#5820=CARTESIAN_POINT('',(1.0970116673911,28.8954608732805,0.250000000000036));
#5821=CARTESIAN_POINT('',(1.45273723046451,28.1979184690068,0.0972627695355282));
#5822=CARTESIAN_POINT('Ctrl Pts',(1.09701166739111,28.8954608732805,0.250000000000034));
#5823=CARTESIAN_POINT('Ctrl Pts',(1.23298441621348,28.6816191173844,0.250000000000034));
#5824=CARTESIAN_POINT('Ctrl Pts',(1.35319558069332,28.4431358232854,0.195331279861216));
#5825=CARTESIAN_POINT('Ctrl Pts',(1.45035048080404,28.2038219417187,0.0996405230675805));
#5826=CARTESIAN_POINT('Ctrl Pts',(1.45154555868509,28.2008700528899,0.0984544413270422));
#5827=CARTESIAN_POINT('Ctrl Pts',(1.45273723046451,28.1979184660306,0.0972627695355282));
#5828=CARTESIAN_POINT('',(1.05,28.197918471983,0.500000000000036));
#5829=CARTESIAN_POINT('',(1.3,28.197918471983,0.250000000000036));
#5830=CARTESIAN_POINT('Origin',(0.,28.197918471983,0.500000000000036));
#5831=CARTESIAN_POINT('',(1.53474667168263,27.9810022352485,3.62210261783957E-14));
#5832=CARTESIAN_POINT('Ctrl Pts',(1.45273723046451,28.1979184660306,0.0972627695355282));
#5833=CARTESIAN_POINT('Ctrl Pts',(1.48209914753005,28.1251935344906,0.0679008521720004));
#5834=CARTESIAN_POINT('Ctrl Pts',(1.50938769639592,28.0526531490784,0.0351366771001287));
#5835=CARTESIAN_POINT('Ctrl Pts',(1.53474667168263,27.9810022352485,3.483531218849E-14));
#5836=CARTESIAN_POINT('',(-1.53474667168263,27.9810022352485,3.62210261783957E-14));
#5837=CARTESIAN_POINT('Origin',(0.,28.197918471983,3.62210261783957E-14));
#5838=CARTESIAN_POINT('',(-1.0970116673911,28.8954608732805,0.250000000000034));
#5839=CARTESIAN_POINT('Ctrl Pts',(-1.53474667168263,27.9810022352485,3.34983488374612E-14));
#5840=CARTESIAN_POINT('Ctrl Pts',(-1.50835848651373,28.0555611462569,0.036562721129518));
#5841=CARTESIAN_POINT('Ctrl Pts',(-1.47988038201416,28.1310833019505,0.0705556432353016));
#5842=CARTESIAN_POINT('Ctrl Pts',(-1.35319558069332,28.4431358232854,0.19533127986121));
#5843=CARTESIAN_POINT('Ctrl Pts',(-1.23298441621348,28.6816191173844,0.250000000000028));
#5844=CARTESIAN_POINT('Ctrl Pts',(-1.09701166739111,28.8954608732805,0.250000000000028));
#5845=CARTESIAN_POINT('Origin',(0.,28.197918471983,0.250000000000036));
#5846=CARTESIAN_POINT('Origin',(-4.26146840025006,30.9076024154846,0.500000000000036));
#5847=CARTESIAN_POINT('',(-3.7151262976539,26.9450892852943,3.62210261783957E-14));
#5848=CARTESIAN_POINT('Origin',(-4.26146840025006,30.9076024154846,3.62210261783957E-14));
#5849=CARTESIAN_POINT('',(-3.85171182330294,27.9357175678419,1.00000000000004));
#5850=CARTESIAN_POINT('',(-3.85171182330294,27.9357175678419,1.00000000000004));
#5851=CARTESIAN_POINT('',(-1.7299030139629,29.2978891817213,1.00000000000004));
#5852=CARTESIAN_POINT('Origin',(-4.26146840025006,30.9076024154846,1.00000000000004));
#5853=CARTESIAN_POINT('',(-0.886047885200504,28.7613181038002,3.62210261783957E-14));
#5854=CARTESIAN_POINT('Origin',(0.,-28.2,3.62498885815822E-14));
#5855=CARTESIAN_POINT('',(2.59477899414111,27.2713754666317,4.1286418728248E-14));
#5856=CARTESIAN_POINT('Origin',(4.26146840025007,30.9076024154846,3.62210261783957E-14));
#5857=CARTESIAN_POINT('',(2.59477899414111,23.5575279257305,4.10782519111308E-14));
#5858=CARTESIAN_POINT('',(2.59477899414111,-1.11022302462516E-14,3.62210261783957E-14));
#5859=CARTESIAN_POINT('Origin',(0.,0.,4.10782519111308E-14));
#5860=CARTESIAN_POINT('',(3.11781303282744,27.0745811005732,4.11476408501699E-14));
#5861=CARTESIAN_POINT('',(3.11781303282743,-1.11022302462516E-14,3.62210261783957E-14));
#5862=CARTESIAN_POINT('',(3.71512629765391,26.9450892852943,3.62210261783957E-14));
#5863=CARTESIAN_POINT('Origin',(4.26146840025007,30.9076024154846,3.62210261783957E-14));
#5864=CARTESIAN_POINT('',(2.10450973857872,-27.1184630604359,3.62210261783957E-14));
#5865=CARTESIAN_POINT('Origin',(0.,0.,3.62210261783957E-14));
#5866=CARTESIAN_POINT('',(1.51706390412665,-27.2552775629192,3.62210261783957E-14));
#5867=CARTESIAN_POINT('Origin',(2.25925310170951,-29.1124676972327,3.62210261783957E-14));
#5868=CARTESIAN_POINT('',(-1.625,-26.672918471983,3.58393870136808E-14));
#5869=CARTESIAN_POINT('Origin',(-2.63431059616034E-15,-26.672918471983,
3.62210261783957E-14));
#5870=CARTESIAN_POINT('',(-1.51706390412661,-27.2552775629193,3.62210261783957E-14));
#5871=CARTESIAN_POINT('Origin',(-2.63431059616034E-15,-26.672918471983,
3.62210261783957E-14));
#5872=CARTESIAN_POINT('',(-2.10450973857928,-27.1184630604359,3.62210261783957E-14));
#5873=CARTESIAN_POINT('Origin',(-2.25925310171024,-29.1124676972344,3.62210261783957E-14));
#5874=CARTESIAN_POINT('Origin',(0.,0.,3.62210261783957E-14));
#5875=CARTESIAN_POINT('Origin',(0.,28.197918471983,12.));
#5876=CARTESIAN_POINT('',(1.05,28.197918471983,5.0816658965656));
#5877=CARTESIAN_POINT('',(1.05,28.197918471983,12.));
#5878=CARTESIAN_POINT('Origin',(0.,28.197918471983,5.8168838116858));
#5879=CARTESIAN_POINT('Origin',(-2.63431059616034E-15,-26.672918471983,
0.250000000000037));
#5880=CARTESIAN_POINT('',(-1.00222506015665,-27.7551245192744,0.15000000000003));
#5881=CARTESIAN_POINT('Ctrl Pts',(-1.00222506015665,-27.7551245192744,0.15000000000003));
#5882=CARTESIAN_POINT('Ctrl Pts',(-1.20440671153165,-27.5678852054496,0.150000000000031));
#5883=CARTESIAN_POINT('Ctrl Pts',(-1.36805570220174,-27.4063353984497,0.0849754220189671));
#5884=CARTESIAN_POINT('Ctrl Pts',(-1.51706390412661,-27.2552775629193,3.71057351511439E-14));
#5885=CARTESIAN_POINT('',(-1.125,-26.672918471983,0.500000000000037));
#5886=CARTESIAN_POINT('',(-1.375,-26.672918471983,0.250000000000037));
#5887=CARTESIAN_POINT('Origin',(-2.63431059616034E-15,-26.672918471983,
0.500000000000037));
#5888=CARTESIAN_POINT('',(1.00222506015683,-27.7551245192742,0.150000000000029));
#5889=CARTESIAN_POINT('Ctrl Pts',(1.51706390412665,-27.2552775629192,3.68802210992669E-14));
#5890=CARTESIAN_POINT('Ctrl Pts',(1.36805570220181,-27.4063353984496,0.0849754220189617));
#5891=CARTESIAN_POINT('Ctrl Pts',(1.20440671153177,-27.5678852054494,0.150000000000026));
#5892=CARTESIAN_POINT('Ctrl Pts',(1.00222506015684,-27.7551245192742,0.150000000000027));
#5893=CARTESIAN_POINT('Origin',(-2.63431059616034E-15,-26.672918471983,
0.15000000000003));
#5894=CARTESIAN_POINT('Origin',(-2.25925310171024,-29.1124676972344,0.500000000000036));
#5895=CARTESIAN_POINT('',(-1.5797784846537,-28.3787686821203,1.00000000000004));
#5896=CARTESIAN_POINT('',(-0.900303867598349,-27.6450696670075,3.62210261783957E-14));
#5897=CARTESIAN_POINT('',(-2.18188142014469,-28.1154653788343,1.00000000000004));
#5898=CARTESIAN_POINT('Origin',(-2.25925310171024,-29.1124676972344,1.00000000000004));
#5899=CARTESIAN_POINT('',(-2.10450973857928,-27.1184630604359,3.62210261783957E-14));
#5900=CARTESIAN_POINT('Origin',(-2.63431059616034E-15,-26.672918471983,
6.00000000000004));
#5901=CARTESIAN_POINT('',(-1.125,-26.672918471983,4.00000000000004));
#5902=CARTESIAN_POINT('',(-1.125,-26.672918471983,6.00000000000004));
#5903=CARTESIAN_POINT('',(-1.125,-26.672918471983,8.00000000000004));
#5904=CARTESIAN_POINT('',(-1.12500000000001,-26.672918471983,6.00000000000004));
#5905=CARTESIAN_POINT('',(-1.125,-26.672918471983,11.5));
#5906=CARTESIAN_POINT('',(-1.125,-26.672918471983,6.00000000000004));
#5907=CARTESIAN_POINT('Origin',(-2.63431059616034E-15,-26.672918471983,
11.5));
#5908=CARTESIAN_POINT('',(1.125,-26.672918471983,8.00000000000004));
#5909=CARTESIAN_POINT('Origin',(-2.63431059616034E-15,-26.672918471983,
8.00000000000004));
#5910=CARTESIAN_POINT('',(1.125,-26.672918471983,4.00000000000004));
#5911=CARTESIAN_POINT('',(1.125,-26.672918471983,6.00000000000004));
#5912=CARTESIAN_POINT('Origin',(-2.63431059616034E-15,-26.672918471983,
4.00000000000004));
#5913=CARTESIAN_POINT('Origin',(0.,28.197918471983,11.75));
#5914=CARTESIAN_POINT('',(1.05,28.197918471983,11.5));
#5915=CARTESIAN_POINT('Origin',(0.,28.197918471983,11.5));
#5916=CARTESIAN_POINT('',(1.45273723046451,28.1979184690068,11.9027372304646));
#5917=CARTESIAN_POINT('',(1.3,28.197918471983,11.75));
#5918=CARTESIAN_POINT('',(1.0970116673911,28.8954608732805,11.75));
#5919=CARTESIAN_POINT('Ctrl Pts',(1.45273723046451,28.1979184660306,11.9027372304646));
#5920=CARTESIAN_POINT('Ctrl Pts',(1.45154555868509,28.2008700528899,11.901545558673));
#5921=CARTESIAN_POINT('Ctrl Pts',(1.45035048080405,28.2038219417187,11.9003594769325));
#5922=CARTESIAN_POINT('Ctrl Pts',(1.35319558069332,28.4431358232854,11.8046687201389));
#5923=CARTESIAN_POINT('Ctrl Pts',(1.23298441621348,28.6816191173844,11.75));
#5924=CARTESIAN_POINT('Ctrl Pts',(1.09701166739111,28.8954608732805,11.75));
#5925=CARTESIAN_POINT('',(-1.0970116673911,28.8954608732805,11.75));
#5926=CARTESIAN_POINT('Origin',(0.,28.197918471983,11.75));
#5927=CARTESIAN_POINT('',(-1.53474667168263,27.9810022352485,12.));
#5928=CARTESIAN_POINT('Ctrl Pts',(-1.09701166739111,28.8954608732805,11.75));
#5929=CARTESIAN_POINT('Ctrl Pts',(-1.23298441621349,28.6816191173844,11.75));
#5930=CARTESIAN_POINT('Ctrl Pts',(-1.35319558069333,28.4431358232854,11.8046687201389));
#5931=CARTESIAN_POINT('Ctrl Pts',(-1.47988038201417,28.1310833019505,11.9294443567648));
#5932=CARTESIAN_POINT('Ctrl Pts',(-1.50835848651373,28.0555611462569,11.9634372788706));
#5933=CARTESIAN_POINT('Ctrl Pts',(-1.53474667168263,27.9810022352485,12.));
#5934=CARTESIAN_POINT('',(1.53474667168263,27.9810022352485,12.));
#5935=CARTESIAN_POINT('Origin',(0.,28.197918471983,12.));
#5936=CARTESIAN_POINT('Ctrl Pts',(1.53474667168263,27.9810022352485,12.));
#5937=CARTESIAN_POINT('Ctrl Pts',(1.50938769639592,28.0526531490784,11.9648633228999));
#5938=CARTESIAN_POINT('Ctrl Pts',(1.48209914753005,28.1251935344905,11.9320991478281));
#5939=CARTESIAN_POINT('Ctrl Pts',(1.45273723046451,28.1979184660306,11.9027372304646));
#5940=CARTESIAN_POINT('Origin',(0.,-23.7000000000001,12.));
#5941=CARTESIAN_POINT('',(-2.59477899414107,27.2713754666317,12.));
#5942=CARTESIAN_POINT('Origin',(-4.26146840025006,30.9076024154846,12.));
#5943=CARTESIAN_POINT('',(-2.59477899414107,2.24999999999999,12.));
#5944=CARTESIAN_POINT('',(-3.11781303282741,23.4940256638222,12.));
#5945=CARTESIAN_POINT('Origin',(0.,0.,12.));
#5946=CARTESIAN_POINT('',(-3.11781303282741,27.0745811005732,12.));
#5947=CARTESIAN_POINT('',(-3.11781303282741,2.24999999999999,12.));
#5948=CARTESIAN_POINT('',(-3.7151262976539,26.9450892852943,12.));
#5949=CARTESIAN_POINT('Origin',(-4.26146840025006,30.9076024154846,12.));
#5950=CARTESIAN_POINT('',(-2.10450973857928,-27.1184630604359,12.));
#5951=CARTESIAN_POINT('Origin',(0.,0.,12.));
#5952=CARTESIAN_POINT('',(-1.51706390412661,-27.2552775629193,12.));
#5953=CARTESIAN_POINT('Origin',(-2.25925310171024,-29.1124676972344,12.));
#5954=CARTESIAN_POINT('',(-1.625,-26.672918471983,12.));
#5955=CARTESIAN_POINT('Origin',(-2.63431059616034E-15,-26.672918471983,
12.));
#5956=CARTESIAN_POINT('',(1.51706390412665,-27.2552775629192,12.));
#5957=CARTESIAN_POINT('Origin',(-2.63431059616034E-15,-26.672918471983,
12.));
#5958=CARTESIAN_POINT('',(2.10450973857872,-27.1184630604359,12.));
#5959=CARTESIAN_POINT('Origin',(2.25925310170951,-29.1124676972327,12.));
#5960=CARTESIAN_POINT('',(3.71512629765391,26.9450892852943,12.));
#5961=CARTESIAN_POINT('Origin',(0.,0.,12.));
#5962=CARTESIAN_POINT('Origin',(4.26146840025007,30.9076024154846,12.));
#5963=CARTESIAN_POINT('Origin',(-4.26146840025006,30.9076024154846,11.5));
#5964=CARTESIAN_POINT('',(-1.7299030139629,29.2978891817213,11.));
#5965=CARTESIAN_POINT('',(-1.7299030139629,29.2978891817213,11.));
#5966=CARTESIAN_POINT('',(-3.85171182330294,27.9357175678419,11.));
#5967=CARTESIAN_POINT('Origin',(-4.26146840025006,30.9076024154846,11.));
#5968=CARTESIAN_POINT('',(-3.83360544798527,27.8043955452566,11.1325643784847));
#5969=CARTESIAN_POINT('',(-3.7151262976539,26.9450892852943,12.));
#5970=CARTESIAN_POINT('Origin',(-0.369705767929748,30.9076024154846,13.5580130460618));
#5971=CARTESIAN_POINT('Origin',(0.,28.197918471983,12.));
#5972=CARTESIAN_POINT('',(1.05,28.197918471983,5.44789827319405));
#5973=CARTESIAN_POINT('Origin',(0.,28.197918471983,6.18311618831424));
#5974=CARTESIAN_POINT('',(1.05,28.197918471983,12.));
#5975=CARTESIAN_POINT('Origin',(-2.63431059616034E-15,-26.672918471983,
11.75));
#5976=CARTESIAN_POINT('',(1.00222506015683,-27.7551245192742,11.85));
#5977=CARTESIAN_POINT('Ctrl Pts',(1.00222506015684,-27.7551245192742,11.85));
#5978=CARTESIAN_POINT('Ctrl Pts',(1.20440671153177,-27.5678852054494,11.8500000000001));
#5979=CARTESIAN_POINT('Ctrl Pts',(1.36805570220181,-27.4063353984496,11.9150245779811));
#5980=CARTESIAN_POINT('Ctrl Pts',(1.51706390412665,-27.2552775629192,12.));
#5981=CARTESIAN_POINT('',(-1.375,-26.672918471983,11.75));
#5982=CARTESIAN_POINT('',(-1.00222506015665,-27.7551245192744,11.85));
#5983=CARTESIAN_POINT('Ctrl Pts',(-1.51706390412661,-27.2552775629193,12.));
#5984=CARTESIAN_POINT('Ctrl Pts',(-1.36805570220174,-27.4063353984497,11.9150245779811));
#5985=CARTESIAN_POINT('Ctrl Pts',(-1.20440671153166,-27.5678852054496,11.85));
#5986=CARTESIAN_POINT('Ctrl Pts',(-1.00222506015665,-27.7551245192744,11.85));
#5987=CARTESIAN_POINT('Origin',(-2.63431059616034E-15,-26.672918471983,
11.85));
#5988=CARTESIAN_POINT('Origin',(-2.63431059616034E-15,-26.672918471983,
11.5));
#5989=CARTESIAN_POINT('',(-1.5797784846537,-28.3787686821203,11.));
#5990=CARTESIAN_POINT('',(-1.5797784846537,-28.3787686821203,11.));
#5991=CARTESIAN_POINT('',(1.579778484654,-28.37876868212,11.));
#5992=CARTESIAN_POINT('Origin',(-2.63431059616034E-15,-26.672918471983,
11.));
#5993=CARTESIAN_POINT('',(1.579778484654,-28.37876868212,11.));
#5994=CARTESIAN_POINT('Origin',(-2.25925310171024,-29.1124676972344,11.5));
#5995=CARTESIAN_POINT('',(-2.18188142014469,-28.1154653788343,11.));
#5996=CARTESIAN_POINT('',(-2.18188142014469,-28.1154653788343,11.));
#5997=CARTESIAN_POINT('Origin',(-2.25925310171024,-29.1124676972344,11.));
#5998=CARTESIAN_POINT('Origin',(5.45107500762531,28.2,2.00000000000001));
#5999=CARTESIAN_POINT('',(5.45107500762531,27.6681365700917,2.00000000000001));
#6000=CARTESIAN_POINT('',(4.02292700088322,27.9115757051723,1.00000000000004));
#6001=CARTESIAN_POINT('Origin',(0.,0.,-1.81688381168577));
#6002=CARTESIAN_POINT('',(5.45107500762531,24.6033693070942,2.00000000000001));
#6003=CARTESIAN_POINT('',(5.45107500762531,28.2,2.00000000000001));
#6004=CARTESIAN_POINT('',(4.73700100425391,24.7507741593212,1.49999999999978));
#6005=CARTESIAN_POINT('Origin',(0.,0.,-1.81688381168577));
#6006=CARTESIAN_POINT('Origin',(30.0616837973757,0.,19.2325337945133));
#6007=CARTESIAN_POINT('',(3.83360544798527,27.8043955452566,0.867435621515323));
#6008=CARTESIAN_POINT('Origin',(0.369705767929642,30.9076024154846,-1.55801304606183));
#6009=CARTESIAN_POINT('Origin',(34.8697692813909,0.,22.5991914947775));
#6010=CARTESIAN_POINT('Origin',(-5.45107500762532,28.2,10.));
#6011=CARTESIAN_POINT('',(-5.45107500762532,27.6681365700917,10.));
#6012=CARTESIAN_POINT('',(-4.02292700088319,27.9115757051723,11.));
#6013=CARTESIAN_POINT('Origin',(0.,0.,13.8168838116858));
#6014=CARTESIAN_POINT('',(-5.45107500762532,24.6033693070938,10.));
#6015=CARTESIAN_POINT('',(-5.45107500762532,28.2,10.));
#6016=CARTESIAN_POINT('Origin',(0.,0.,13.8168838116858));
#6017=CARTESIAN_POINT('Origin',(-34.869769281395,-4.44089209850063E-15,
-10.5991914947803));
#6018=CARTESIAN_POINT('Origin',(5.97410904631164,28.2,2.00000000000002));
#6019=CARTESIAN_POINT('',(5.97410904631164,27.5599350707286,2.00000000000002));
#6020=CARTESIAN_POINT('',(3.85171182330294,27.9357175678419,3.48611853462606));
#6021=CARTESIAN_POINT('Origin',(0.,0.,6.18311618831424));
#6022=CARTESIAN_POINT('',(5.97410904631164,24.4816261940011,2.00000000000002));
#6023=CARTESIAN_POINT('',(5.97410904631164,28.2,2.00000000000002));
#6024=CARTESIAN_POINT('Origin',(0.,0.,6.18311618831424));
#6025=CARTESIAN_POINT('Origin',(0.,0.,6.18311618831424));
#6026=CARTESIAN_POINT('Origin',(0.,0.,6.18311618831424));
#6027=CARTESIAN_POINT('',(-3.85171182330294,27.9357175678419,8.88011384200242));
#6028=CARTESIAN_POINT('Origin',(0.,0.,6.18311618831424));
#6029=CARTESIAN_POINT('',(-1.7299030139629,29.2978891817213,7.39440731906276));
#6030=CARTESIAN_POINT('Origin',(-4.26146840025006,30.9076024154846,9.1670284860118));
#6031=CARTESIAN_POINT('',(1.7299030139629,29.2978891817213,4.97182505756572));
#6032=CARTESIAN_POINT('Origin',(0.,28.197918471983,6.18311618831424));
#6033=CARTESIAN_POINT('Origin',(4.26146840025007,30.9076024154846,3.19920389061667));
#6034=CARTESIAN_POINT('Origin',(3.11781303282744,28.2,4.08006961549745E-14));
#6035=CARTESIAN_POINT('',(4.54596103956955,27.8311738564279,1.00000000000004));
#6036=CARTESIAN_POINT('Origin',(0.,0.,-2.1831161883142));
#6037=CARTESIAN_POINT('',(3.77829346722392,27.4032284944614,0.462473379004479));
#6038=CARTESIAN_POINT('Origin',(34.366661688861,0.,21.880679389329));
#6039=CARTESIAN_POINT('Origin',(-0.133401824600262,30.9076024154846,-2.27652515151024));
#6040=CARTESIAN_POINT('Origin',(0.,0.,-2.1831161883142));
#6041=CARTESIAN_POINT('Origin',(-5.97410904631165,28.2,10.));
#6042=CARTESIAN_POINT('',(3.85171182330294,27.9357175678419,3.11988615799761));
#6043=CARTESIAN_POINT('Origin',(0.,0.,5.8168838116858));
#6044=CARTESIAN_POINT('',(1.7299030139629,29.2978891817213,4.60559268093728));
#6045=CARTESIAN_POINT('Origin',(4.26146840025007,30.9076024154846,2.83297151398823));
#6046=CARTESIAN_POINT('',(-1.7299030139629,29.2978891817213,7.02817494243432));
#6047=CARTESIAN_POINT('Origin',(0.,28.197918471983,5.8168838116858));
#6048=CARTESIAN_POINT('',(-3.85171182330294,27.9357175678419,8.51388146537399));
#6049=CARTESIAN_POINT('Origin',(-4.26146840025006,30.9076024154846,8.80079610938337));
#6050=CARTESIAN_POINT('',(-5.97410904631165,27.5599350707286,10.));
#6051=CARTESIAN_POINT('Origin',(0.,0.,5.8168838116858));
#6052=CARTESIAN_POINT('',(-5.97410904631165,24.4816261940006,10.));
#6053=CARTESIAN_POINT('',(-5.97410904631165,28.2,10.));
#6054=CARTESIAN_POINT('',(-1.9752946274336,25.1224642727347,7.19999999999995));
#6055=CARTESIAN_POINT('Origin',(0.,0.,5.8168838116858));
#6056=CARTESIAN_POINT('',(-0.621526751117531,26.1405306930658,6.25208152801729));
#6057=CARTESIAN_POINT('Origin',(36.5182557331106,-1.77635683940025E-14,
-19.7534741349082));
#6058=CARTESIAN_POINT('',(0.098492712430942,26.1477329725365,5.74791847198293));
#6059=CARTESIAN_POINT('Origin',(0.,0.,5.8168838116858));
#6060=CARTESIAN_POINT('',(1.45226058874745,25.1581187528478,4.79999999999996));
#6061=CARTESIAN_POINT('Origin',(-36.0151481404923,1.33226762955019E-14,
31.0349620293979));
#6062=CARTESIAN_POINT('Origin',(0.,0.,5.8168838116858));
#6063=CARTESIAN_POINT('Origin',(-3.11781303282741,28.2,12.));
#6064=CARTESIAN_POINT('',(-4.54596103956953,27.8311738564279,11.));
#6065=CARTESIAN_POINT('Origin',(0.,0.,14.1831161883143));
#6066=CARTESIAN_POINT('',(-3.77829346722391,27.4032284944614,11.5375266209956));
#6067=CARTESIAN_POINT('Origin',(-34.366661688865,-6.66133814775094E-15,
-9.88067938933178));
#6068=CARTESIAN_POINT('Origin',(0.133401824600147,30.9076024154846,14.2765251515102));
#6069=CARTESIAN_POINT('',(-5.26003504294058,24.6449189762726,10.5));
#6070=CARTESIAN_POINT('Origin',(-29.5585762048172,1.99840144432528E-14,
-6.51402168904478));
#6071=CARTESIAN_POINT('Origin',(0.,0.,14.1831161883143));
#6072=CARTESIAN_POINT('Origin',(0.,0.,6.00000000000004));
#6073=CARTESIAN_POINT('',(3.85171182330294,27.9357175678419,1.00000000000004));
#6074=CARTESIAN_POINT('Origin',(0.,0.,1.00000000000004));
#6075=CARTESIAN_POINT('',(3.85171182330294,27.9357175678419,12.));
#6076=CARTESIAN_POINT('Origin',(0.,0.,6.00000000000004));
#6077=CARTESIAN_POINT('',(3.85171182330294,27.9357175678419,11.));
#6078=CARTESIAN_POINT('',(3.85171182330294,27.9357175678419,12.));
#6079=CARTESIAN_POINT('',(2.18188142014411,-28.1154653788343,11.));
#6080=CARTESIAN_POINT('Origin',(0.,0.,11.));
#6081=CARTESIAN_POINT('',(2.18188142014411,-28.1154653788343,1.00000000000004));
#6082=CARTESIAN_POINT('',(2.18188142014411,-28.1154653788343,3.66373598126302E-14));
#6083=CARTESIAN_POINT('Origin',(0.,0.,1.00000000000004));
#6084=CARTESIAN_POINT('Origin',(0.,0.,0.500000000000036));
#6085=CARTESIAN_POINT('',(3.71512629765391,26.9450892852943,3.62210261783957E-14));
#6086=CARTESIAN_POINT('Origin',(4.26146840025007,30.9076024154846,0.500000000000036));
#6087=CARTESIAN_POINT('',(1.7299030139629,29.2978891817213,1.00000000000004));
#6088=CARTESIAN_POINT('',(0.886047885200507,28.7613181038002,3.5527136788005E-14));
#6089=CARTESIAN_POINT('Origin',(4.26146840025007,30.9076024154846,1.00000000000004));
#6090=CARTESIAN_POINT('Origin',(4.26146840025007,30.9076024154846,12.));
#6091=CARTESIAN_POINT('',(1.7299030139629,29.2978891817213,12.));
#6092=CARTESIAN_POINT('Origin',(4.26146840025007,30.9076024154846,12.));
#6093=CARTESIAN_POINT('',(1.7299030139629,29.2978891817213,11.));
#6094=CARTESIAN_POINT('',(1.7299030139629,29.2978891817213,12.));
#6095=CARTESIAN_POINT('Origin',(4.26146840025007,30.9076024154846,11.));
#6096=CARTESIAN_POINT('Origin',(0.,0.,0.749999999999909));
#6097=CARTESIAN_POINT('Origin',(0.,0.,1.49999999999978));
#6098=CARTESIAN_POINT('Origin',(0.,28.197918471983,12.));
#6099=CARTESIAN_POINT('Origin',(0.,28.197918471983,1.00000000000004));
#6100=CARTESIAN_POINT('',(-1.7299030139629,29.2978891817213,12.));
#6101=CARTESIAN_POINT('Origin',(0.,28.197918471983,12.));
#6102=CARTESIAN_POINT('',(-1.7299030139629,29.2978891817213,12.));
#6103=CARTESIAN_POINT('Origin',(0.,28.197918471983,11.));
#6104=CARTESIAN_POINT('Origin',(0.,0.,3.14999999999987));
#6105=CARTESIAN_POINT('Origin',(0.,0.,4.79999999999996));
#6106=CARTESIAN_POINT('',(-3.27764415434886,-24.9859370206019,3.14999999999987));
#6107=CARTESIAN_POINT('Origin',(-4.26146840025006,30.9076024154846,12.));
#6108=CARTESIAN_POINT('',(-3.85171182330294,27.9357175678419,12.));
#6109=CARTESIAN_POINT('Origin',(-4.26146840025006,30.9076024154846,12.));
#6110=CARTESIAN_POINT('',(-3.85171182330294,27.9357175678419,12.));
#6111=CARTESIAN_POINT('Origin',(0.,0.,6.00000000000004));
#6112=CARTESIAN_POINT('Origin',(0.,0.,1.00000000000004));
#6113=CARTESIAN_POINT('',(-2.18188142014469,-28.1154653788343,3.66373598126302E-14));
#6114=CARTESIAN_POINT('Origin',(0.,0.,11.));
#6115=CARTESIAN_POINT('Origin',(0.,0.,6.00000000000004));
#6116=CARTESIAN_POINT('Origin',(0.,0.,11.));
#6117=CARTESIAN_POINT('Origin',(0.,0.,6.00000000000011));
#6118=CARTESIAN_POINT('',(-1.12500000000001,-26.1237060046516,6.25208152801728));
#6119=CARTESIAN_POINT('Origin',(0.,0.,6.25208152801728));
#6120=CARTESIAN_POINT('',(-1.12500000000001,-26.1237060046516,6.00000000000011));
#6121=CARTESIAN_POINT('Origin',(0.,0.,5.74791847198293));
#6122=CARTESIAN_POINT('Origin',(0.,0.,11.5));
#6123=CARTESIAN_POINT('',(-3.7151262976539,26.9450892852943,12.));
#6124=CARTESIAN_POINT('Origin',(0.,0.,11.5));
#6125=CARTESIAN_POINT('Origin',(-4.26146840025006,30.9076024154846,11.5));
#6126=CARTESIAN_POINT('Origin',(0.,0.,8.85));
#6127=CARTESIAN_POINT('',(-3.2776441543488,-24.9859370206015,10.5));
#6128=CARTESIAN_POINT('Origin',(0.,0.,10.5));
#6129=CARTESIAN_POINT('',(-3.2776441543488,-24.9859370206015,7.19999999999995));
#6130=CARTESIAN_POINT('',(-3.2776441543488,-24.9859370206015,8.85));
#6131=CARTESIAN_POINT('Origin',(0.,0.,7.19999999999995));
#6132=CARTESIAN_POINT('Origin',(0.,0.,0.500000000000036));
#6133=CARTESIAN_POINT('Origin',(-2.63431059616034E-15,-26.672918471983,
0.500000000000036));
#6134=CARTESIAN_POINT('',(1.579778484654,-28.37876868212,1.00000000000004));
#6135=CARTESIAN_POINT('',(0.900303867598515,-27.6450696670074,3.62210261783957E-14));
#6136=CARTESIAN_POINT('Origin',(-2.63431059616034E-15,-26.672918471983,
1.00000000000004));
#6137=CARTESIAN_POINT('Origin',(2.25925310170951,-29.1124676972327,0.500000000000036));
#6138=CARTESIAN_POINT('',(2.10450973857872,-27.1184630604359,3.62210261783957E-14));
#6139=CARTESIAN_POINT('Origin',(2.25925310170951,-29.1124676972327,1.00000000000004));
#6140=CARTESIAN_POINT('Origin',(0.,0.,0.500000000000036));
#6141=CARTESIAN_POINT('',(3.71512629765391,26.9450892852943,3.62210261783957E-14));
#6142=CARTESIAN_POINT('Origin',(4.26146840025007,30.9076024154846,0.500000000000036));
#6143=CARTESIAN_POINT('Origin',(0.,28.197918471983,0.500000000000036));
#6144=CARTESIAN_POINT('Origin',(2.25925310170951,-29.1124676972327,11.5));
#6145=CARTESIAN_POINT('Origin',(2.25925310170951,-29.1124676972327,11.));
#6146=CARTESIAN_POINT('',(2.18188142014411,-28.1154653788343,11.));
#6147=CARTESIAN_POINT('Origin',(0.,0.,11.5));
#6148=CARTESIAN_POINT('',(3.85171182330294,27.9357175678419,11.));
#6149=CARTESIAN_POINT('Origin',(4.26146840025007,30.9076024154846,11.5));
#6150=CARTESIAN_POINT('',(1.7299030139629,29.2978891817213,11.));
#6151=CARTESIAN_POINT('Origin',(0.,28.197918471983,11.5));
#6152=CARTESIAN_POINT('Origin',(2.25925310170951,-29.1124676972327,3.66373598126302E-14));
#6153=CARTESIAN_POINT('',(1.579778484654,-28.37876868212,3.66373598126302E-14));
#6154=CARTESIAN_POINT('Origin',(-2.63431059616034E-15,-26.672918471983,
3.66373598126302E-14));
#6155=CARTESIAN_POINT('',(-1.5797784846537,-28.3787686821203,3.66373598126302E-14));
#6156=CARTESIAN_POINT('Origin',(-2.25925310171024,-29.1124676972344,3.66373598126302E-14));
#6157=CARTESIAN_POINT('Origin',(1.125,-26.672918471983,6.00000000000004));
#6158=CARTESIAN_POINT('',(1.125,-26.1237060046516,4.00000000000004));
#6159=CARTESIAN_POINT('',(1.125,-24.3740512635872,8.00000000000004));
#6160=CARTESIAN_POINT('',(1.125,-26.1237060046516,8.00000000000004));
#6161=CARTESIAN_POINT('',(1.125,-26.1237060046516,6.25208152801728));
#6162=CARTESIAN_POINT('Ctrl Pts',(1.125,-26.1237060046516,6.25208152801728));
#6163=CARTESIAN_POINT('Ctrl Pts',(1.125,-25.2186276099009,7.15632183766091));
#6164=CARTESIAN_POINT('Ctrl Pts',(1.125,-24.3740512635872,8.00000000000004));
#6165=CARTESIAN_POINT('',(1.125,-26.1237060046516,6.00000000000011));
#6166=CARTESIAN_POINT('Origin',(-4.02455846426619E-15,-23.8983122383173,
8.00000000000004));
#6167=CARTESIAN_POINT('',(-1.125,-24.3740512635872,8.00000000000004));
#6168=CARTESIAN_POINT('Origin',(0.,0.,8.00000000000004));
#6169=CARTESIAN_POINT('',(-1.12500000000001,-26.1237060046516,8.00000000000004));
#6170=CARTESIAN_POINT('Origin',(-4.02455846426619E-15,-23.8983122383173,
4.00000000000004));
#6171=CARTESIAN_POINT('',(-1.12500000000001,-26.1237060046516,4.00000000000004));
#6172=CARTESIAN_POINT('Origin',(-1.125,-21.1237060046516,6.00000000000004));
#6173=CARTESIAN_POINT('Ctrl Pts',(-1.125,-24.3740512635872,8.00000000000004));
#6174=CARTESIAN_POINT('Ctrl Pts',(-1.12500000000001,-25.2186276099009,7.15632183766094));
#6175=CARTESIAN_POINT('Ctrl Pts',(-1.12500000000001,-26.1237060046516,6.25208152801728));
#6176=CARTESIAN_POINT('Origin',(0.,0.,6.72604076400862));
#6177=CARTESIAN_POINT('Origin',(0.,0.,6.25208152801728));
#6178=CARTESIAN_POINT('',(-3.1543529067895,-24.0460707014891,8.14791847198256));
#6179=CARTESIAN_POINT('',(-3.2776441543488,-24.9859370206015,7.19999999999995));
#6180=CARTESIAN_POINT('',(3.1543529067895,-24.0460707014891,8.14791847198256));
#6181=CARTESIAN_POINT('Origin',(2.33146835171283E-14,-2.08721928629529E-13,
8.14791847198256));
#6182=CARTESIAN_POINT('',(3.2776441543488,-24.9859370206015,7.19999999999995));
#6183=CARTESIAN_POINT('',(3.2776441543488,-24.9859370206015,7.19999999999995));
#6184=CARTESIAN_POINT('Origin',(0.,0.,7.19999999999995));
#6185=CARTESIAN_POINT('Origin',(0.,0.,6.00000000000011));
#6186=CARTESIAN_POINT('Origin',(0.,0.,5.27395923599145));
#6187=CARTESIAN_POINT('Origin',(-3.21599853056918,-24.5160038610455,2.6760407640083));
#6188=CARTESIAN_POINT('',(-3.1543529067895,-24.0460707014891,3.85208152801609));
#6189=CARTESIAN_POINT('Origin',(0.,0.,2.20208152801637));
#6190=CARTESIAN_POINT('',(3.1543529067895,-24.0460707014891,3.85208152801609));
#6191=CARTESIAN_POINT('Origin',(3.21599853056918,-24.5160038610455,2.6760407640083));
#6192=CARTESIAN_POINT('',(3.27764415434886,-24.9859370206019,3.14999999999987));
#6193=CARTESIAN_POINT('Origin',(-3.21599853056915,-24.5160038610453,9.32395923599153));
#6194=CARTESIAN_POINT('',(-3.1543529067895,-24.0460707014891,11.4479184719831));
#6195=CARTESIAN_POINT('',(-3.1543529067895,-24.0460707014891,8.14791847198256));
#6196=CARTESIAN_POINT('',(-3.18009522118366,-24.2423079426074,11.25));
#6197=CARTESIAN_POINT('Origin',(0.,0.,9.79791847198283));
#6198=CARTESIAN_POINT('',(3.1543529067895,-24.0460707014891,11.4479184719831));
#6199=CARTESIAN_POINT('Origin',(0.,0.,11.4479184719831));
#6200=CARTESIAN_POINT('',(3.1543529067895,-24.0460707014891,8.14791847198256));
#6201=CARTESIAN_POINT('Origin',(3.21599853056915,-24.5160038610453,9.32395923599153));
#6202=CARTESIAN_POINT('',(3.2776441543488,-24.9859370206015,10.5));
#6203=CARTESIAN_POINT('',(3.18009522118366,-24.2423079426074,11.25));
#6204=CARTESIAN_POINT('',(3.2776441543488,-24.9859370206015,8.85));
#6205=CARTESIAN_POINT('Origin',(0.,0.,11.25));
#6206=CARTESIAN_POINT('Origin',(0.,0.,10.5));
#6207=CARTESIAN_POINT('Origin',(0.,0.,8.85));
#6208=CARTESIAN_POINT('Origin',(0.,0.,3.14999999999987));
#6209=CARTESIAN_POINT('',(0.,0.,0.));
#6210=CARTESIAN_POINT('Origin',(22.9889349832042,-0.713350080962083,0.));
#6211=CARTESIAN_POINT('',(22.589127418279,-0.700943992597527,0.));
#6212=CARTESIAN_POINT('',(22.9730527763667,-1.11303465097435,0.));
#6213=CARTESIAN_POINT('Origin',(22.9889349832042,-0.713350080962083,0.));
#6214=CARTESIAN_POINT('',(22.589127418279,-0.700943992597527,12.));
#6215=CARTESIAN_POINT('',(22.589127418279,-0.700943992597527,0.));
#6216=CARTESIAN_POINT('',(22.9730527763667,-1.11303465097435,12.));
#6217=CARTESIAN_POINT('Origin',(22.9889349832042,-0.713350080962083,12.));
#6218=CARTESIAN_POINT('',(22.9730527763667,-1.11303465097435,0.));
#6219=CARTESIAN_POINT('Origin',(22.9889349832042,-0.713350080962081,0.));
#6220=CARTESIAN_POINT('',(21.6895603971972,-0.673030293777281,0.));
#6221=CARTESIAN_POINT('',(22.9119098447824,-2.0110662009401,0.));
#6222=CARTESIAN_POINT('Origin',(22.9889349832042,-0.713350080962081,0.));
#6223=CARTESIAN_POINT('',(22.9119098447824,-2.0110662009401,12.));
#6224=CARTESIAN_POINT('',(22.9119098447824,-2.0110662009401,0.));
#6225=CARTESIAN_POINT('',(21.6895603971972,-0.673030293777281,12.));
#6226=CARTESIAN_POINT('Origin',(22.9889349832042,-0.713350080962081,12.));
#6227=CARTESIAN_POINT('',(21.6895603971972,-0.673030293777281,0.));
#6228=CARTESIAN_POINT('Origin',(14.0941207723077,-0.43734266947816,0.));
#6229=CARTESIAN_POINT('',(17.6322000208597,6.28785227063727,0.));
#6230=CARTESIAN_POINT('Origin',(14.0941207723077,-0.43734266947816,0.));
#6231=CARTESIAN_POINT('',(17.6322000208597,6.28785227063727,12.));
#6232=CARTESIAN_POINT('Origin',(14.0941207723077,-0.43734266947816,12.));
#6233=CARTESIAN_POINT('',(17.6322000208597,6.28785227063727,0.));
#6234=CARTESIAN_POINT('Origin',(21.589312211171,13.8095466732262,0.));
#6235=CARTESIAN_POINT('',(15.0786236464072,8.34643785266428,0.));
#6236=CARTESIAN_POINT('Origin',(21.589312211171,13.8095466732262,0.));
#6237=CARTESIAN_POINT('',(15.0786236464072,8.34643785266428,12.));
#6238=CARTESIAN_POINT('Origin',(21.589312211171,13.8095466732262,12.));
#6239=CARTESIAN_POINT('',(15.0786236464072,8.34643785266428,0.));
#6240=CARTESIAN_POINT('Origin',(14.4657877418468,7.83220818210679,0.));
#6241=CARTESIAN_POINT('',(14.0841912052951,8.53533269689188,0.));
#6242=CARTESIAN_POINT('Origin',(14.4657877418468,7.83220818210679,0.));
#6243=CARTESIAN_POINT('',(14.0841912052951,8.53533269689188,12.));
#6244=CARTESIAN_POINT('Origin',(14.4657877418468,7.83220818210679,12.));
#6245=CARTESIAN_POINT('',(14.0841912052951,8.53533269689188,0.));
#6246=CARTESIAN_POINT('Origin',(13.8456933699484,8.97478551863593,0.));
#6247=CARTESIAN_POINT('',(13.4261269041893,8.7028223210995,0.));
#6248=CARTESIAN_POINT('Origin',(13.8456933699484,8.97478551863593,0.));
#6249=CARTESIAN_POINT('',(13.4261269041893,8.7028223210995,12.));
#6250=CARTESIAN_POINT('Origin',(13.8456933699484,8.97478551863593,12.));
#6251=CARTESIAN_POINT('',(13.4261269041893,8.7028223210995,0.));
#6252=CARTESIAN_POINT('Origin',(-3.75245224103361E-13,-7.86594724992793E-13,
0.));
#6253=CARTESIAN_POINT('',(5.88156602433517,14.8797574275057,0.));
#6254=CARTESIAN_POINT('Origin',(-3.75245224103361E-13,-7.86594724992793E-13,
0.));
#6255=CARTESIAN_POINT('',(5.88156602433517,14.8797574275057,12.));
#6256=CARTESIAN_POINT('Origin',(-3.75245224103361E-13,-7.86594724992793E-13,
12.));
#6257=CARTESIAN_POINT('',(5.88156602433517,14.8797574275057,0.));
#6258=CARTESIAN_POINT('Origin',(6.04698506876959,15.2982506051543,0.));
#6259=CARTESIAN_POINT('',(6.21240411320401,15.7167437828028,0.));
#6260=CARTESIAN_POINT('Origin',(6.04698506876959,15.2982506051543,0.));
#6261=CARTESIAN_POINT('',(6.21240411320401,15.7167437828028,12.));
#6262=CARTESIAN_POINT('Origin',(6.04698506876959,15.2982506051543,12.));
#6263=CARTESIAN_POINT('',(6.21240411320401,15.7167437828028,0.));
#6264=CARTESIAN_POINT('Origin',(-3.75245224108239E-13,-7.8659472500406E-13,
0.));
#6265=CARTESIAN_POINT('',(13.9994918741981,9.46700730243129,0.));
#6266=CARTESIAN_POINT('Origin',(-3.75245224108239E-13,-7.8659472500406E-13,
0.));
#6267=CARTESIAN_POINT('',(13.9994918741981,9.46700730243129,12.));
#6268=CARTESIAN_POINT('Origin',(-3.75245224108239E-13,-7.8659472500406E-13,
12.));
#6269=CARTESIAN_POINT('',(13.9994918741981,9.46700730243129,0.));
#6270=CARTESIAN_POINT('Origin',(14.4657877418468,7.83220818210679,0.));
#6271=CARTESIAN_POINT('',(15.7680640390376,8.92494623204145,0.));
#6272=CARTESIAN_POINT('Origin',(14.4657877418468,7.83220818210679,0.));
#6273=CARTESIAN_POINT('',(15.7680640390376,8.92494623204145,12.));
#6274=CARTESIAN_POINT('Origin',(14.4657877418468,7.83220818210679,12.));
#6275=CARTESIAN_POINT('',(15.7680640390376,8.92494623204145,0.));
#6276=CARTESIAN_POINT('Origin',(21.589312211171,13.8095466732263,0.));
#6277=CARTESIAN_POINT('',(18.0512329626189,7.08435173311081,0.));
#6278=CARTESIAN_POINT('Origin',(21.589312211171,13.8095466732263,0.));
#6279=CARTESIAN_POINT('',(18.0512329626189,7.08435173311081,12.));
#6280=CARTESIAN_POINT('Origin',(21.589312211171,13.8095466732263,12.));
#6281=CARTESIAN_POINT('',(18.0512329626189,7.08435173311081,0.));
#6282=CARTESIAN_POINT('Origin',(14.0941207723077,-0.437342669478158,0.));
#6283=CARTESIAN_POINT('Origin',(14.0941207723077,-0.437342669478158,0.));
#6284=CARTESIAN_POINT('Origin',(14.0941207723077,-0.437342669478158,12.));
#6285=CARTESIAN_POINT('Origin',(17.1520133036958,-15.3234604326126,0.));
#6286=CARTESIAN_POINT('',(16.8537174201533,-15.0569654685672,0.));
#6287=CARTESIAN_POINT('',(16.8829345380166,-15.6194276907013,0.));
#6288=CARTESIAN_POINT('Origin',(17.1520133036958,-15.3234604326126,0.));
#6289=CARTESIAN_POINT('',(16.8537174201533,-15.0569654685672,12.));
#6290=CARTESIAN_POINT('',(16.8537174201533,-15.0569654685672,0.));
#6291=CARTESIAN_POINT('',(16.8829345380166,-15.6194276907013,12.));
#6292=CARTESIAN_POINT('Origin',(17.1520133036958,-15.3234604326126,12.));
#6293=CARTESIAN_POINT('',(16.8829345380166,-15.6194276907013,0.));
#6294=CARTESIAN_POINT('Origin',(17.1520133036958,-15.3234604326126,0.));
#6295=CARTESIAN_POINT('',(16.1825516821826,-14.457351799465,0.));
#6296=CARTESIAN_POINT('',(16.2588527816149,-16.2680578504557,0.));
#6297=CARTESIAN_POINT('Origin',(17.1520133036958,-15.3234604326126,0.));
#6298=CARTESIAN_POINT('',(16.2588527816149,-16.2680578504557,12.));
#6299=CARTESIAN_POINT('',(16.2588527816149,-16.2680578504557,0.));
#6300=CARTESIAN_POINT('',(16.1825516821826,-14.457351799465,12.));
#6301=CARTESIAN_POINT('Origin',(17.1520133036958,-15.3234604326126,12.));
#6302=CARTESIAN_POINT('',(16.1825516821826,-14.457351799465,0.));
#6303=CARTESIAN_POINT('Origin',(10.5156044491463,-9.39455012355762,0.));
#6304=CARTESIAN_POINT('',(17.5488023770469,-6.51698541384865,0.));
#6305=CARTESIAN_POINT('Origin',(10.5156044491463,-9.39455012355762,0.));
#6306=CARTESIAN_POINT('',(17.5488023770469,-6.51698541384865,12.));
#6307=CARTESIAN_POINT('Origin',(10.5156044491463,-9.39455012355762,12.));
#6308=CARTESIAN_POINT('',(17.5488023770469,-6.51698541384865,0.));
#6309=CARTESIAN_POINT('Origin',(25.414978147066,-3.29861589997786,0.));
#6310=CARTESIAN_POINT('',(16.915882690924,-3.29861011416562,0.));
#6311=CARTESIAN_POINT('Origin',(25.414978147066,-3.29861589997786,0.));
#6312=CARTESIAN_POINT('',(16.915882690924,-3.29861011416562,12.));
#6313=CARTESIAN_POINT('Origin',(25.414978147066,-3.29861589997786,12.));
#6314=CARTESIAN_POINT('',(16.915882690924,-3.29861011416562,0.));
#6315=CARTESIAN_POINT('Origin',(16.1158826909241,-3.29860956956063,0.));
#6316=CARTESIAN_POINT('',(16.275522510756,-2.51469941659407,0.));
#6317=CARTESIAN_POINT('Origin',(16.1158826909241,-3.29860956956063,0.));
#6318=CARTESIAN_POINT('',(16.275522510756,-2.51469941659407,12.));
#6319=CARTESIAN_POINT('Origin',(16.1158826909241,-3.29860956956063,12.));
#6320=CARTESIAN_POINT('',(16.275522510756,-2.51469941659407,0.));
#6321=CARTESIAN_POINT('Origin',(16.3752973981516,-2.0247555709862,0.));
#6322=CARTESIAN_POINT('',(15.8790762648706,-1.96339934156192,0.));
#6323=CARTESIAN_POINT('Origin',(16.3752973981516,-2.0247555709862,0.));
#6324=CARTESIAN_POINT('',(15.8790762648706,-1.96339934156192,12.));
#6325=CARTESIAN_POINT('Origin',(16.3752973981516,-2.0247555709862,12.));
#6326=CARTESIAN_POINT('',(15.8790762648706,-1.96339934156192,0.));
#6327=CARTESIAN_POINT('Origin',(-7.93067861801474E-13,-3.61363537419741E-13,
0.));
#6328=CARTESIAN_POINT('',(14.0700646793212,7.6179577263031,0.));
#6329=CARTESIAN_POINT('Origin',(-7.93067861801474E-13,-3.61363537419741E-13,
0.));
#6330=CARTESIAN_POINT('',(14.0700646793212,7.6179577263031,12.));
#6331=CARTESIAN_POINT('Origin',(-7.93067861801474E-13,-3.61363537419741E-13,
12.));
#6332=CARTESIAN_POINT('',(14.0700646793212,7.6179577263031,0.));
#6333=CARTESIAN_POINT('Origin',(14.4657852484271,7.83221278735536,0.));
#6334=CARTESIAN_POINT('',(14.861505817533,8.04646784840762,0.));
#6335=CARTESIAN_POINT('Origin',(14.4657852484271,7.83221278735536,0.));
#6336=CARTESIAN_POINT('',(14.861505817533,8.04646784840762,12.));
#6337=CARTESIAN_POINT('Origin',(14.4657852484271,7.83221278735536,12.));
#6338=CARTESIAN_POINT('',(14.861505817533,8.04646784840762,0.));
#6339=CARTESIAN_POINT('Origin',(-7.93067861812453E-13,-3.61363537425237E-13,
0.));
#6340=CARTESIAN_POINT('',(16.8095079515336,-1.74655158164764,0.));
#6341=CARTESIAN_POINT('Origin',(-7.93067861812453E-13,-3.61363537425237E-13,
0.));
#6342=CARTESIAN_POINT('',(16.8095079515336,-1.74655158164764,12.));
#6343=CARTESIAN_POINT('Origin',(-7.93067861812453E-13,-3.61363537425237E-13,
12.));
#6344=CARTESIAN_POINT('',(16.8095079515336,-1.74655158164764,0.));
#6345=CARTESIAN_POINT('Origin',(16.1158826909241,-3.29860956956063,0.));
#6346=CARTESIAN_POINT('',(17.8158826909237,-3.29861072684623,0.));
#6347=CARTESIAN_POINT('Origin',(16.1158826909241,-3.29860956956063,0.));
#6348=CARTESIAN_POINT('',(17.8158826909237,-3.29861072684623,12.));
#6349=CARTESIAN_POINT('Origin',(16.1158826909241,-3.29860956956063,12.));
#6350=CARTESIAN_POINT('',(17.8158826909237,-3.29861072684623,0.));
#6351=CARTESIAN_POINT('Origin',(25.414978147066,-3.29861589997785,0.));
#6352=CARTESIAN_POINT('',(18.3817802191653,-6.17618060968683,0.));
#6353=CARTESIAN_POINT('Origin',(25.414978147066,-3.29861589997785,0.));
#6354=CARTESIAN_POINT('',(18.3817802191653,-6.17618060968683,12.));
#6355=CARTESIAN_POINT('Origin',(25.414978147066,-3.29861589997785,12.));
#6356=CARTESIAN_POINT('',(18.3817802191653,-6.17618060968683,0.));
#6357=CARTESIAN_POINT('Origin',(10.5156044491463,-9.39455012355762,0.));
#6358=CARTESIAN_POINT('Origin',(10.5156044491463,-9.39455012355762,0.));
#6359=CARTESIAN_POINT('Origin',(10.5156044491463,-9.39455012355762,12.));
#6360=CARTESIAN_POINT('Origin',(3.28947397599361,-22.7635533465507,0.));
#6361=CARTESIAN_POINT('',(3.23226573293287,-22.367665462263,0.));
#6362=CARTESIAN_POINT('',(2.89310359641152,-22.8173169233464,0.));
#6363=CARTESIAN_POINT('Origin',(3.28947397599361,-22.7635533465507,0.));
#6364=CARTESIAN_POINT('',(3.23226573293287,-22.367665462263,12.));
#6365=CARTESIAN_POINT('',(3.23226573293287,-22.367665462263,0.));
#6366=CARTESIAN_POINT('',(2.89310359641152,-22.8173169233464,12.));
#6367=CARTESIAN_POINT('Origin',(3.28947397599361,-22.7635533465507,12.));
#6368=CARTESIAN_POINT('',(2.89310359641151,-22.8173169233464,0.));
#6369=CARTESIAN_POINT('Origin',(3.28947397599361,-22.7635533465507,0.));
#6370=CARTESIAN_POINT('',(3.10354718604615,-21.4769177226154,0.));
#6371=CARTESIAN_POINT('',(1.99809780490884,-22.9130444324193,0.));
#6372=CARTESIAN_POINT('Origin',(3.28947397599361,-22.7635533465507,0.));
#6373=CARTESIAN_POINT('',(1.99809780490884,-22.9130444324193,12.));
#6374=CARTESIAN_POINT('',(1.99809780490884,-22.9130444324192,0.));
#6375=CARTESIAN_POINT('',(3.10354718604615,-21.4769177226154,12.));
#6376=CARTESIAN_POINT('Origin',(3.28947397599361,-22.7635533465507,12.));
#6377=CARTESIAN_POINT('',(3.10354718604615,-21.4769177226154,0.));
#6378=CARTESIAN_POINT('Origin',(2.01671993630371,-13.9559431660299,0.));
#6379=CARTESIAN_POINT('',(9.25412506780011,-16.2724531949696,0.));
#6380=CARTESIAN_POINT('Origin',(2.01671993630371,-13.9559431660299,0.));
#6381=CARTESIAN_POINT('',(9.25412506780011,-16.2724531949696,12.));
#6382=CARTESIAN_POINT('Origin',(2.01671993630371,-13.9559431660299,12.));
#6383=CARTESIAN_POINT('',(9.25412506780011,-16.2724531949696,0.));
#6384=CARTESIAN_POINT('Origin',(17.3486933519294,-18.8633194335501,0.));
#6385=CARTESIAN_POINT('',(10.8380122252624,-13.4002017486095,0.));
#6386=CARTESIAN_POINT('Origin',(17.3486933519294,-18.8633194335501,0.));
#6387=CARTESIAN_POINT('',(10.8380122252624,-13.4002017486095,12.));
#6388=CARTESIAN_POINT('Origin',(17.3486933519294,-18.8633194335501,12.));
#6389=CARTESIAN_POINT('',(10.8380122252624,-13.4002017486095,0.));
#6390=CARTESIAN_POINT('Origin',(10.2251770208327,-12.8859712436688,0.));
#6391=CARTESIAN_POINT('',(10.8513559511498,-12.3880757252847,0.));
#6392=CARTESIAN_POINT('Origin',(10.2251770208327,-12.8859712436688,0.));
#6393=CARTESIAN_POINT('',(10.8513559511498,-12.3880757252847,12.));
#6394=CARTESIAN_POINT('Origin',(10.2251770208327,-12.8859712436688,12.));
#6395=CARTESIAN_POINT('',(10.8513559511498,-12.3880757252847,0.));
#6396=CARTESIAN_POINT('Origin',(11.242717782601,-12.0768910262923,0.));
#6397=CARTESIAN_POINT('',(10.9020293649439,-11.7109246315534,0.));
#6398=CARTESIAN_POINT('Origin',(11.242717782601,-12.0768910262923,0.));
#6399=CARTESIAN_POINT('',(10.9020293649439,-11.7109246315534,12.));
#6400=CARTESIAN_POINT('Origin',(11.242717782601,-12.0768910262923,12.));
#6401=CARTESIAN_POINT('',(10.9020293649439,-11.7109246315534,0.));
#6402=CARTESIAN_POINT('Origin',(-8.39805232995176E-13,2.32953665420375E-13,
0.));
#6403=CARTESIAN_POINT('',(15.6750236995021,-3.20836905920614,0.));
#6404=CARTESIAN_POINT('Origin',(-8.39805232995176E-13,2.32953665420375E-13,
0.));
#6405=CARTESIAN_POINT('',(15.6750236995021,-3.20836905920613,12.));
#6406=CARTESIAN_POINT('Origin',(-8.39805232995176E-13,2.32953665420375E-13,
12.));
#6407=CARTESIAN_POINT('',(15.6750236995021,-3.20836905920614,0.));
#6408=CARTESIAN_POINT('Origin',(16.1158837410506,-3.2986044389963,0.));
#6409=CARTESIAN_POINT('',(16.5567437825991,-3.38883981878647,0.));
#6410=CARTESIAN_POINT('Origin',(16.1158837410506,-3.2986044389963,0.));
#6411=CARTESIAN_POINT('',(16.5567437825991,-3.38883981878647,12.));
#6412=CARTESIAN_POINT('Origin',(16.1158837410506,-3.2986044389963,12.));
#6413=CARTESIAN_POINT('',(16.5567437825991,-3.38883981878647,0.));
#6414=CARTESIAN_POINT('Origin',(-8.39805233007119E-13,2.32953665423222E-13,
0.));
#6415=CARTESIAN_POINT('',(11.754168441475,-12.142879569915,0.));
#6416=CARTESIAN_POINT('Origin',(-8.39805233007119E-13,2.32953665423222E-13,
0.));
#6417=CARTESIAN_POINT('',(11.754168441475,-12.142879569915,12.));
#6418=CARTESIAN_POINT('Origin',(-8.39805233007119E-13,2.32953665423222E-13,
12.));
#6419=CARTESIAN_POINT('',(11.754168441475,-12.142879569915,0.));
#6420=CARTESIAN_POINT('Origin',(10.2251770208327,-12.8859712436688,0.));
#6421=CARTESIAN_POINT('',(11.5274518302458,-13.9787110666679,0.));
#6422=CARTESIAN_POINT('Origin',(10.2251770208327,-12.8859712436688,0.));
#6423=CARTESIAN_POINT('',(11.5274518302458,-13.9787110666679,12.));
#6424=CARTESIAN_POINT('Origin',(10.2251770208327,-12.8859712436688,12.));
#6425=CARTESIAN_POINT('',(11.5274518302458,-13.9787110666679,0.));
#6426=CARTESIAN_POINT('Origin',(17.3486933519294,-18.8633194335501,0.));
#6427=CARTESIAN_POINT('',(10.111288220433,-16.5468094046104,0.));
#6428=CARTESIAN_POINT('Origin',(17.3486933519294,-18.8633194335501,0.));
#6429=CARTESIAN_POINT('',(10.111288220433,-16.5468094046104,12.));
#6430=CARTESIAN_POINT('Origin',(17.3486933519294,-18.8633194335501,12.));
#6431=CARTESIAN_POINT('',(10.111288220433,-16.5468094046104,0.));
#6432=CARTESIAN_POINT('Origin',(2.01671993630371,-13.9559431660299,0.));
#6433=CARTESIAN_POINT('Origin',(2.01671993630371,-13.9559431660299,0.));
#6434=CARTESIAN_POINT('Origin',(2.01671993630371,-13.9559431660299,12.));
#6435=CARTESIAN_POINT('Origin',(-12.112246783507,-19.5523266609226,0.));
#6436=CARTESIAN_POINT('',(-11.9015990133591,-19.2122861972545,0.));
#6437=CARTESIAN_POINT('',(-12.4504426712195,-19.338729981327,0.));
#6438=CARTESIAN_POINT('Origin',(-12.112246783507,-19.5523266609226,0.));
#6439=CARTESIAN_POINT('',(-11.9015990133591,-19.2122861972545,12.));
#6440=CARTESIAN_POINT('',(-11.9015990133591,-19.2122861972545,0.));
#6441=CARTESIAN_POINT('',(-12.4504426712195,-19.338729981327,12.));
#6442=CARTESIAN_POINT('Origin',(-12.112246783507,-19.5523266609226,12.));
#6443=CARTESIAN_POINT('',(-12.4504426712195,-19.338729981327,0.));
#6444=CARTESIAN_POINT('Origin',(-12.112246783507,-19.5523266609226,0.));
#6445=CARTESIAN_POINT('',(-11.4276415305262,-18.447195154001,0.));
#6446=CARTESIAN_POINT('',(-13.1975893410976,-18.8367628743303,0.));
#6447=CARTESIAN_POINT('Origin',(-12.112246783507,-19.5523266609226,0.));
#6448=CARTESIAN_POINT('',(-13.1975893410976,-18.8367628743303,12.));
#6449=CARTESIAN_POINT('',(-13.1975893410976,-18.8367628743303,0.));
#6450=CARTESIAN_POINT('',(-11.4276415305262,-18.447195154001,12.));
#6451=CARTESIAN_POINT('Origin',(-12.112246783507,-19.5523266609226,12.));
#6452=CARTESIAN_POINT('',(-11.4276415305262,-18.447195154001,0.));
#6453=CARTESIAN_POINT('Origin',(-7.42581024808083,-11.9871952980853,0.));
#6454=CARTESIAN_POINT('',(-3.37066020881432,-18.4138592779917,0.));
#6455=CARTESIAN_POINT('Origin',(-7.42581024808083,-11.9871952980853,0.));
#6456=CARTESIAN_POINT('',(-3.37066020881432,-18.4138592779917,12.));
#6457=CARTESIAN_POINT('Origin',(-7.42581024808083,-11.9871952980853,12.));
#6458=CARTESIAN_POINT('',(-3.37066020881432,-18.4138592779917,0.));
#6459=CARTESIAN_POINT('Origin',(1.16476212817535,-25.6016661617208,0.));
#6460=CARTESIAN_POINT('',(-0.311084611688268,-17.2316900582255,0.));
#6461=CARTESIAN_POINT('Origin',(1.16476212817535,-25.6016661617208,0.));
#6462=CARTESIAN_POINT('',(-0.311084611688267,-17.2316900582255,12.));
#6463=CARTESIAN_POINT('Origin',(1.16476212817535,-25.6016661617208,12.));
#6464=CARTESIAN_POINT('',(-0.311084611688268,-17.2316900582255,0.));
#6465=CARTESIAN_POINT('Origin',(-0.450002617490568,-16.4438437612462,0.));
#6466=CARTESIAN_POINT('',(0.34971934261277,-16.4649337239889,0.));
#6467=CARTESIAN_POINT('Origin',(-0.450002617490568,-16.4438437612462,0.));
#6468=CARTESIAN_POINT('',(0.34971934261277,-16.4649337239889,12.));
#6469=CARTESIAN_POINT('Origin',(-0.450002617490568,-16.4438437612462,12.));
#6470=CARTESIAN_POINT('',(0.34971934261277,-16.4649337239889,0.));
#6471=CARTESIAN_POINT('Origin',(0.8495455676812,-16.4781149507031,0.));
#6472=CARTESIAN_POINT('',(0.82380176259976,-15.9787781340114,0.));
#6473=CARTESIAN_POINT('Origin',(0.8495455676812,-16.4781149507031,0.));
#6474=CARTESIAN_POINT('',(0.82380176259976,-15.9787781340114,12.));
#6475=CARTESIAN_POINT('Origin',(0.8495455676812,-16.4781149507031,12.));
#6476=CARTESIAN_POINT('',(0.82380176259976,-15.9787781340114,0.));
#6477=CARTESIAN_POINT('Origin',(-4.93588402274913E-13,7.18269259218692E-13,
0.));
#6478=CARTESIAN_POINT('',(9.94546492220252,-12.5334643048625,0.));
#6479=CARTESIAN_POINT('Origin',(-4.93588402274913E-13,7.18269259218692E-13,
0.));
#6480=CARTESIAN_POINT('',(9.94546492220253,-12.5334643048625,12.));
#6481=CARTESIAN_POINT('Origin',(-4.93588402274913E-13,7.18269259218692E-13,
12.));
#6482=CARTESIAN_POINT('',(9.94546492220252,-12.5334643048625,0.));
#6483=CARTESIAN_POINT('Origin',(10.2251811231395,-12.8859679884368,0.));
#6484=CARTESIAN_POINT('',(10.5048973240764,-13.238471672011,0.));
#6485=CARTESIAN_POINT('Origin',(10.2251811231395,-12.8859679884368,0.));
#6486=CARTESIAN_POINT('',(10.5048973240764,-13.238471672011,12.));
#6487=CARTESIAN_POINT('Origin',(10.2251811231395,-12.8859679884368,12.));
#6488=CARTESIAN_POINT('',(10.5048973240764,-13.238471672011,0.));
#6489=CARTESIAN_POINT('Origin',(-4.93588402282232E-13,7.1826925922855E-13,
0.));
#6490=CARTESIAN_POINT('',(1.19892288461925,-16.857419254345,0.));
#6491=CARTESIAN_POINT('Origin',(-4.93588402282232E-13,7.1826925922855E-13,
0.));
#6492=CARTESIAN_POINT('',(1.19892288461925,-16.857419254345,12.));
#6493=CARTESIAN_POINT('Origin',(-4.93588402282232E-13,7.1826925922855E-13,
12.));
#6494=CARTESIAN_POINT('',(1.19892288461925,-16.857419254345,0.));
#6495=CARTESIAN_POINT('Origin',(-0.450002617490566,-16.4438437612462,0.));
#6496=CARTESIAN_POINT('',(-0.154801855160682,-18.1180171423271,0.));
#6497=CARTESIAN_POINT('Origin',(-0.450002617490566,-16.4438437612462,0.));
#6498=CARTESIAN_POINT('',(-0.154801855160682,-18.1180171423271,12.));
#6499=CARTESIAN_POINT('Origin',(-0.450002617490566,-16.4438437612462,12.));
#6500=CARTESIAN_POINT('',(-0.154801855160682,-18.1180171423271,0.));
#6501=CARTESIAN_POINT('Origin',(1.16476212817535,-25.6016661617208,0.));
#6502=CARTESIAN_POINT('',(-2.89038791109117,-19.1750021818144,0.));
#6503=CARTESIAN_POINT('Origin',(1.16476212817535,-25.6016661617208,0.));
#6504=CARTESIAN_POINT('',(-2.89038791109117,-19.1750021818144,12.));
#6505=CARTESIAN_POINT('Origin',(1.16476212817535,-25.6016661617208,12.));
#6506=CARTESIAN_POINT('',(-2.89038791109117,-19.1750021818144,0.));
#6507=CARTESIAN_POINT('Origin',(-7.42581024808082,-11.9871952980853,0.));
#6508=CARTESIAN_POINT('Origin',(-7.42581024808082,-11.9871952980853,0.));
#6509=CARTESIAN_POINT('Origin',(-7.42581024808082,-11.9871952980853,12.));
#6510=CARTESIAN_POINT('Origin',(-21.8465126603761,-7.1923490307429,0.));
#6511=CARTESIAN_POINT('',(-21.4665733097609,-7.06726469977349,0.));
#6512=CARTESIAN_POINT('',(-21.9682884417297,-6.81133635500149,0.));
#6513=CARTESIAN_POINT('Origin',(-21.8465126603761,-7.1923490307429,0.));
#6514=CARTESIAN_POINT('',(-21.4665733097609,-7.06726469977349,12.));
#6515=CARTESIAN_POINT('',(-21.4665733097609,-7.06726469977349,0.));
#6516=CARTESIAN_POINT('',(-21.9682884417297,-6.81133635500149,12.));
#6517=CARTESIAN_POINT('Origin',(-21.8465126603761,-7.1923490307429,12.));
#6518=CARTESIAN_POINT('',(-21.9682884417297,-6.81133635500148,0.));
#6519=CARTESIAN_POINT('Origin',(-21.8465126603761,-7.1923490307429,0.));
#6520=CARTESIAN_POINT('',(-20.6117097708767,-6.78582495509224,0.));
#6521=CARTESIAN_POINT('',(-22.217977759537,-5.94655062004192,0.));
#6522=CARTESIAN_POINT('Origin',(-21.8465126603761,-7.1923490307429,0.));
#6523=CARTESIAN_POINT('',(-22.217977759537,-5.94655062004192,12.));
#6524=CARTESIAN_POINT('',(-22.217977759537,-5.94655062004191,0.));
#6525=CARTESIAN_POINT('',(-20.6117097708767,-6.78582495509224,12.));
#6526=CARTESIAN_POINT('Origin',(-21.8465126603761,-7.1923490307429,12.));
#6527=CARTESIAN_POINT('',(-20.6117097708767,-6.78582495509224,0.));
#6528=CARTESIAN_POINT('Origin',(-13.3937212887003,-4.40950552733052,0.));
#6529=CARTESIAN_POINT('',(-14.418276113009,-11.9392159575911,0.));
#6530=CARTESIAN_POINT('Origin',(-13.3937212887003,-4.40950552733052,0.));
#6531=CARTESIAN_POINT('',(-14.418276113009,-11.9392159575911,12.));
#6532=CARTESIAN_POINT('Origin',(-13.3937212887003,-4.40950552733052,12.));
#6533=CARTESIAN_POINT('',(-14.418276113009,-11.9392159575911,0.));
#6534=CARTESIAN_POINT('Origin',(-15.5641742402411,-20.3607087619966,0.));
#6535=CARTESIAN_POINT('',(-11.3146215015097,-13.0002790806948,0.));
#6536=CARTESIAN_POINT('Origin',(-15.5641742402411,-20.3607087619966,0.));
#6537=CARTESIAN_POINT('',(-11.3146215015097,-13.0002790806948,12.));
#6538=CARTESIAN_POINT('Origin',(-15.5641742402411,-20.3607087619966,12.));
#6539=CARTESIAN_POINT('',(-11.3146215015097,-13.0002790806948,0.));
#6540=CARTESIAN_POINT('Origin',(-10.914621029868,-12.3074590299699,0.));
#6541=CARTESIAN_POINT('',(-10.3155548330304,-12.8376662458831,0.));
#6542=CARTESIAN_POINT('Origin',(-10.914621029868,-12.3074590299699,0.));
#6543=CARTESIAN_POINT('',(-10.3155548330304,-12.8376662458831,12.));
#6544=CARTESIAN_POINT('Origin',(-10.914621029868,-12.3074590299699,12.));
#6545=CARTESIAN_POINT('',(-10.3155548330304,-12.8376662458831,0.));
#6546=CARTESIAN_POINT('Origin',(-9.94113846000393,-13.1690457558315,0.));
#6547=CARTESIAN_POINT('',(-9.63989184000158,-12.7699837632275,0.));
#6548=CARTESIAN_POINT('Origin',(-9.94113846000393,-13.1690457558315,0.));
#6549=CARTESIAN_POINT('',(-9.63989184000158,-12.7699837632275,12.));
#6550=CARTESIAN_POINT('Origin',(-9.94113846000393,-13.1690457558315,12.));
#6551=CARTESIAN_POINT('',(-9.63989184000158,-12.7699837632275,0.));
#6552=CARTESIAN_POINT('Origin',(8.35839274938326E-14,8.67498683954953E-13,
0.));
#6553=CARTESIAN_POINT('',(-0.437687423726192,-15.9940123083339,0.));
#6554=CARTESIAN_POINT('Origin',(8.35839274938326E-14,8.67498683954953E-13,
0.));
#6555=CARTESIAN_POINT('',(-0.437687423726191,-15.9940123083339,12.));
#6556=CARTESIAN_POINT('Origin',(8.35839274938326E-14,8.67498683954953E-13,
12.));
#6557=CARTESIAN_POINT('',(-0.437687423726192,-15.9940123083339,0.));
#6558=CARTESIAN_POINT('Origin',(-0.449997382518491,-16.4438439045058,0.));
#6559=CARTESIAN_POINT('',(-0.462307341310793,-16.8936755006776,0.));
#6560=CARTESIAN_POINT('Origin',(-0.449997382518491,-16.4438439045058,0.));
#6561=CARTESIAN_POINT('',(-0.462307341310793,-16.8936755006776,12.));
#6562=CARTESIAN_POINT('Origin',(-0.449997382518491,-16.4438439045058,12.));
#6563=CARTESIAN_POINT('',(-0.462307341310793,-16.8936755006776,0.));
#6564=CARTESIAN_POINT('Origin',(8.35839274945626E-14,8.67498683967209E-13,
0.));
#6565=CARTESIAN_POINT('',(-9.91731201449352,-13.6841851203208,0.));
#6566=CARTESIAN_POINT('Origin',(8.35839274945626E-14,8.67498683967209E-13,
0.));
#6567=CARTESIAN_POINT('',(-9.91731201449352,-13.6841851203208,12.));
#6568=CARTESIAN_POINT('Origin',(8.35839274945626E-14,8.67498683967209E-13,
12.));
#6569=CARTESIAN_POINT('',(-9.91731201449352,-13.6841851203208,0.));
#6570=CARTESIAN_POINT('Origin',(-10.914621029868,-12.3074590299699,0.));
#6571=CARTESIAN_POINT('',(-11.7646220321066,-13.7797016377603,0.));
#6572=CARTESIAN_POINT('Origin',(-10.914621029868,-12.3074590299699,0.));
#6573=CARTESIAN_POINT('',(-11.7646220321066,-13.7797016377603,12.));
#6574=CARTESIAN_POINT('Origin',(-10.914621029868,-12.3074590299699,12.));
#6575=CARTESIAN_POINT('',(-11.7646220321066,-13.7797016377603,0.));
#6576=CARTESIAN_POINT('Origin',(-15.5641742402411,-20.3607087619966,0.));
#6577=CARTESIAN_POINT('',(-14.5396194159323,-12.830998331736,0.));
#6578=CARTESIAN_POINT('Origin',(-15.5641742402411,-20.3607087619966,0.));
#6579=CARTESIAN_POINT('',(-14.5396194159323,-12.830998331736,12.));
#6580=CARTESIAN_POINT('Origin',(-15.5641742402411,-20.3607087619966,12.));
#6581=CARTESIAN_POINT('',(-14.5396194159323,-12.830998331736,0.));
#6582=CARTESIAN_POINT('Origin',(-13.3937212887003,-4.40950552733053,0.));
#6583=CARTESIAN_POINT('Origin',(-13.3937212887003,-4.40950552733053,0.));
#6584=CARTESIAN_POINT('Origin',(-13.3937212887003,-4.40950552733053,12.));
#6585=CARTESIAN_POINT('Origin',(-21.358552466512,8.53300864497709,0.));
#6586=CARTESIAN_POINT('',(-20.987099380138,8.3846084946297,0.));
#6587=CARTESIAN_POINT('',(-21.2069279000244,8.90315725140071,0.));
#6588=CARTESIAN_POINT('Origin',(-21.358552466512,8.53300864497709,0.));
#6589=CARTESIAN_POINT('',(-20.987099380138,8.3846084946297,12.));
#6590=CARTESIAN_POINT('',(-20.987099380138,8.3846084946297,0.));
#6591=CARTESIAN_POINT('',(-21.2069279000244,8.90315725140071,12.));
#6592=CARTESIAN_POINT('Origin',(-21.358552466512,8.53300864497709,12.));
#6593=CARTESIAN_POINT('',(-21.2069279000243,8.90315725140071,0.));
#6594=CARTESIAN_POINT('Origin',(-21.358552466512,8.53300864497709,0.));
#6595=CARTESIAN_POINT('',(-20.1513299357962,8.050708156348,0.));
#6596=CARTESIAN_POINT('',(-20.8423274589711,9.72611875791264,0.));
#6597=CARTESIAN_POINT('Origin',(-21.358552466512,8.53300864497709,0.));
#6598=CARTESIAN_POINT('',(-20.8423274589711,9.72611875791264,12.));
#6599=CARTESIAN_POINT('',(-20.8423274589711,9.72611875791263,0.));
#6600=CARTESIAN_POINT('',(-20.1513299357962,8.050708156348,12.));
#6601=CARTESIAN_POINT('Origin',(-21.358552466512,8.53300864497709,12.));
#6602=CARTESIAN_POINT('',(-20.1513299357962,8.050708156348,0.));
#6603=CARTESIAN_POINT('Origin',(-13.0945612837056,5.23144088585739,0.));
#6604=CARTESIAN_POINT('',(-18.719420382637,0.121919198971537,0.));
#6605=CARTESIAN_POINT('Origin',(-13.0945612837056,5.23144088585739,0.));
#6606=CARTESIAN_POINT('',(-18.719420382637,0.121919198971537,12.));
#6607=CARTESIAN_POINT('Origin',(-13.0945612837056,5.23144088585739,12.));
#6608=CARTESIAN_POINT('',(-18.719420382637,0.121919198971537,0.));
#6609=CARTESIAN_POINT('Origin',(-25.0104605051198,-5.592749448462,0.));
#6610=CARTESIAN_POINT('',(-17.0239212427637,-2.68589303929882,0.));
#6611=CARTESIAN_POINT('Origin',(-25.0104605051198,-5.592749448462,0.));
#6612=CARTESIAN_POINT('',(-17.0239212427637,-2.68589303929882,12.));
#6613=CARTESIAN_POINT('Origin',(-25.0104605051198,-5.592749448462,12.));
#6614=CARTESIAN_POINT('',(-17.0239212427637,-2.68589303929882,0.));
#6615=CARTESIAN_POINT('Origin',(-16.2721669598693,-2.41227743639963,0.));
#6616=CARTESIAN_POINT('',(-16.1540662576768,-3.20351205656084,0.));
#6617=CARTESIAN_POINT('Origin',(-16.2721669598693,-2.41227743639963,0.));
#6618=CARTESIAN_POINT('',(-16.1540662576768,-3.20351205656084,12.));
#6619=CARTESIAN_POINT('Origin',(-16.2721669598693,-2.41227743639963,12.));
#6620=CARTESIAN_POINT('',(-16.1540662576768,-3.20351205656084,0.));
#6621=CARTESIAN_POINT('Origin',(-16.0802533188059,-3.69803369416539,0.));
#6622=CARTESIAN_POINT('',(-15.5929729152021,-3.58597206706864,0.));
#6623=CARTESIAN_POINT('Origin',(-16.0802533188059,-3.69803369416539,0.));
#6624=CARTESIAN_POINT('',(-15.5929729152021,-3.58597206706864,12.));
#6625=CARTESIAN_POINT('Origin',(-16.0802533188059,-3.69803369416539,12.));
#6626=CARTESIAN_POINT('',(-15.5929729152021,-3.58597206706864,0.));
#6627=CARTESIAN_POINT('Origin',(6.21646408656333E-13,6.10815833294745E-13,
0.));
#6628=CARTESIAN_POINT('',(-10.6160409597395,-11.9707841990889,0.));
#6629=CARTESIAN_POINT('Origin',(6.21646408656333E-13,6.10815833294745E-13,
0.));
#6630=CARTESIAN_POINT('',(-10.6160409597395,-11.9707841990889,12.));
#6631=CARTESIAN_POINT('Origin',(6.21646408656333E-13,6.10815833294745E-13,
12.));
#6632=CARTESIAN_POINT('',(-10.6160409597395,-11.9707841990889,0.));
#6633=CARTESIAN_POINT('Origin',(-10.9146171117322,-12.3074625046883,0.));
#6634=CARTESIAN_POINT('',(-11.2131932637249,-12.6441408102876,0.));
#6635=CARTESIAN_POINT('Origin',(-10.9146171117322,-12.3074625046883,0.));
#6636=CARTESIAN_POINT('',(-11.2131932637249,-12.6441408102876,12.));
#6637=CARTESIAN_POINT('Origin',(-10.9146171117322,-12.3074625046883,12.));
#6638=CARTESIAN_POINT('',(-11.2131932637249,-12.6441408102876,0.));
#6639=CARTESIAN_POINT('Origin',(6.2164640866477E-13,6.10815833303664E-13,
0.));
#6640=CARTESIAN_POINT('',(-16.3931264033789,-4.10796868572123,0.));
#6641=CARTESIAN_POINT('Origin',(6.2164640866477E-13,6.10815833303664E-13,
0.));
#6642=CARTESIAN_POINT('',(-16.3931264033789,-4.10796868572123,12.));
#6643=CARTESIAN_POINT('Origin',(6.2164640866477E-13,6.10815833303664E-13,
12.));
#6644=CARTESIAN_POINT('',(-16.3931264033789,-4.10796868572123,0.));
#6645=CARTESIAN_POINT('Origin',(-16.2721669598693,-2.41227743639963,0.));
#6646=CARTESIAN_POINT('',(-17.86964481102,-2.9937105925604,0.));
#6647=CARTESIAN_POINT('Origin',(-16.2721669598693,-2.41227743639963,0.));
#6648=CARTESIAN_POINT('',(-17.86964481102,-2.9937105925604,12.));
#6649=CARTESIAN_POINT('Origin',(-16.2721669598693,-2.41227743639963,12.));
#6650=CARTESIAN_POINT('',(-17.86964481102,-2.9937105925604,0.));
#6651=CARTESIAN_POINT('Origin',(-25.0104605051198,-5.592749448462,0.));
#6652=CARTESIAN_POINT('',(-19.3856014061883,-0.483227761576143,0.));
#6653=CARTESIAN_POINT('Origin',(-25.0104605051198,-5.592749448462,0.));
#6654=CARTESIAN_POINT('',(-19.3856014061883,-0.483227761576143,12.));
#6655=CARTESIAN_POINT('Origin',(-25.0104605051198,-5.592749448462,12.));
#6656=CARTESIAN_POINT('',(-19.3856014061883,-0.483227761576143,0.));
#6657=CARTESIAN_POINT('Origin',(-13.0945612837056,5.23144088585739,0.));
#6658=CARTESIAN_POINT('Origin',(-13.0945612837056,5.23144088585739,0.));
#6659=CARTESIAN_POINT('Origin',(-13.0945612837056,5.23144088585739,12.));
#6660=CARTESIAN_POINT('Origin',(-10.8766881996973,20.2656767418847,0.));
#6661=CARTESIAN_POINT('',(-10.68752840492,19.913230189852,0.));
#6662=CARTESIAN_POINT('',(-10.5226101051472,20.4517646323014,0.));
#6663=CARTESIAN_POINT('Origin',(-10.8766881996973,20.2656767418847,0.));
#6664=CARTESIAN_POINT('',(-10.68752840492,19.913230189852,12.));
#6665=CARTESIAN_POINT('',(-10.68752840492,19.913230189852,0.));
#6666=CARTESIAN_POINT('',(-10.5226101051472,20.4517646323014,12.));
#6667=CARTESIAN_POINT('Origin',(-10.8766881996973,20.2656767418847,12.));
#6668=CARTESIAN_POINT('',(-10.5226101051472,20.4517646323014,0.));
#6669=CARTESIAN_POINT('Origin',(-10.8766881996973,20.2656767418847,0.));
#6670=CARTESIAN_POINT('',(-10.261918866671,19.1202254477783,0.));
#6671=CARTESIAN_POINT('',(-9.71432050368482,20.8478290752704,0.));
#6672=CARTESIAN_POINT('Origin',(-10.8766881996973,20.2656767418847,0.));
#6673=CARTESIAN_POINT('',(-9.71432050368482,20.8478290752704,12.));
#6674=CARTESIAN_POINT('',(-9.71432050368481,20.8478290752704,0.));
#6675=CARTESIAN_POINT('',(-10.261918866671,19.1202254477783,12.));
#6676=CARTESIAN_POINT('Origin',(-10.8766881996973,20.2656767418847,12.));
#6677=CARTESIAN_POINT('',(-10.261918866671,19.1202254477783,0.));
#6678=CARTESIAN_POINT('Origin',(-6.66831052422686,12.4245379675635,0.));
#6679=CARTESIAN_POINT('',(-14.2615398120454,12.1260070073544,0.));
#6680=CARTESIAN_POINT('Origin',(-6.66831052422686,12.4245379675635,0.));
#6681=CARTESIAN_POINT('',(-14.2615398120454,12.1260070073544,12.));
#6682=CARTESIAN_POINT('Origin',(-6.66831052422686,12.4245379675635,12.));
#6683=CARTESIAN_POINT('',(-14.2615398120454,12.1260070073544,0.));
#6684=CARTESIAN_POINT('Origin',(-22.7540743393463,11.7921194884945,0.));
#6685=CARTESIAN_POINT('',(-14.7675390347189,8.8852522055612,0.));
#6686=CARTESIAN_POINT('Origin',(-22.7540743393463,11.7921194884945,0.));
#6687=CARTESIAN_POINT('',(-14.7675390347189,8.8852522055612,12.));
#6688=CARTESIAN_POINT('Origin',(-22.7540743393463,11.7921194884945,12.));
#6689=CARTESIAN_POINT('',(-14.7675390347189,8.8852522055612,0.));
#6690=CARTESIAN_POINT('Origin',(-14.0157851243562,8.61163557913944,0.));
#6691=CARTESIAN_POINT('',(-14.4339105479079,7.92960102709698,0.));
#6692=CARTESIAN_POINT('Origin',(-14.0157851243562,8.61163557913944,0.));
#6693=CARTESIAN_POINT('',(-14.4339105479079,7.92960102709698,12.));
#6694=CARTESIAN_POINT('Origin',(-14.0157851243562,8.61163557913944,12.));
#6695=CARTESIAN_POINT('',(-14.4339105479079,7.92960102709698,0.));
#6696=CARTESIAN_POINT('Origin',(-14.6952389376296,7.50332943206716,0.));
#6697=CARTESIAN_POINT('',(-14.2499286667891,7.27595581291192,0.));
#6698=CARTESIAN_POINT('Origin',(-14.6952389376296,7.50332943206716,0.));
#6699=CARTESIAN_POINT('',(-14.2499286667891,7.27595581291192,12.));
#6700=CARTESIAN_POINT('Origin',(-14.6952389376296,7.50332943206716,12.));
#6701=CARTESIAN_POINT('',(-14.2499286667891,7.27595581291192,0.));
#6702=CARTESIAN_POINT('Origin',(8.68833626378274E-13,6.83254657741016E-14,
0.));
#6703=CARTESIAN_POINT('',(-15.8270309465377,-2.34629312264314,0.));
#6704=CARTESIAN_POINT('Origin',(8.68833626378274E-13,6.83254657741016E-14,
0.));
#6705=CARTESIAN_POINT('',(-15.8270309465377,-2.34629312264314,12.));
#6706=CARTESIAN_POINT('Origin',(8.68833626378274E-13,6.83254657741016E-14,
12.));
#6707=CARTESIAN_POINT('',(-15.8270309465377,-2.34629312264314,0.));
#6708=CARTESIAN_POINT('Origin',(-16.272166191909,-2.41228261671748,0.));
#6709=CARTESIAN_POINT('',(-16.7173014372804,-2.47827211079181,0.));
#6710=CARTESIAN_POINT('Origin',(-16.272166191909,-2.41228261671748,0.));
#6711=CARTESIAN_POINT('',(-16.7173014372804,-2.47827211079181,12.));
#6712=CARTESIAN_POINT('Origin',(-16.272166191909,-2.41228261671748,12.));
#6713=CARTESIAN_POINT('',(-16.7173014372804,-2.47827211079181,0.));
#6714=CARTESIAN_POINT('Origin',(8.6883362639047E-13,6.83254657755108E-14,
0.));
#6715=CARTESIAN_POINT('',(-15.1984147588173,7.39041195191371,0.));
#6716=CARTESIAN_POINT('Origin',(8.6883362639047E-13,6.83254657755108E-14,
0.));
#6717=CARTESIAN_POINT('',(-15.1984147588173,7.39041195191371,12.));
#6718=CARTESIAN_POINT('Origin',(8.6883362639047E-13,6.83254657755108E-14,
12.));
#6719=CARTESIAN_POINT('',(-15.1984147588173,7.39041195191371,0.));
#6720=CARTESIAN_POINT('Origin',(-14.0157851243562,8.61163557913944,0.));
#6721=CARTESIAN_POINT('',(-15.6132621838769,9.19307091028568,0.));
#6722=CARTESIAN_POINT('Origin',(-14.0157851243562,8.61163557913944,0.));
#6723=CARTESIAN_POINT('',(-15.6132621838769,9.19307091028568,12.));
#6724=CARTESIAN_POINT('Origin',(-14.0157851243562,8.61163557913944,12.));
#6725=CARTESIAN_POINT('',(-15.6132621838769,9.19307091028568,0.));
#6726=CARTESIAN_POINT('Origin',(-22.7540743393463,11.7921194884945,0.));
#6727=CARTESIAN_POINT('',(-15.1608450515277,12.0906504487036,0.));
#6728=CARTESIAN_POINT('Origin',(-22.7540743393463,11.7921194884945,0.));
#6729=CARTESIAN_POINT('',(-15.1608450515277,12.0906504487036,12.));
#6730=CARTESIAN_POINT('Origin',(-22.7540743393463,11.7921194884945,12.));
#6731=CARTESIAN_POINT('',(-15.1608450515277,12.0906504487036,0.));
#6732=CARTESIAN_POINT('Origin',(-6.66831052422686,12.4245379675635,0.));
#6733=CARTESIAN_POINT('Origin',(-6.66831052422686,12.4245379675635,0.));
#6734=CARTESIAN_POINT('Origin',(-6.66831052422686,12.4245379675635,12.));
#6735=CARTESIAN_POINT('Origin',(4.6944993566803,22.5158094633555,0.));
#6736=CARTESIAN_POINT('',(4.61285588960762,22.1242301683407,0.));
#6737=CARTESIAN_POINT('',(5.08535390371306,22.4307640457027,0.));
#6738=CARTESIAN_POINT('Origin',(4.6944993566803,22.5158094633555,0.));
#6739=CARTESIAN_POINT('',(4.61285588960762,22.1242301683407,12.));
#6740=CARTESIAN_POINT('',(4.61285588960762,22.1242301683407,0.));
#6741=CARTESIAN_POINT('',(5.08535390371306,22.4307640457027,12.));
#6742=CARTESIAN_POINT('Origin',(4.6944993566803,22.5158094633555,12.));
#6743=CARTESIAN_POINT('',(5.08535390371307,22.4307640457027,0.));
#6744=CARTESIAN_POINT('Origin',(4.6944993566803,22.5158094633555,0.));
#6745=CARTESIAN_POINT('',(4.42915808869405,21.2431767545572,0.));
#6746=CARTESIAN_POINT('',(5.95912497792208,22.2146084704977,0.));
#6747=CARTESIAN_POINT('Origin',(4.6944993566803,22.5158094633555,0.));
#6748=CARTESIAN_POINT('',(5.95912497792208,22.2146084704977,12.));
#6749=CARTESIAN_POINT('',(5.95912497792208,22.2146084704976,0.));
#6750=CARTESIAN_POINT('',(4.42915808869405,21.2431767545572,12.));
#6751=CARTESIAN_POINT('Origin',(4.6944993566803,22.5158094633555,12.));
#6752=CARTESIAN_POINT('',(4.42915808869405,21.2431767545572,0.));
#6753=CARTESIAN_POINT('Origin',(2.878116839554,13.8040556508881,0.));
#6754=CARTESIAN_POINT('',(-3.1305262640379,18.4562013714397,0.));
#6755=CARTESIAN_POINT('Origin',(2.878116839554,13.8040556508881,0.));
#6756=CARTESIAN_POINT('',(-3.1305262640379,18.4562013714397,12.));
#6757=CARTESIAN_POINT('Origin',(2.878116839554,13.8040556508881,12.));
#6758=CARTESIAN_POINT('',(-3.1305262640379,18.4562013714397,0.));
#6759=CARTESIAN_POINT('Origin',(-9.85080390682492,23.6593246619745,0.));
#6760=CARTESIAN_POINT('',(-5.60126118941427,16.2988891948604,0.));
#6761=CARTESIAN_POINT('Origin',(-9.85080390682492,23.6593246619745,0.));
#6762=CARTESIAN_POINT('',(-5.60126118941427,16.2988891948604,12.));
#6763=CARTESIAN_POINT('Origin',(-9.85080390682492,23.6593246619745,12.));
#6764=CARTESIAN_POINT('',(-5.60126118941427,16.2988891948604,0.));
#6765=CARTESIAN_POINT('Origin',(-5.20126166105611,15.6060685995305,0.));
#6766=CARTESIAN_POINT('',(-5.95996767772562,15.3523656624772,0.));
#6767=CARTESIAN_POINT('Origin',(-5.20126166105611,15.6060685995305,0.));
#6768=CARTESIAN_POINT('',(-5.95996767772562,15.3523656624772,12.));
#6769=CARTESIAN_POINT('Origin',(-5.20126166105611,15.6060685995305,12.));
#6770=CARTESIAN_POINT('',(-5.95996767772562,15.3523656624772,0.));
#6771=CARTESIAN_POINT('Origin',(-6.43415893814772,15.1938013268176,0.));
#6772=CARTESIAN_POINT('',(-6.23918442486907,14.7333831047894,0.));
#6773=CARTESIAN_POINT('Origin',(-6.43415893814772,15.1938013268176,0.));
#6774=CARTESIAN_POINT('',(-6.23918442486907,14.7333831047894,12.));
#6775=CARTESIAN_POINT('Origin',(-6.43415893814772,15.1938013268176,12.));
#6776=CARTESIAN_POINT('',(-6.23918442486907,14.7333831047894,0.));
#6777=CARTESIAN_POINT('Origin',(7.09483934307641E-13,-5.06135146535212E-13,
0.));
#6778=CARTESIAN_POINT('',(-13.632377255595,8.37605458203079,0.));
#6779=CARTESIAN_POINT('Origin',(7.09483934307641E-13,-5.06135146535212E-13,
0.));
#6780=CARTESIAN_POINT('',(-13.6323772555951,8.37605458203079,12.));
#6781=CARTESIAN_POINT('Origin',(7.09483934307641E-13,-5.06135146535212E-13,
12.));
#6782=CARTESIAN_POINT('',(-13.632377255595,8.37605458203079,0.));
#6783=CARTESIAN_POINT('Origin',(-14.0157878659086,8.6116311171504,0.));
#6784=CARTESIAN_POINT('',(-14.3991984762222,8.84720765227,0.));
#6785=CARTESIAN_POINT('Origin',(-14.0157878659086,8.6116311171504,0.));
#6786=CARTESIAN_POINT('',(-14.3991984762222,8.84720765227,12.));
#6787=CARTESIAN_POINT('Origin',(-14.0157878659086,8.6116311171504,12.));
#6788=CARTESIAN_POINT('',(-14.3991984762222,8.84720765227,0.));
#6789=CARTESIAN_POINT('Origin',(7.0948393431789E-13,-5.06135146541972E-13,
0.));
#6790=CARTESIAN_POINT('',(-6.89219593704004,15.4307367019684,0.));
#6791=CARTESIAN_POINT('Origin',(7.0948393431789E-13,-5.06135146541972E-13,
0.));
#6792=CARTESIAN_POINT('',(-6.89219593704004,15.4307367019684,12.));
#6793=CARTESIAN_POINT('Origin',(7.0948393431789E-13,-5.06135146541972E-13,
12.));
#6794=CARTESIAN_POINT('',(-6.89219593704004,15.4307367019684,0.));
#6795=CARTESIAN_POINT('Origin',(-5.20126166105611,15.6060685995305,0.));
#6796=CARTESIAN_POINT('',(-6.05126065881719,17.0783123646065,0.));
#6797=CARTESIAN_POINT('Origin',(-5.20126166105611,15.6060685995305,0.));
#6798=CARTESIAN_POINT('',(-6.05126065881719,17.0783123646065,12.));
#6799=CARTESIAN_POINT('Origin',(-5.20126166105611,15.6060685995305,12.));
#6800=CARTESIAN_POINT('',(-6.05126065881719,17.0783123646065,0.));
#6801=CARTESIAN_POINT('Origin',(-9.85080390682492,23.6593246619745,0.));
#6802=CARTESIAN_POINT('',(-3.84216080323301,19.0071789414229,0.));
#6803=CARTESIAN_POINT('Origin',(-9.85080390682492,23.6593246619745,0.));
#6804=CARTESIAN_POINT('',(-3.84216080323301,19.0071789414229,12.));
#6805=CARTESIAN_POINT('Origin',(-9.85080390682492,23.6593246619745,12.));
#6806=CARTESIAN_POINT('',(-3.84216080323301,19.0071789414229,0.));
#6807=CARTESIAN_POINT('Origin',(2.878116839554,13.8040556508881,0.));
#6808=CARTESIAN_POINT('Origin',(2.878116839554,13.8040556508881,0.));
#6809=CARTESIAN_POINT('Origin',(2.878116839554,13.8040556508881,12.));
#6810=CARTESIAN_POINT('Origin',(0.,0.,6.00000000000004));
#6811=CARTESIAN_POINT('',(18.3138243036128,13.9141596719457,0.));
#6812=CARTESIAN_POINT('Origin',(0.,0.,3.88578058618805E-14));
#6813=CARTESIAN_POINT('',(18.3138243036128,13.9141596719457,12.));
#6814=CARTESIAN_POINT('',(18.3138243036128,13.9141596719457,0.));
#6815=CARTESIAN_POINT('Origin',(0.,0.,12.));
#6816=CARTESIAN_POINT('Origin',(0.,0.,6.00000000000004));
#6817=CARTESIAN_POINT('Origin',(0.,0.,3.88578058618805E-14));
#6818=CARTESIAN_POINT('Origin',(0.,0.,12.));
#6819=CARTESIAN_POINT('Origin',(0.,0.,6.00000000000004));
#6820=CARTESIAN_POINT('Origin',(0.,0.,3.88578058618805E-14));
#6821=CARTESIAN_POINT('Origin',(0.,0.,12.));
#6822=CARTESIAN_POINT('Origin',(0.,0.,6.00000000000004));
#6823=CARTESIAN_POINT('Origin',(0.,0.,3.88578058618805E-14));
#6824=CARTESIAN_POINT('Origin',(0.,0.,12.));
#6825=CARTESIAN_POINT('Origin',(0.,0.,6.00000000000004));
#6826=CARTESIAN_POINT('Origin',(0.,0.,3.88578058618805E-14));
#6827=CARTESIAN_POINT('Origin',(0.,0.,12.));
#6828=CARTESIAN_POINT('Origin',(0.,0.,6.00000000000004));
#6829=CARTESIAN_POINT('Origin',(0.,0.,3.88578058618805E-14));
#6830=CARTESIAN_POINT('Origin',(0.,0.,12.));
#6831=CARTESIAN_POINT('Origin',(0.,0.,6.00000000000004));
#6832=CARTESIAN_POINT('Origin',(0.,0.,3.88578058618805E-14));
#6833=CARTESIAN_POINT('Origin',(0.,0.,12.));
#6834=CARTESIAN_POINT('Origin',(0.,0.,6.00000000000004));
#6835=CARTESIAN_POINT('',(18.8442296540622,13.1869256745066,12.));
#6836=CARTESIAN_POINT('Origin',(0.,0.,12.));
#6837=CARTESIAN_POINT('',(18.8442296540622,13.1869256745066,0.));
#6838=CARTESIAN_POINT('',(18.8442296540622,13.1869256745066,0.));
#6839=CARTESIAN_POINT('Origin',(0.,0.,3.88578058618805E-14));
#6840=CARTESIAN_POINT('Origin',(0.,0.,6.00000000000004));
#6841=CARTESIAN_POINT('Origin',(0.,0.,3.88578058618805E-14));
#6842=CARTESIAN_POINT('Origin',(0.,0.,12.));
#6843=CARTESIAN_POINT('Origin',(18.0690784905184,14.2305447015736,0.));
#6844=CARTESIAN_POINT('',(17.7548336472051,13.9830569676333,0.));
#6845=CARTESIAN_POINT('Origin',(18.0690784905184,14.2305447015736,0.));
#6846=CARTESIAN_POINT('',(17.7548336472051,13.9830569676333,12.));
#6847=CARTESIAN_POINT('',(17.7548336472051,13.9830569676333,0.));
#6848=CARTESIAN_POINT('Origin',(18.0690784905184,14.2305447015736,12.));
#6849=CARTESIAN_POINT('Origin',(18.0690784905184,14.2305447015736,0.));
#6850=CARTESIAN_POINT('',(17.0477827497501,13.4262095662674,0.));
#6851=CARTESIAN_POINT('Origin',(18.0690784905184,14.2305447015736,0.));
#6852=CARTESIAN_POINT('',(17.0477827497501,13.4262095662674,12.));
#6853=CARTESIAN_POINT('Origin',(18.0690784905184,14.2305447015736,12.));
#6854=CARTESIAN_POINT('',(17.0477827497501,13.4262095662674,0.));
#6855=CARTESIAN_POINT('Origin',(11.0778413474019,8.72450228017249,0.));
#6856=CARTESIAN_POINT('',(9.46529531483691,16.1505339959981,0.));
#6857=CARTESIAN_POINT('Origin',(11.0778413474019,8.72450228017249,0.));
#6858=CARTESIAN_POINT('',(9.46529531483691,16.1505339959981,12.));
#6859=CARTESIAN_POINT('Origin',(11.0778413474019,8.72450228017249,12.));
#6860=CARTESIAN_POINT('',(9.46529531483691,16.1505339959981,0.));
#6861=CARTESIAN_POINT('Origin',(7.66176715319039,24.4560688820121,0.));
#6862=CARTESIAN_POINT('',(6.1859090175013,16.0860947879084,0.));
#6863=CARTESIAN_POINT('Origin',(7.66176715319039,24.4560688820121,0.));
#6864=CARTESIAN_POINT('',(6.18590901750129,16.0860947879084,12.));
#6865=CARTESIAN_POINT('Origin',(7.66176715319039,24.4560688820121,12.));
#6866=CARTESIAN_POINT('',(6.1859090175013,16.0860947879084,0.));
#6867=CARTESIAN_POINT('Origin',(6.04698993903657,15.2982486800684,0.));
#6868=CARTESIAN_POINT('',(5.30271030652699,15.5915877818456,0.));
#6869=CARTESIAN_POINT('Origin',(6.04698993903657,15.2982486800684,0.));
#6870=CARTESIAN_POINT('',(5.30271030652699,15.5915877818456,12.));
#6871=CARTESIAN_POINT('Origin',(6.04698993903657,15.2982486800684,12.));
#6872=CARTESIAN_POINT('',(5.30271030652699,15.5915877818456,0.));
#6873=CARTESIAN_POINT('Origin',(4.83753553620492,15.7749247204577,0.));
#6874=CARTESIAN_POINT('',(4.69094355025823,15.2968966986221,0.));
#6875=CARTESIAN_POINT('Origin',(4.83753553620492,15.7749247204577,0.));
#6876=CARTESIAN_POINT('',(4.69094355025823,15.2968966986221,12.));
#6877=CARTESIAN_POINT('Origin',(4.83753553620492,15.7749247204577,12.));
#6878=CARTESIAN_POINT('',(4.69094355025823,15.2968966986221,0.));
#6879=CARTESIAN_POINT('Origin',(2.18158824338843E-13,-8.43769498715119E-13,
0.));
#6880=CARTESIAN_POINT('',(-5.05898273976257,15.179153258295,0.));
#6881=CARTESIAN_POINT('Origin',(2.18158824338843E-13,-8.43769498715119E-13,
0.));
#6882=CARTESIAN_POINT('',(-5.05898273976257,15.179153258295,12.));
#6883=CARTESIAN_POINT('Origin',(2.18158824338843E-13,-8.43769498715119E-13,
12.));
#6884=CARTESIAN_POINT('',(-5.05898273976257,15.179153258295,0.));
#6885=CARTESIAN_POINT('Origin',(-5.20126662931839,15.6060669436846,0.));
#6886=CARTESIAN_POINT('',(-5.3435505188742,16.0329806290741,0.));
#6887=CARTESIAN_POINT('Origin',(-5.20126662931839,15.6060669436846,0.));
#6888=CARTESIAN_POINT('',(-5.3435505188742,16.0329806290741,12.));
#6889=CARTESIAN_POINT('Origin',(-5.20126662931839,15.6060669436846,12.));
#6890=CARTESIAN_POINT('',(-5.3435505188742,16.0329806290741,0.));
#6891=CARTESIAN_POINT('Origin',(2.18158824342349E-13,-8.43769498726885E-13,
0.));
#6892=CARTESIAN_POINT('',(4.6389579619039,16.2508482556362,0.));
#6893=CARTESIAN_POINT('Origin',(2.18158824342349E-13,-8.43769498726885E-13,
0.));
#6894=CARTESIAN_POINT('',(4.6389579619039,16.2508482556362,12.));
#6895=CARTESIAN_POINT('Origin',(2.18158824342349E-13,-8.43769498726885E-13,
12.));
#6896=CARTESIAN_POINT('',(4.6389579619039,16.2508482556362,0.));
#6897=CARTESIAN_POINT('Origin',(6.04698993903657,15.2982486800684,0.));
#6898=CARTESIAN_POINT('',(6.34219298077411,16.9724216592283,0.));
#6899=CARTESIAN_POINT('Origin',(6.04698993903657,15.2982486800684,0.));
#6900=CARTESIAN_POINT('',(6.34219298077411,16.9724216592283,12.));
#6901=CARTESIAN_POINT('Origin',(6.04698993903657,15.2982486800684,12.));
#6902=CARTESIAN_POINT('',(6.34219298077411,16.9724216592283,0.));
#6903=CARTESIAN_POINT('Origin',(7.6617671531904,24.4560688820121,0.));
#6904=CARTESIAN_POINT('',(9.27431318575534,17.0300371661865,0.));
#6905=CARTESIAN_POINT('Origin',(7.6617671531904,24.4560688820121,0.));
#6906=CARTESIAN_POINT('',(9.27431318575534,17.0300371661865,12.));
#6907=CARTESIAN_POINT('Origin',(7.6617671531904,24.4560688820121,12.));
#6908=CARTESIAN_POINT('',(9.27431318575534,17.0300371661865,0.));
#6909=CARTESIAN_POINT('Origin',(11.0778413474018,8.72450228017249,0.));
#6910=CARTESIAN_POINT('Origin',(11.0778413474018,8.72450228017249,0.));
#6911=CARTESIAN_POINT('Origin',(11.0778413474018,8.72450228017249,12.));
#6912=CARTESIAN_POINT('Origin',(-3.71783580881432,-24.2426148023785,8.85000000000022));
#6913=CARTESIAN_POINT('',(-3.64598961739505,-23.7741326979602,11.4479184719831));
#6914=CARTESIAN_POINT('',(-3.64598961739509,-23.7741326979604,6.2520815280173));
#6915=CARTESIAN_POINT('',(-3.64598961739509,-23.7741326979604,6.2520815280173));
#6916=CARTESIAN_POINT('',(-3.78968200023359,-24.7110969067969,10.5000000000002));
#6917=CARTESIAN_POINT('',(-3.67599154022657,-23.9697639995929,11.2500000000001));
#6918=CARTESIAN_POINT('',(-3.78968200023359,-24.7110969067969,7.2000000000001));
#6919=CARTESIAN_POINT('',(-3.78968200023359,-24.7110969067969,8.85000000000017));
#6920=CARTESIAN_POINT('',(-3.71783580881434,-24.2426148023787,6.72604076400871));
#6921=CARTESIAN_POINT('Origin',(3.71783580881432,-24.2426148023785,8.85000000000022));
#6922=CARTESIAN_POINT('',(3.64598961739509,-23.7741326979604,6.2520815280173));
#6923=CARTESIAN_POINT('',(3.64598961739505,-23.7741326979602,11.4479184719831));
#6924=CARTESIAN_POINT('',(3.64598961739509,-23.7741326979604,6.2520815280173));
#6925=CARTESIAN_POINT('',(3.78968200023359,-24.7110969067969,7.2000000000001));
#6926=CARTESIAN_POINT('',(3.71783580881434,-24.2426148023787,6.72604076400871));
#6927=CARTESIAN_POINT('',(3.78968200023359,-24.7110969067969,10.5000000000002));
#6928=CARTESIAN_POINT('',(3.78968200023359,-24.7110969067969,8.85000000000017));
#6929=CARTESIAN_POINT('',(3.67599154022657,-23.9697639995929,11.2500000000001));
#6930=CARTESIAN_POINT('Origin',(-3.71783580881434,-24.2426148023787,3.15000000000023));
#6931=CARTESIAN_POINT('',(-3.78968200023359,-24.7110969067969,1.49999999999999));
#6932=CARTESIAN_POINT('',(-3.78968200023358,-24.7110969067969,4.80000000000015));
#6933=CARTESIAN_POINT('',(-3.78968200023358,-24.7110969067969,3.15000000000007));
#6934=CARTESIAN_POINT('',(-3.64598961739514,-23.7741326979607,0.552081528017494));
#6935=CARTESIAN_POINT('',(-3.67599154022658,-23.969763999593,0.750000000000016));
#6936=CARTESIAN_POINT('',(-3.6459896173951,-23.7741326979605,5.74791847198296));
#6937=CARTESIAN_POINT('',(-3.6459896173951,-23.7741326979605,5.74791847198296));
#6938=CARTESIAN_POINT('',(-3.71783580881434,-24.2426148023787,5.27395923599156));
#6939=CARTESIAN_POINT('Origin',(3.71783580881434,-24.2426148023787,3.15000000000023));
#6940=CARTESIAN_POINT('',(3.78968200023358,-24.7110969067969,4.80000000000015));
#6941=CARTESIAN_POINT('',(3.78968200023359,-24.7110969067969,1.49999999999999));
#6942=CARTESIAN_POINT('',(3.78968200023358,-24.7110969067969,3.15000000000007));
#6943=CARTESIAN_POINT('',(3.6459896173951,-23.7741326979605,5.74791847198296));
#6944=CARTESIAN_POINT('',(3.71783580881434,-24.2426148023787,5.27395923599156));
#6945=CARTESIAN_POINT('',(3.64598961739514,-23.7741326979607,0.552081528017494));
#6946=CARTESIAN_POINT('',(3.6459896173951,-23.7741326979605,5.74791847198296));
#6947=CARTESIAN_POINT('',(3.67599154022658,-23.969763999593,0.750000000000016));
#6948=CARTESIAN_POINT('Origin',(0.,0.,6.72604076400871));
#6949=CARTESIAN_POINT('Origin',(0.,0.,7.2000000000001));
#6950=CARTESIAN_POINT('',(-2.94553046561174E-15,24.0520815280172,6.2520815280173));
#6951=CARTESIAN_POINT('Origin',(0.,0.,6.2520815280173));
#6952=CARTESIAN_POINT('Origin',(0.,0.,6.2520815280173));
#6953=CARTESIAN_POINT('Origin',(0.,0.,8.85000000000017));
#6954=CARTESIAN_POINT('',(-3.06161699786839E-15,25.,10.5000000000002));
#6955=CARTESIAN_POINT('Origin',(0.,0.,10.5000000000002));
#6956=CARTESIAN_POINT('Origin',(0.,0.,10.5000000000002));
#6957=CARTESIAN_POINT('Origin',(0.,0.,11.2500000000001));
#6958=CARTESIAN_POINT('',(-2.87791997799626E-15,23.4999999999998,12.));
#6959=CARTESIAN_POINT('Origin',(0.,0.,12.));
#6960=CARTESIAN_POINT('',(-2.96976848793232E-15,24.2499999999999,11.2500000000001));
#6961=CARTESIAN_POINT('Origin',(0.,0.,11.447918471983));
#6962=CARTESIAN_POINT('Origin',(0.,-23.,12.));
#6963=CARTESIAN_POINT('Origin',(0.,-23.5,4.00880354061311E-14));
#6964=CARTESIAN_POINT('',(-2.87791997799628E-15,23.5,3.92741394961149E-14));
#6965=CARTESIAN_POINT('Origin',(0.,0.,3.99680288865056E-14));
#6966=CARTESIAN_POINT('Origin',(0.,0.,0.750000000000016));
#6967=CARTESIAN_POINT('',(-3.06161699786838E-15,25.,1.5));
#6968=CARTESIAN_POINT('Origin',(0.,0.,1.49999999999999));
#6969=CARTESIAN_POINT('',(-2.96976848793233E-15,24.25,0.750000000000016));
#6970=CARTESIAN_POINT('Origin',(0.,0.,1.49999999999999));
#6971=CARTESIAN_POINT('Origin',(0.,0.,0.552081528017355));
#6972=CARTESIAN_POINT('Origin',(0.,0.,3.15000000000007));
#6973=CARTESIAN_POINT('Origin',(0.,0.,4.80000000000015));
#6974=CARTESIAN_POINT('Origin',(0.,0.,5.27395923599156));
#6975=CARTESIAN_POINT('',(-2.94553046561174E-15,24.0520815280172,5.74791847198296));
#6976=CARTESIAN_POINT('Origin',(0.,0.,5.74791847198296));
#6977=CARTESIAN_POINT('Origin',(0.,0.,5.74791847198296));
#6978=CARTESIAN_POINT('Origin',(0.,0.,6.00000000000013));
#6979=CARTESIAN_POINT('',(-2.94553046561174E-15,24.0520815280172,6.00000000000013));
#6980=CARTESIAN_POINT('',(0.,0.,0.));
#6981=CARTESIAN_POINT('',(0.,0.,0.));
#6982=UNCERTAINTY_MEASURE_WITH_UNIT(LENGTH_MEASURE(0.01),#6990,
'DISTANCE_ACCURACY_VALUE',
'Maximum model space distance between geometric entities at asserted c
onnectivities');
#6983=UNCERTAINTY_MEASURE_WITH_UNIT(LENGTH_MEASURE(0.01),#6990,
'DISTANCE_ACCURACY_VALUE',
'Maximum model space distance between geometric entities at asserted c
onnectivities');
#6984=UNCERTAINTY_MEASURE_WITH_UNIT(LENGTH_MEASURE(0.01),#6990,
'DISTANCE_ACCURACY_VALUE',
'Maximum model space distance between geometric entities at asserted c
onnectivities');
#6985=UNCERTAINTY_MEASURE_WITH_UNIT(LENGTH_MEASURE(0.01),#6990,
'DISTANCE_ACCURACY_VALUE',
'Maximum model space distance between geometric entities at asserted c
onnectivities');
#6986=(
GEOMETRIC_REPRESENTATION_CONTEXT(3)
GLOBAL_UNCERTAINTY_ASSIGNED_CONTEXT((#6982))
GLOBAL_UNIT_ASSIGNED_CONTEXT((#6990,#6992,#6993))
REPRESENTATION_CONTEXT('','3D')
);
#6987=(
GEOMETRIC_REPRESENTATION_CONTEXT(3)
GLOBAL_UNCERTAINTY_ASSIGNED_CONTEXT((#6983))
GLOBAL_UNIT_ASSIGNED_CONTEXT((#6990,#6992,#6993))
REPRESENTATION_CONTEXT('','3D')
);
#6988=(
GEOMETRIC_REPRESENTATION_CONTEXT(3)
GLOBAL_UNCERTAINTY_ASSIGNED_CONTEXT((#6984))
GLOBAL_UNIT_ASSIGNED_CONTEXT((#6990,#6992,#6993))
REPRESENTATION_CONTEXT('','3D')
);
#6989=(
GEOMETRIC_REPRESENTATION_CONTEXT(3)
GLOBAL_UNCERTAINTY_ASSIGNED_CONTEXT((#6985))
GLOBAL_UNIT_ASSIGNED_CONTEXT((#6990,#6992,#6993))
REPRESENTATION_CONTEXT('','3D')
);
#6990=(
LENGTH_UNIT()
NAMED_UNIT(*)
SI_UNIT(.MILLI.,.METRE.)
);
#6991=(
LENGTH_UNIT()
NAMED_UNIT(*)
SI_UNIT($,.METRE.)
);
#6992=(
NAMED_UNIT(*)
PLANE_ANGLE_UNIT()
SI_UNIT($,.RADIAN.)
);
#6993=(
NAMED_UNIT(*)
SI_UNIT($,.STERADIAN.)
SOLID_ANGLE_UNIT()
);
#6994=SHAPE_DEFINITION_REPRESENTATION(#6997,#7002);
#6995=SHAPE_DEFINITION_REPRESENTATION(#6998,#7003);
#6996=SHAPE_DEFINITION_REPRESENTATION(#6999,#7004);
#6997=PRODUCT_DEFINITION_SHAPE('',$,#7006);
#6998=PRODUCT_DEFINITION_SHAPE('',$,#7007);
#6999=PRODUCT_DEFINITION_SHAPE('',$,#7008);
#7000=PRODUCT_DEFINITION_SHAPE($,$,#17);
#7001=PRODUCT_DEFINITION_SHAPE($,$,#18);
#7002=SHAPE_REPRESENTATION('',(#3824,#4395,#4396),#6986);
#7003=SHAPE_REPRESENTATION('',(#3825),#6987);
#7004=SHAPE_REPRESENTATION('',(#4016),#6988);
#7005=PRODUCT_DEFINITION_CONTEXT('part definition',#7016,'design');
#7006=PRODUCT_DEFINITION('stargate electrode','stargate electrode v8',#7009,
#7005);
#7007=PRODUCT_DEFINITION('Exterior','Exterior',#7010,#7005);
#7008=PRODUCT_DEFINITION('Interior','Interior',#7011,#7005);
#7009=PRODUCT_DEFINITION_FORMATION('',$,#7018);
#7010=PRODUCT_DEFINITION_FORMATION('',$,#7019);
#7011=PRODUCT_DEFINITION_FORMATION('',$,#7020);
#7012=PRODUCT_RELATED_PRODUCT_CATEGORY('stargate electrode v8',
'stargate electrode v8',(#7018));
#7013=PRODUCT_RELATED_PRODUCT_CATEGORY('Exterior','Exterior',(#7019));
#7014=PRODUCT_RELATED_PRODUCT_CATEGORY('Interior','Interior',(#7020));
#7015=APPLICATION_PROTOCOL_DEFINITION('international standard',
'automotive_design',2009,#7016);
#7016=APPLICATION_CONTEXT(
'Core Data for Automotive Mechanical Design Process');
#7017=PRODUCT_CONTEXT('part definition',#7016,'mechanical');
#7018=PRODUCT('stargate electrode','stargate electrode v8',$,(#7017));
#7019=PRODUCT('Exterior','Exterior',$,(#7017));
#7020=PRODUCT('Interior','Interior',$,(#7017));
#7021=PRESENTATION_STYLE_ASSIGNMENT((#7024));
#7022=PRESENTATION_STYLE_ASSIGNMENT((#7025));
#7023=PRESENTATION_STYLE_ASSIGNMENT((#7026));
#7024=SURFACE_STYLE_USAGE(.BOTH.,#7027);
#7025=SURFACE_STYLE_USAGE(.BOTH.,#7028);
#7026=SURFACE_STYLE_USAGE(.BOTH.,#7029);
#7027=SURFACE_SIDE_STYLE('',(#7030));
#7028=SURFACE_SIDE_STYLE('',(#7031));
#7029=SURFACE_SIDE_STYLE('',(#7032));
#7030=SURFACE_STYLE_FILL_AREA(#7033);
#7031=SURFACE_STYLE_FILL_AREA(#7034);
#7032=SURFACE_STYLE_FILL_AREA(#7035);
#7033=FILL_AREA_STYLE('Steel - Satin',(#7036));
#7034=FILL_AREA_STYLE('Plastic - Matte (Red)',(#7037));
#7035=FILL_AREA_STYLE('Paint - Enamel Glossy (Dark Grey)',(#7038));
#7036=FILL_AREA_STYLE_COLOUR('Steel - Satin',#7039);
#7037=FILL_AREA_STYLE_COLOUR('Plastic - Matte (Red)',#7040);
#7038=FILL_AREA_STYLE_COLOUR('Paint - Enamel Glossy (Dark Grey)',#7041);
#7039=COLOUR_RGB('Steel - Satin',0.627450980392157,0.627450980392157,0.627450980392157);
#7040=COLOUR_RGB('Plastic - Matte (Red)',0.768627450980392,0.207843137254902,
0.152941176470588);
#7041=COLOUR_RGB('Paint - Enamel Glossy (Dark Grey)',0.349019607843137,
0.349019607843137,0.349019607843137);
ENDSEC;
END-ISO-10303-21;
