ISO-10303-21;
HEADER;
/* Generated by software containing ST-Developer
 * from STEP Tools, Inc. (www.steptools.com) 
 */

FILE_DESCRIPTION(
/* description */ (''),
/* implementation_level */ '2;1');

FILE_NAME(
/* name */ 'omega rubber - as5311.step',
/* time_stamp */ '2026-01-22T17:52:08+01:00',
/* author */ (''),
/* organization */ (''),
/* preprocessor_version */ 'ST-DEVELOPER v20.1',
/* originating_system */ 'Autodesk Translation Framework v14.21.0.0',
/* authorisation */ '');

FILE_SCHEMA (('AUTOMOTIVE_DESIGN { 1 0 10303 214 3 1 1 }'));
ENDSEC;

DATA;
#10=MECHANICAL_DESIGN_GEOMETRIC_PRESENTATION_REPRESENTATION('',(#13),#4915);
#11=SHAPE_REPRESENTATION_RELATIONSHIP('SRR','None',#4922,#12);
#12=ADVANCED_BREP_SHAPE_REPRESENTATION('',(#14),#4914);
#13=STYLED_ITEM('',(#4931),#14);
#14=MANIFOLD_SOLID_BREP('omega clamp',#2987);
#15=FACE_BOUND('',#347,.T.);
#16=FACE_BOUND('',#361,.T.);
#17=FACE_BOUND('',#423,.T.);
#18=FACE_BOUND('',#457,.T.);
#19=B_SPLINE_CURVE_WITH_KNOTS('',3,(#4200,#4201,#4202,#4203),
 .UNSPECIFIED.,.F.,.F.,(4,4),(-0.107316553253361,0.),.UNSPECIFIED.);
#20=B_SPLINE_CURVE_WITH_KNOTS('',3,(#4208,#4209,#4210,#4211),
 .UNSPECIFIED.,.F.,.F.,(4,4),(0.,0.0694938565030347),.UNSPECIFIED.);
#21=B_SPLINE_CURVE_WITH_KNOTS('',3,(#4217,#4218,#4219,#4220),
 .UNSPECIFIED.,.F.,.F.,(4,4),(0.,0.0690053671778633),.UNSPECIFIED.);
#22=B_SPLINE_CURVE_WITH_KNOTS('',3,(#4226,#4227,#4228,#4229),
 .UNSPECIFIED.,.F.,.F.,(4,4),(0.,0.0838214465495556),.UNSPECIFIED.);
#23=B_SPLINE_CURVE_WITH_KNOTS('',3,(#4235,#4236,#4237,#4238),
 .UNSPECIFIED.,.F.,.F.,(4,4),(0.,0.0838214465495477),.UNSPECIFIED.);
#24=B_SPLINE_CURVE_WITH_KNOTS('',3,(#4244,#4245,#4246,#4247),
 .UNSPECIFIED.,.F.,.F.,(4,4),(0.,0.0690053671775824),.UNSPECIFIED.);
#25=B_SPLINE_CURVE_WITH_KNOTS('',3,(#4353,#4354,#4355,#4356),
 .UNSPECIFIED.,.F.,.F.,(4,4),(0.,0.0838214465495489),.UNSPECIFIED.);
#26=B_SPLINE_CURVE_WITH_KNOTS('',3,(#4359,#4360,#4361,#4362),
 .UNSPECIFIED.,.F.,.F.,(4,4),(0.,0.0690053930099796),.UNSPECIFIED.);
#27=B_SPLINE_CURVE_WITH_KNOTS('',3,(#4367,#4368,#4369,#4370),
 .UNSPECIFIED.,.F.,.F.,(4,4),(0.,0.0838214465495424),.UNSPECIFIED.);
#28=B_SPLINE_CURVE_WITH_KNOTS('',3,(#4376,#4377,#4378,#4379),
 .UNSPECIFIED.,.F.,.F.,(4,4),(0.,0.069005367177892),.UNSPECIFIED.);
#29=B_SPLINE_CURVE_WITH_KNOTS('',3,(#4467,#4468,#4469,#4470),
 .UNSPECIFIED.,.F.,.F.,(4,4),(-0.0568269129985513,0.),.UNSPECIFIED.);
#30=B_SPLINE_CURVE_WITH_KNOTS('',3,(#4476,#4477,#4478,#4479),
 .UNSPECIFIED.,.F.,.F.,(4,4),(-0.107316553253371,0.),.UNSPECIFIED.);
#31=B_SPLINE_CURVE_WITH_KNOTS('',3,(#4506,#4507,#4508,#4509),
 .UNSPECIFIED.,.F.,.F.,(4,4),(-0.107316553253348,0.),.UNSPECIFIED.);
#32=B_SPLINE_CURVE_WITH_KNOTS('',3,(#4513,#4514,#4515,#4516),
 .UNSPECIFIED.,.F.,.F.,(4,4),(-0.0568269129944958,0.),.UNSPECIFIED.);
#33=B_SPLINE_CURVE_WITH_KNOTS('',3,(#4539,#4540,#4541,#4542),
 .UNSPECIFIED.,.F.,.F.,(4,4),(0.,0.0838214465495521),.UNSPECIFIED.);
#34=B_SPLINE_CURVE_WITH_KNOTS('',3,(#4543,#4544,#4545,#4546),
 .UNSPECIFIED.,.F.,.F.,(4,4),(0.,0.0690053930098078),.UNSPECIFIED.);
#35=B_SPLINE_CURVE_WITH_KNOTS('',3,(#4551,#4552,#4553,#4554),
 .UNSPECIFIED.,.F.,.F.,(4,4),(0.,0.069005367177618),.UNSPECIFIED.);
#36=B_SPLINE_CURVE_WITH_KNOTS('',3,(#4555,#4556,#4557,#4558),
 .UNSPECIFIED.,.F.,.F.,(4,4),(0.,0.0838914001388212),.UNSPECIFIED.);
#37=B_SPLINE_CURVE_WITH_KNOTS('',3,(#4578,#4579,#4580,#4581),
 .UNSPECIFIED.,.F.,.F.,(4,4),(0.,0.0838914001388224),.UNSPECIFIED.);
#38=B_SPLINE_CURVE_WITH_KNOTS('',3,(#4584,#4585,#4586,#4587),
 .UNSPECIFIED.,.F.,.F.,(4,4),(0.,0.0690053671778495),.UNSPECIFIED.);
#39=B_SPLINE_CURVE_WITH_KNOTS('',3,(#4600,#4601,#4602,#4603),
 .UNSPECIFIED.,.F.,.F.,(4,4),(0.,0.069005367177354),.UNSPECIFIED.);
#40=B_SPLINE_CURVE_WITH_KNOTS('',3,(#4607,#4608,#4609,#4610),
 .UNSPECIFIED.,.F.,.F.,(4,4),(0.,0.0838214465495528),.UNSPECIFIED.);
#41=B_SPLINE_CURVE_WITH_KNOTS('',3,(#4616,#4617,#4618,#4619),
 .UNSPECIFIED.,.F.,.F.,(4,4),(0.,0.0694938565029752),.UNSPECIFIED.);
#42=B_SPLINE_CURVE_WITH_KNOTS('',3,(#4623,#4624,#4625,#4626),
 .UNSPECIFIED.,.F.,.F.,(4,4),(-0.107316553253374,0.),.UNSPECIFIED.);
#43=CYLINDRICAL_SURFACE('',#3015,2.);
#44=CYLINDRICAL_SURFACE('',#3018,0.200000000000002);
#45=CYLINDRICAL_SURFACE('',#3036,2.);
#46=CYLINDRICAL_SURFACE('',#3069,22.0088335261554);
#47=CYLINDRICAL_SURFACE('',#3072,16.5);
#48=CYLINDRICAL_SURFACE('',#3074,2.20000000000866);
#49=CYLINDRICAL_SURFACE('',#3076,16.5);
#50=CYLINDRICAL_SURFACE('',#3100,16.5);
#51=CYLINDRICAL_SURFACE('',#3102,2.20000000000866);
#52=CYLINDRICAL_SURFACE('',#3104,16.5);
#53=CYLINDRICAL_SURFACE('',#3114,22.0088335261554);
#54=CYLINDRICAL_SURFACE('',#3191,2.00000000000001);
#55=CYLINDRICAL_SURFACE('',#3200,0.200000000000002);
#56=CYLINDRICAL_SURFACE('',#3206,2.00000000000001);
#57=CONICAL_SURFACE('',#3007,1.9,0.785398163397445);
#58=CONICAL_SURFACE('',#3012,0.200000000000002,0.785398163397453);
#59=CONICAL_SURFACE('',#3023,1.9,0.785398163397445);
#60=CONICAL_SURFACE('',#3026,0.200000000000002,0.785398163397453);
#61=CONICAL_SURFACE('',#3029,1.9,0.785398163397445);
#62=CONICAL_SURFACE('',#3033,0.200000000000002,0.785398163397453);
#63=CONICAL_SURFACE('',#3040,1.9,0.785398163397445);
#64=CONICAL_SURFACE('',#3044,0.200000000000002,0.785398163397453);
#65=CONICAL_SURFACE('',#3052,21.8088335261554,0.78539816339745);
#66=CONICAL_SURFACE('',#3056,16.7,0.785398163397449);
#67=CONICAL_SURFACE('',#3059,2.40000000000866,0.785398163397448);
#68=CONICAL_SURFACE('',#3062,16.7,0.785398163397452);
#69=CONICAL_SURFACE('',#3084,16.7,0.785398163397452);
#70=CONICAL_SURFACE('',#3087,2.40000000000866,0.785398163397448);
#71=CONICAL_SURFACE('',#3090,16.7,0.785398163397449);
#72=CONICAL_SURFACE('',#3109,21.8088335261554,0.78539816339745);
#73=CONICAL_SURFACE('',#3118,21.8088335261554,0.78539816339745);
#74=CONICAL_SURFACE('',#3123,16.7,0.78539816339745);
#75=CONICAL_SURFACE('',#3125,16.7,0.785398163397452);
#76=CONICAL_SURFACE('',#3129,2.40000000000866,0.785398163397449);
#77=CONICAL_SURFACE('',#3134,16.7,0.78539816339745);
#78=CONICAL_SURFACE('',#3139,16.7,0.785398163397452);
#79=CONICAL_SURFACE('',#3141,2.40000000000866,0.785398163397449);
#80=CONICAL_SURFACE('',#3144,21.8088335261554,0.78539816339745);
#81=CIRCLE('',#3005,2.00000000000001);
#82=CIRCLE('',#3008,2.);
#83=CIRCLE('',#3009,1.8);
#84=CIRCLE('',#3013,0.200000000000002);
#85=CIRCLE('',#3016,2.);
#86=CIRCLE('',#3019,0.200000000000002);
#87=CIRCLE('',#3024,1.8);
#88=CIRCLE('',#3030,1.8);
#89=CIRCLE('',#3031,2.);
#90=CIRCLE('',#3034,0.200000000000002);
#91=CIRCLE('',#3037,2.);
#92=CIRCLE('',#3041,1.8);
#93=CIRCLE('',#3045,0.200000000000002);
#94=CIRCLE('',#3053,21.6088335261554);
#95=CIRCLE('',#3054,22.0088335261554);
#96=CIRCLE('',#3057,16.9);
#97=CIRCLE('',#3058,16.5);
#98=CIRCLE('',#3060,2.60000000000866);
#99=CIRCLE('',#3061,2.20000000000866);
#100=CIRCLE('',#3063,16.9);
#101=CIRCLE('',#3064,16.5);
#102=CIRCLE('',#3070,22.0088335261554);
#103=CIRCLE('',#3073,16.5);
#104=CIRCLE('',#3075,2.20000000000866);
#105=CIRCLE('',#3077,16.5);
#106=CIRCLE('',#3085,16.9);
#107=CIRCLE('',#3086,16.5);
#108=CIRCLE('',#3088,2.60000000000866);
#109=CIRCLE('',#3089,2.20000000000866);
#110=CIRCLE('',#3091,16.9);
#111=CIRCLE('',#3092,16.5);
#112=CIRCLE('',#3101,16.5);
#113=CIRCLE('',#3103,2.20000000000866);
#114=CIRCLE('',#3105,16.5);
#115=CIRCLE('',#3110,22.0088335261554);
#116=CIRCLE('',#3111,21.6088335261554);
#117=CIRCLE('',#3115,22.0088335261554);
#118=CIRCLE('',#3119,21.6088335261554);
#119=CIRCLE('',#3124,16.9);
#120=CIRCLE('',#3126,16.9);
#121=CIRCLE('',#3130,2.60000000000866);
#122=CIRCLE('',#3135,16.9);
#123=CIRCLE('',#3140,16.9);
#124=CIRCLE('',#3142,2.60000000000866);
#125=CIRCLE('',#3145,21.6088335261554);
#126=CIRCLE('',#3189,2.00000000000001);
#127=CIRCLE('',#3204,2.00000000000001);
#128=CIRCLE('',#3207,2.00000000000001);
#129=FACE_OUTER_BOUND('',#293,.T.);
#130=FACE_OUTER_BOUND('',#294,.T.);
#131=FACE_OUTER_BOUND('',#295,.T.);
#132=FACE_OUTER_BOUND('',#296,.T.);
#133=FACE_OUTER_BOUND('',#297,.T.);
#134=FACE_OUTER_BOUND('',#298,.T.);
#135=FACE_OUTER_BOUND('',#299,.T.);
#136=FACE_OUTER_BOUND('',#300,.T.);
#137=FACE_OUTER_BOUND('',#301,.T.);
#138=FACE_OUTER_BOUND('',#302,.T.);
#139=FACE_OUTER_BOUND('',#303,.T.);
#140=FACE_OUTER_BOUND('',#304,.T.);
#141=FACE_OUTER_BOUND('',#305,.T.);
#142=FACE_OUTER_BOUND('',#306,.T.);
#143=FACE_OUTER_BOUND('',#307,.T.);
#144=FACE_OUTER_BOUND('',#308,.T.);
#145=FACE_OUTER_BOUND('',#309,.T.);
#146=FACE_OUTER_BOUND('',#310,.T.);
#147=FACE_OUTER_BOUND('',#311,.T.);
#148=FACE_OUTER_BOUND('',#312,.T.);
#149=FACE_OUTER_BOUND('',#313,.T.);
#150=FACE_OUTER_BOUND('',#314,.T.);
#151=FACE_OUTER_BOUND('',#315,.T.);
#152=FACE_OUTER_BOUND('',#316,.T.);
#153=FACE_OUTER_BOUND('',#317,.T.);
#154=FACE_OUTER_BOUND('',#318,.T.);
#155=FACE_OUTER_BOUND('',#319,.T.);
#156=FACE_OUTER_BOUND('',#320,.T.);
#157=FACE_OUTER_BOUND('',#321,.T.);
#158=FACE_OUTER_BOUND('',#322,.T.);
#159=FACE_OUTER_BOUND('',#323,.T.);
#160=FACE_OUTER_BOUND('',#324,.T.);
#161=FACE_OUTER_BOUND('',#325,.T.);
#162=FACE_OUTER_BOUND('',#326,.T.);
#163=FACE_OUTER_BOUND('',#327,.T.);
#164=FACE_OUTER_BOUND('',#328,.T.);
#165=FACE_OUTER_BOUND('',#329,.T.);
#166=FACE_OUTER_BOUND('',#330,.T.);
#167=FACE_OUTER_BOUND('',#331,.T.);
#168=FACE_OUTER_BOUND('',#332,.T.);
#169=FACE_OUTER_BOUND('',#333,.T.);
#170=FACE_OUTER_BOUND('',#334,.T.);
#171=FACE_OUTER_BOUND('',#335,.T.);
#172=FACE_OUTER_BOUND('',#336,.T.);
#173=FACE_OUTER_BOUND('',#337,.T.);
#174=FACE_OUTER_BOUND('',#338,.T.);
#175=FACE_OUTER_BOUND('',#339,.T.);
#176=FACE_OUTER_BOUND('',#340,.T.);
#177=FACE_OUTER_BOUND('',#341,.T.);
#178=FACE_OUTER_BOUND('',#342,.T.);
#179=FACE_OUTER_BOUND('',#343,.T.);
#180=FACE_OUTER_BOUND('',#344,.T.);
#181=FACE_OUTER_BOUND('',#345,.T.);
#182=FACE_OUTER_BOUND('',#346,.T.);
#183=FACE_OUTER_BOUND('',#348,.T.);
#184=FACE_OUTER_BOUND('',#349,.T.);
#185=FACE_OUTER_BOUND('',#350,.T.);
#186=FACE_OUTER_BOUND('',#351,.T.);
#187=FACE_OUTER_BOUND('',#352,.T.);
#188=FACE_OUTER_BOUND('',#353,.T.);
#189=FACE_OUTER_BOUND('',#354,.T.);
#190=FACE_OUTER_BOUND('',#355,.T.);
#191=FACE_OUTER_BOUND('',#356,.T.);
#192=FACE_OUTER_BOUND('',#357,.T.);
#193=FACE_OUTER_BOUND('',#358,.T.);
#194=FACE_OUTER_BOUND('',#359,.T.);
#195=FACE_OUTER_BOUND('',#360,.T.);
#196=FACE_OUTER_BOUND('',#362,.T.);
#197=FACE_OUTER_BOUND('',#363,.T.);
#198=FACE_OUTER_BOUND('',#364,.T.);
#199=FACE_OUTER_BOUND('',#365,.T.);
#200=FACE_OUTER_BOUND('',#366,.T.);
#201=FACE_OUTER_BOUND('',#367,.T.);
#202=FACE_OUTER_BOUND('',#368,.T.);
#203=FACE_OUTER_BOUND('',#369,.T.);
#204=FACE_OUTER_BOUND('',#370,.T.);
#205=FACE_OUTER_BOUND('',#371,.T.);
#206=FACE_OUTER_BOUND('',#372,.T.);
#207=FACE_OUTER_BOUND('',#373,.T.);
#208=FACE_OUTER_BOUND('',#374,.T.);
#209=FACE_OUTER_BOUND('',#375,.T.);
#210=FACE_OUTER_BOUND('',#376,.T.);
#211=FACE_OUTER_BOUND('',#377,.T.);
#212=FACE_OUTER_BOUND('',#378,.T.);
#213=FACE_OUTER_BOUND('',#379,.T.);
#214=FACE_OUTER_BOUND('',#380,.T.);
#215=FACE_OUTER_BOUND('',#381,.T.);
#216=FACE_OUTER_BOUND('',#382,.T.);
#217=FACE_OUTER_BOUND('',#383,.T.);
#218=FACE_OUTER_BOUND('',#384,.T.);
#219=FACE_OUTER_BOUND('',#385,.T.);
#220=FACE_OUTER_BOUND('',#386,.T.);
#221=FACE_OUTER_BOUND('',#387,.T.);
#222=FACE_OUTER_BOUND('',#388,.T.);
#223=FACE_OUTER_BOUND('',#389,.T.);
#224=FACE_OUTER_BOUND('',#390,.T.);
#225=FACE_OUTER_BOUND('',#391,.T.);
#226=FACE_OUTER_BOUND('',#392,.T.);
#227=FACE_OUTER_BOUND('',#393,.T.);
#228=FACE_OUTER_BOUND('',#394,.T.);
#229=FACE_OUTER_BOUND('',#395,.T.);
#230=FACE_OUTER_BOUND('',#396,.T.);
#231=FACE_OUTER_BOUND('',#397,.T.);
#232=FACE_OUTER_BOUND('',#398,.T.);
#233=FACE_OUTER_BOUND('',#399,.T.);
#234=FACE_OUTER_BOUND('',#400,.T.);
#235=FACE_OUTER_BOUND('',#401,.T.);
#236=FACE_OUTER_BOUND('',#402,.T.);
#237=FACE_OUTER_BOUND('',#403,.T.);
#238=FACE_OUTER_BOUND('',#404,.T.);
#239=FACE_OUTER_BOUND('',#405,.T.);
#240=FACE_OUTER_BOUND('',#406,.T.);
#241=FACE_OUTER_BOUND('',#407,.T.);
#242=FACE_OUTER_BOUND('',#408,.T.);
#243=FACE_OUTER_BOUND('',#409,.T.);
#244=FACE_OUTER_BOUND('',#410,.T.);
#245=FACE_OUTER_BOUND('',#411,.T.);
#246=FACE_OUTER_BOUND('',#412,.T.);
#247=FACE_OUTER_BOUND('',#413,.T.);
#248=FACE_OUTER_BOUND('',#414,.T.);
#249=FACE_OUTER_BOUND('',#415,.T.);
#250=FACE_OUTER_BOUND('',#416,.T.);
#251=FACE_OUTER_BOUND('',#417,.T.);
#252=FACE_OUTER_BOUND('',#418,.T.);
#253=FACE_OUTER_BOUND('',#419,.T.);
#254=FACE_OUTER_BOUND('',#420,.T.);
#255=FACE_OUTER_BOUND('',#421,.T.);
#256=FACE_OUTER_BOUND('',#422,.T.);
#257=FACE_OUTER_BOUND('',#424,.T.);
#258=FACE_OUTER_BOUND('',#425,.T.);
#259=FACE_OUTER_BOUND('',#426,.T.);
#260=FACE_OUTER_BOUND('',#427,.T.);
#261=FACE_OUTER_BOUND('',#428,.T.);
#262=FACE_OUTER_BOUND('',#429,.T.);
#263=FACE_OUTER_BOUND('',#430,.T.);
#264=FACE_OUTER_BOUND('',#431,.T.);
#265=FACE_OUTER_BOUND('',#432,.T.);
#266=FACE_OUTER_BOUND('',#433,.T.);
#267=FACE_OUTER_BOUND('',#434,.T.);
#268=FACE_OUTER_BOUND('',#435,.T.);
#269=FACE_OUTER_BOUND('',#436,.T.);
#270=FACE_OUTER_BOUND('',#437,.T.);
#271=FACE_OUTER_BOUND('',#438,.T.);
#272=FACE_OUTER_BOUND('',#439,.T.);
#273=FACE_OUTER_BOUND('',#440,.T.);
#274=FACE_OUTER_BOUND('',#441,.T.);
#275=FACE_OUTER_BOUND('',#442,.T.);
#276=FACE_OUTER_BOUND('',#443,.T.);
#277=FACE_OUTER_BOUND('',#444,.T.);
#278=FACE_OUTER_BOUND('',#445,.T.);
#279=FACE_OUTER_BOUND('',#446,.T.);
#280=FACE_OUTER_BOUND('',#447,.T.);
#281=FACE_OUTER_BOUND('',#448,.T.);
#282=FACE_OUTER_BOUND('',#449,.T.);
#283=FACE_OUTER_BOUND('',#450,.T.);
#284=FACE_OUTER_BOUND('',#451,.T.);
#285=FACE_OUTER_BOUND('',#452,.T.);
#286=FACE_OUTER_BOUND('',#453,.T.);
#287=FACE_OUTER_BOUND('',#454,.T.);
#288=FACE_OUTER_BOUND('',#455,.T.);
#289=FACE_OUTER_BOUND('',#456,.T.);
#290=FACE_OUTER_BOUND('',#458,.T.);
#291=FACE_OUTER_BOUND('',#459,.T.);
#292=FACE_OUTER_BOUND('',#460,.T.);
#293=EDGE_LOOP('',(#1849,#1850,#1851,#1852));
#294=EDGE_LOOP('',(#1853,#1854,#1855,#1856));
#295=EDGE_LOOP('',(#1857,#1858,#1859,#1860));
#296=EDGE_LOOP('',(#1861,#1862,#1863,#1864,#1865));
#297=EDGE_LOOP('',(#1866,#1867,#1868,#1869));
#298=EDGE_LOOP('',(#1870,#1871,#1872,#1873));
#299=EDGE_LOOP('',(#1874,#1875,#1876,#1877));
#300=EDGE_LOOP('',(#1878,#1879,#1880,#1881));
#301=EDGE_LOOP('',(#1882,#1883,#1884));
#302=EDGE_LOOP('',(#1885,#1886,#1887,#1888));
#303=EDGE_LOOP('',(#1889,#1890,#1891,#1892));
#304=EDGE_LOOP('',(#1893,#1894,#1895,#1896));
#305=EDGE_LOOP('',(#1897,#1898,#1899,#1900));
#306=EDGE_LOOP('',(#1901,#1902,#1903,#1904));
#307=EDGE_LOOP('',(#1905,#1906,#1907,#1908));
#308=EDGE_LOOP('',(#1909,#1910,#1911,#1912));
#309=EDGE_LOOP('',(#1913,#1914,#1915,#1916));
#310=EDGE_LOOP('',(#1917,#1918,#1919,#1920));
#311=EDGE_LOOP('',(#1921,#1922,#1923));
#312=EDGE_LOOP('',(#1924,#1925,#1926,#1927));
#313=EDGE_LOOP('',(#1928,#1929,#1930,#1931));
#314=EDGE_LOOP('',(#1932,#1933,#1934,#1935));
#315=EDGE_LOOP('',(#1936,#1937,#1938,#1939));
#316=EDGE_LOOP('',(#1940,#1941,#1942));
#317=EDGE_LOOP('',(#1943,#1944,#1945,#1946));
#318=EDGE_LOOP('',(#1947,#1948,#1949,#1950));
#319=EDGE_LOOP('',(#1951,#1952,#1953,#1954));
#320=EDGE_LOOP('',(#1955,#1956,#1957,#1958));
#321=EDGE_LOOP('',(#1959,#1960,#1961,#1962));
#322=EDGE_LOOP('',(#1963,#1964,#1965,#1966));
#323=EDGE_LOOP('',(#1967,#1968,#1969,#1970));
#324=EDGE_LOOP('',(#1971,#1972,#1973));
#325=EDGE_LOOP('',(#1974,#1975,#1976,#1977,#1978));
#326=EDGE_LOOP('',(#1979,#1980,#1981,#1982));
#327=EDGE_LOOP('',(#1983,#1984,#1985,#1986));
#328=EDGE_LOOP('',(#1987,#1988,#1989,#1990,#1991,#1992));
#329=EDGE_LOOP('',(#1993,#1994,#1995,#1996));
#330=EDGE_LOOP('',(#1997,#1998,#1999,#2000));
#331=EDGE_LOOP('',(#2001,#2002,#2003,#2004));
#332=EDGE_LOOP('',(#2005,#2006,#2007,#2008));
#333=EDGE_LOOP('',(#2009,#2010,#2011,#2012));
#334=EDGE_LOOP('',(#2013,#2014,#2015,#2016));
#335=EDGE_LOOP('',(#2017,#2018,#2019,#2020));
#336=EDGE_LOOP('',(#2021,#2022,#2023,#2024));
#337=EDGE_LOOP('',(#2025,#2026,#2027,#2028));
#338=EDGE_LOOP('',(#2029,#2030,#2031,#2032));
#339=EDGE_LOOP('',(#2033,#2034,#2035,#2036));
#340=EDGE_LOOP('',(#2037,#2038,#2039,#2040,#2041,#2042));
#341=EDGE_LOOP('',(#2043,#2044,#2045,#2046,#2047,#2048,#2049,#2050));
#342=EDGE_LOOP('',(#2051,#2052,#2053,#2054));
#343=EDGE_LOOP('',(#2055,#2056,#2057,#2058));
#344=EDGE_LOOP('',(#2059,#2060,#2061,#2062));
#345=EDGE_LOOP('',(#2063,#2064,#2065,#2066));
#346=EDGE_LOOP('',(#2067,#2068,#2069,#2070,#2071,#2072));
#347=EDGE_LOOP('',(#2073,#2074,#2075,#2076,#2077,#2078,#2079,#2080));
#348=EDGE_LOOP('',(#2081,#2082,#2083,#2084,#2085));
#349=EDGE_LOOP('',(#2086,#2087,#2088,#2089,#2090,#2091,#2092,#2093,#2094,
#2095));
#350=EDGE_LOOP('',(#2096,#2097,#2098,#2099));
#351=EDGE_LOOP('',(#2100,#2101,#2102,#2103));
#352=EDGE_LOOP('',(#2104,#2105,#2106,#2107));
#353=EDGE_LOOP('',(#2108,#2109,#2110,#2111));
#354=EDGE_LOOP('',(#2112,#2113,#2114,#2115));
#355=EDGE_LOOP('',(#2116,#2117,#2118,#2119));
#356=EDGE_LOOP('',(#2120,#2121,#2122,#2123));
#357=EDGE_LOOP('',(#2124,#2125,#2126,#2127));
#358=EDGE_LOOP('',(#2128,#2129,#2130,#2131,#2132,#2133,#2134,#2135,#2136,
#2137,#2138,#2139));
#359=EDGE_LOOP('',(#2140,#2141,#2142,#2143,#2144));
#360=EDGE_LOOP('',(#2145,#2146,#2147,#2148,#2149,#2150));
#361=EDGE_LOOP('',(#2151,#2152,#2153,#2154,#2155,#2156,#2157,#2158));
#362=EDGE_LOOP('',(#2159,#2160,#2161,#2162));
#363=EDGE_LOOP('',(#2163,#2164,#2165,#2166));
#364=EDGE_LOOP('',(#2167,#2168,#2169,#2170));
#365=EDGE_LOOP('',(#2171,#2172,#2173,#2174));
#366=EDGE_LOOP('',(#2175,#2176,#2177,#2178,#2179,#2180,#2181,#2182));
#367=EDGE_LOOP('',(#2183,#2184,#2185,#2186));
#368=EDGE_LOOP('',(#2187,#2188,#2189,#2190));
#369=EDGE_LOOP('',(#2191,#2192,#2193,#2194));
#370=EDGE_LOOP('',(#2195,#2196,#2197,#2198));
#371=EDGE_LOOP('',(#2199,#2200,#2201,#2202));
#372=EDGE_LOOP('',(#2203,#2204,#2205,#2206,#2207,#2208));
#373=EDGE_LOOP('',(#2209,#2210,#2211,#2212));
#374=EDGE_LOOP('',(#2213,#2214,#2215,#2216));
#375=EDGE_LOOP('',(#2217,#2218,#2219,#2220));
#376=EDGE_LOOP('',(#2221,#2222,#2223,#2224));
#377=EDGE_LOOP('',(#2225,#2226,#2227,#2228));
#378=EDGE_LOOP('',(#2229,#2230,#2231,#2232));
#379=EDGE_LOOP('',(#2233,#2234,#2235,#2236));
#380=EDGE_LOOP('',(#2237,#2238,#2239,#2240));
#381=EDGE_LOOP('',(#2241,#2242,#2243,#2244));
#382=EDGE_LOOP('',(#2245,#2246,#2247,#2248));
#383=EDGE_LOOP('',(#2249,#2250,#2251,#2252));
#384=EDGE_LOOP('',(#2253,#2254,#2255,#2256));
#385=EDGE_LOOP('',(#2257,#2258,#2259,#2260));
#386=EDGE_LOOP('',(#2261,#2262,#2263,#2264,#2265));
#387=EDGE_LOOP('',(#2266,#2267,#2268,#2269));
#388=EDGE_LOOP('',(#2270,#2271,#2272,#2273));
#389=EDGE_LOOP('',(#2274,#2275,#2276,#2277));
#390=EDGE_LOOP('',(#2278,#2279,#2280,#2281));
#391=EDGE_LOOP('',(#2282,#2283,#2284,#2285));
#392=EDGE_LOOP('',(#2286,#2287,#2288,#2289));
#393=EDGE_LOOP('',(#2290,#2291,#2292,#2293));
#394=EDGE_LOOP('',(#2294,#2295,#2296,#2297));
#395=EDGE_LOOP('',(#2298,#2299,#2300,#2301));
#396=EDGE_LOOP('',(#2302,#2303,#2304,#2305,#2306));
#397=EDGE_LOOP('',(#2307,#2308,#2309,#2310));
#398=EDGE_LOOP('',(#2311,#2312,#2313,#2314));
#399=EDGE_LOOP('',(#2315,#2316,#2317,#2318,#2319,#2320,#2321,#2322,#2323));
#400=EDGE_LOOP('',(#2324,#2325,#2326,#2327));
#401=EDGE_LOOP('',(#2328,#2329,#2330,#2331));
#402=EDGE_LOOP('',(#2332,#2333,#2334,#2335));
#403=EDGE_LOOP('',(#2336,#2337,#2338,#2339));
#404=EDGE_LOOP('',(#2340,#2341,#2342,#2343));
#405=EDGE_LOOP('',(#2344,#2345,#2346,#2347));
#406=EDGE_LOOP('',(#2348,#2349,#2350,#2351));
#407=EDGE_LOOP('',(#2352,#2353,#2354,#2355,#2356));
#408=EDGE_LOOP('',(#2357,#2358,#2359,#2360));
#409=EDGE_LOOP('',(#2361,#2362,#2363,#2364,#2365,#2366,#2367,#2368));
#410=EDGE_LOOP('',(#2369,#2370,#2371,#2372));
#411=EDGE_LOOP('',(#2373,#2374,#2375,#2376));
#412=EDGE_LOOP('',(#2377,#2378,#2379,#2380));
#413=EDGE_LOOP('',(#2381,#2382,#2383,#2384));
#414=EDGE_LOOP('',(#2385,#2386,#2387,#2388,#2389,#2390,#2391,#2392));
#415=EDGE_LOOP('',(#2393,#2394,#2395,#2396,#2397));
#416=EDGE_LOOP('',(#2398,#2399,#2400,#2401));
#417=EDGE_LOOP('',(#2402,#2403,#2404,#2405));
#418=EDGE_LOOP('',(#2406,#2407,#2408,#2409));
#419=EDGE_LOOP('',(#2410,#2411,#2412,#2413));
#420=EDGE_LOOP('',(#2414,#2415,#2416,#2417));
#421=EDGE_LOOP('',(#2418,#2419,#2420,#2421,#2422,#2423));
#422=EDGE_LOOP('',(#2424,#2425,#2426,#2427,#2428,#2429,#2430,#2431,#2432,
#2433,#2434));
#423=EDGE_LOOP('',(#2435,#2436,#2437,#2438));
#424=EDGE_LOOP('',(#2439,#2440,#2441,#2442));
#425=EDGE_LOOP('',(#2443,#2444,#2445,#2446));
#426=EDGE_LOOP('',(#2447,#2448,#2449,#2450,#2451,#2452));
#427=EDGE_LOOP('',(#2453,#2454,#2455,#2456));
#428=EDGE_LOOP('',(#2457,#2458,#2459,#2460));
#429=EDGE_LOOP('',(#2461,#2462,#2463,#2464,#2465,#2466));
#430=EDGE_LOOP('',(#2467,#2468,#2469,#2470));
#431=EDGE_LOOP('',(#2471,#2472,#2473,#2474));
#432=EDGE_LOOP('',(#2475,#2476,#2477,#2478,#2479,#2480,#2481));
#433=EDGE_LOOP('',(#2482,#2483,#2484,#2485,#2486,#2487,#2488));
#434=EDGE_LOOP('',(#2489,#2490,#2491,#2492));
#435=EDGE_LOOP('',(#2493,#2494,#2495,#2496,#2497,#2498,#2499,#2500));
#436=EDGE_LOOP('',(#2501,#2502,#2503,#2504,#2505));
#437=EDGE_LOOP('',(#2506,#2507,#2508,#2509,#2510));
#438=EDGE_LOOP('',(#2511,#2512,#2513,#2514,#2515));
#439=EDGE_LOOP('',(#2516,#2517,#2518,#2519));
#440=EDGE_LOOP('',(#2520,#2521,#2522,#2523));
#441=EDGE_LOOP('',(#2524,#2525,#2526,#2527,#2528,#2529));
#442=EDGE_LOOP('',(#2530,#2531,#2532,#2533,#2534,#2535));
#443=EDGE_LOOP('',(#2536,#2537,#2538,#2539));
#444=EDGE_LOOP('',(#2540,#2541,#2542,#2543,#2544,#2545));
#445=EDGE_LOOP('',(#2546,#2547,#2548,#2549,#2550,#2551,#2552,#2553,#2554,
#2555,#2556,#2557,#2558,#2559));
#446=EDGE_LOOP('',(#2560,#2561,#2562,#2563,#2564,#2565,#2566));
#447=EDGE_LOOP('',(#2567,#2568,#2569,#2570,#2571,#2572));
#448=EDGE_LOOP('',(#2573,#2574,#2575,#2576));
#449=EDGE_LOOP('',(#2577,#2578,#2579,#2580));
#450=EDGE_LOOP('',(#2581,#2582,#2583,#2584));
#451=EDGE_LOOP('',(#2585,#2586,#2587,#2588,#2589));
#452=EDGE_LOOP('',(#2590,#2591,#2592,#2593,#2594));
#453=EDGE_LOOP('',(#2595,#2596,#2597,#2598));
#454=EDGE_LOOP('',(#2599,#2600,#2601,#2602));
#455=EDGE_LOOP('',(#2603,#2604,#2605,#2606,#2607));
#456=EDGE_LOOP('',(#2608,#2609,#2610,#2611,#2612,#2613,#2614,#2615,#2616,
#2617));
#457=EDGE_LOOP('',(#2618,#2619,#2620));
#458=EDGE_LOOP('',(#2621,#2622,#2623,#2624,#2625,#2626));
#459=EDGE_LOOP('',(#2627,#2628,#2629,#2630,#2631,#2632,#2633,#2634,#2635,
#2636,#2637,#2638,#2639,#2640,#2641,#2642,#2643,#2644,#2645,#2646,#2647,
#2648,#2649,#2650,#2651,#2652,#2653,#2654,#2655,#2656,#2657,#2658,#2659,
#2660,#2661,#2662,#2663));
#460=EDGE_LOOP('',(#2664,#2665,#2666,#2667,#2668,#2669,#2670,#2671,#2672,
#2673,#2674,#2675,#2676,#2677,#2678,#2679,#2680,#2681,#2682,#2683,#2684,
#2685,#2686,#2687,#2688,#2689,#2690,#2691,#2692,#2693,#2694,#2695,#2696));
#461=LINE('',#3995,#813);
#462=LINE('',#3997,#814);
#463=LINE('',#3999,#815);
#464=LINE('',#4000,#816);
#465=LINE('',#4003,#817);
#466=LINE('',#4005,#818);
#467=LINE('',#4006,#819);
#468=LINE('',#4009,#820);
#469=LINE('',#4011,#821);
#470=LINE('',#4012,#822);
#471=LINE('',#4015,#823);
#472=LINE('',#4017,#824);
#473=LINE('',#4020,#825);
#474=LINE('',#4024,#826);
#475=LINE('',#4026,#827);
#476=LINE('',#4028,#828);
#477=LINE('',#4029,#829);
#478=LINE('',#4033,#830);
#479=LINE('',#4039,#831);
#480=LINE('',#4040,#832);
#481=LINE('',#4041,#833);
#482=LINE('',#4045,#834);
#483=LINE('',#4047,#835);
#484=LINE('',#4048,#836);
#485=LINE('',#4049,#837);
#486=LINE('',#4054,#838);
#487=LINE('',#4056,#839);
#488=LINE('',#4057,#840);
#489=LINE('',#4060,#841);
#490=LINE('',#4064,#842);
#491=LINE('',#4065,#843);
#492=LINE('',#4068,#844);
#493=LINE('',#4072,#845);
#494=LINE('',#4073,#846);
#495=LINE('',#4076,#847);
#496=LINE('',#4078,#848);
#497=LINE('',#4079,#849);
#498=LINE('',#4082,#850);
#499=LINE('',#4083,#851);
#500=LINE('',#4084,#852);
#501=LINE('',#4087,#853);
#502=LINE('',#4091,#854);
#503=LINE('',#4092,#855);
#504=LINE('',#4097,#856);
#505=LINE('',#4099,#857);
#506=LINE('',#4101,#858);
#507=LINE('',#4102,#859);
#508=LINE('',#4106,#860);
#509=LINE('',#4107,#861);
#510=LINE('',#4109,#862);
#511=LINE('',#4110,#863);
#512=LINE('',#4114,#864);
#513=LINE('',#4120,#865);
#514=LINE('',#4121,#866);
#515=LINE('',#4122,#867);
#516=LINE('',#4127,#868);
#517=LINE('',#4129,#869);
#518=LINE('',#4130,#870);
#519=LINE('',#4133,#871);
#520=LINE('',#4137,#872);
#521=LINE('',#4138,#873);
#522=LINE('',#4141,#874);
#523=LINE('',#4143,#875);
#524=LINE('',#4144,#876);
#525=LINE('',#4147,#877);
#526=LINE('',#4151,#878);
#527=LINE('',#4152,#879);
#528=LINE('',#4156,#880);
#529=LINE('',#4157,#881);
#530=LINE('',#4159,#882);
#531=LINE('',#4160,#883);
#532=LINE('',#4164,#884);
#533=LINE('',#4168,#885);
#534=LINE('',#4170,#886);
#535=LINE('',#4172,#887);
#536=LINE('',#4173,#888);
#537=LINE('',#4176,#889);
#538=LINE('',#4178,#890);
#539=LINE('',#4179,#891);
#540=LINE('',#4182,#892);
#541=LINE('',#4184,#893);
#542=LINE('',#4186,#894);
#543=LINE('',#4187,#895);
#544=LINE('',#4190,#896);
#545=LINE('',#4191,#897);
#546=LINE('',#4195,#898);
#547=LINE('',#4197,#899);
#548=LINE('',#4199,#900);
#549=LINE('',#4215,#901);
#550=LINE('',#4221,#902);
#551=LINE('',#4251,#903);
#552=LINE('',#4253,#904);
#553=LINE('',#4254,#905);
#554=LINE('',#4257,#906);
#555=LINE('',#4259,#907);
#556=LINE('',#4260,#908);
#557=LINE('',#4263,#909);
#558=LINE('',#4265,#910);
#559=LINE('',#4266,#911);
#560=LINE('',#4269,#912);
#561=LINE('',#4271,#913);
#562=LINE('',#4272,#914);
#563=LINE('',#4275,#915);
#564=LINE('',#4277,#916);
#565=LINE('',#4279,#917);
#566=LINE('',#4283,#918);
#567=LINE('',#4284,#919);
#568=LINE('',#4286,#920);
#569=LINE('',#4288,#921);
#570=LINE('',#4289,#922);
#571=LINE('',#4292,#923);
#572=LINE('',#4296,#924);
#573=LINE('',#4300,#925);
#574=LINE('',#4304,#926);
#575=LINE('',#4305,#927);
#576=LINE('',#4308,#928);
#577=LINE('',#4310,#929);
#578=LINE('',#4312,#930);
#579=LINE('',#4313,#931);
#580=LINE('',#4314,#932);
#581=LINE('',#4315,#933);
#582=LINE('',#4317,#934);
#583=LINE('',#4318,#935);
#584=LINE('',#4321,#936);
#585=LINE('',#4323,#937);
#586=LINE('',#4325,#938);
#587=LINE('',#4327,#939);
#588=LINE('',#4329,#940);
#589=LINE('',#4331,#941);
#590=LINE('',#4332,#942);
#591=LINE('',#4336,#943);
#592=LINE('',#4338,#944);
#593=LINE('',#4340,#945);
#594=LINE('',#4341,#946);
#595=LINE('',#4344,#947);
#596=LINE('',#4346,#948);
#597=LINE('',#4347,#949);
#598=LINE('',#4383,#950);
#599=LINE('',#4385,#951);
#600=LINE('',#4386,#952);
#601=LINE('',#4389,#953);
#602=LINE('',#4391,#954);
#603=LINE('',#4392,#955);
#604=LINE('',#4394,#956);
#605=LINE('',#4395,#957);
#606=LINE('',#4397,#958);
#607=LINE('',#4399,#959);
#608=LINE('',#4401,#960);
#609=LINE('',#4403,#961);
#610=LINE('',#4405,#962);
#611=LINE('',#4407,#963);
#612=LINE('',#4409,#964);
#613=LINE('',#4411,#965);
#614=LINE('',#4413,#966);
#615=LINE('',#4414,#967);
#616=LINE('',#4416,#968);
#617=LINE('',#4419,#969);
#618=LINE('',#4421,#970);
#619=LINE('',#4423,#971);
#620=LINE('',#4424,#972);
#621=LINE('',#4425,#973);
#622=LINE('',#4426,#974);
#623=LINE('',#4429,#975);
#624=LINE('',#4430,#976);
#625=LINE('',#4433,#977);
#626=LINE('',#4437,#978);
#627=LINE('',#4441,#979);
#628=LINE('',#4445,#980);
#629=LINE('',#4447,#981);
#630=LINE('',#4449,#982);
#631=LINE('',#4451,#983);
#632=LINE('',#4453,#984);
#633=LINE('',#4454,#985);
#634=LINE('',#4457,#986);
#635=LINE('',#4458,#987);
#636=LINE('',#4462,#988);
#637=LINE('',#4464,#989);
#638=LINE('',#4466,#990);
#639=LINE('',#4482,#991);
#640=LINE('',#4484,#992);
#641=LINE('',#4485,#993);
#642=LINE('',#4487,#994);
#643=LINE('',#4489,#995);
#644=LINE('',#4490,#996);
#645=LINE('',#4493,#997);
#646=LINE('',#4496,#998);
#647=LINE('',#4499,#999);
#648=LINE('',#4500,#1000);
#649=LINE('',#4503,#1001);
#650=LINE('',#4505,#1002);
#651=LINE('',#4519,#1003);
#652=LINE('',#4521,#1004);
#653=LINE('',#4522,#1005);
#654=LINE('',#4525,#1006);
#655=LINE('',#4526,#1007);
#656=LINE('',#4529,#1008);
#657=LINE('',#4531,#1009);
#658=LINE('',#4533,#1010);
#659=LINE('',#4534,#1011);
#660=LINE('',#4561,#1012);
#661=LINE('',#4562,#1013);
#662=LINE('',#4565,#1014);
#663=LINE('',#4566,#1015);
#664=LINE('',#4570,#1016);
#665=LINE('',#4571,#1017);
#666=LINE('',#4573,#1018);
#667=LINE('',#4575,#1019);
#668=LINE('',#4589,#1020);
#669=LINE('',#4591,#1021);
#670=LINE('',#4592,#1022);
#671=LINE('',#4595,#1023);
#672=LINE('',#4596,#1024);
#673=LINE('',#4599,#1025);
#674=LINE('',#4615,#1026);
#675=LINE('',#4629,#1027);
#676=LINE('',#4630,#1028);
#677=LINE('',#4632,#1029);
#678=LINE('',#4636,#1030);
#679=LINE('',#4638,#1031);
#680=LINE('',#4640,#1032);
#681=LINE('',#4641,#1033);
#682=LINE('',#4644,#1034);
#683=LINE('',#4646,#1035);
#684=LINE('',#4647,#1036);
#685=LINE('',#4649,#1037);
#686=LINE('',#4651,#1038);
#687=LINE('',#4653,#1039);
#688=LINE('',#4655,#1040);
#689=LINE('',#4657,#1041);
#690=LINE('',#4658,#1042);
#691=LINE('',#4661,#1043);
#692=LINE('',#4663,#1044);
#693=LINE('',#4664,#1045);
#694=LINE('',#4667,#1046);
#695=LINE('',#4669,#1047);
#696=LINE('',#4670,#1048);
#697=LINE('',#4673,#1049);
#698=LINE('',#4675,#1050);
#699=LINE('',#4676,#1051);
#700=LINE('',#4679,#1052);
#701=LINE('',#4681,#1053);
#702=LINE('',#4682,#1054);
#703=LINE('',#4685,#1055);
#704=LINE('',#4687,#1056);
#705=LINE('',#4688,#1057);
#706=LINE('',#4691,#1058);
#707=LINE('',#4693,#1059);
#708=LINE('',#4694,#1060);
#709=LINE('',#4697,#1061);
#710=LINE('',#4699,#1062);
#711=LINE('',#4700,#1063);
#712=LINE('',#4702,#1064);
#713=LINE('',#4703,#1065);
#714=LINE('',#4707,#1066);
#715=LINE('',#4709,#1067);
#716=LINE('',#4711,#1068);
#717=LINE('',#4712,#1069);
#718=LINE('',#4715,#1070);
#719=LINE('',#4717,#1071);
#720=LINE('',#4719,#1072);
#721=LINE('',#4721,#1073);
#722=LINE('',#4723,#1074);
#723=LINE('',#4725,#1075);
#724=LINE('',#4726,#1076);
#725=LINE('',#4729,#1077);
#726=LINE('',#4730,#1078);
#727=LINE('',#4733,#1079);
#728=LINE('',#4734,#1080);
#729=LINE('',#4737,#1081);
#730=LINE('',#4738,#1082);
#731=LINE('',#4741,#1083);
#732=LINE('',#4742,#1084);
#733=LINE('',#4745,#1085);
#734=LINE('',#4747,#1086);
#735=LINE('',#4748,#1087);
#736=LINE('',#4751,#1088);
#737=LINE('',#4753,#1089);
#738=LINE('',#4754,#1090);
#739=LINE('',#4756,#1091);
#740=LINE('',#4758,#1092);
#741=LINE('',#4761,#1093);
#742=LINE('',#4763,#1094);
#743=LINE('',#4764,#1095);
#744=LINE('',#4767,#1096);
#745=LINE('',#4769,#1097);
#746=LINE('',#4770,#1098);
#747=LINE('',#4773,#1099);
#748=LINE('',#4775,#1100);
#749=LINE('',#4776,#1101);
#750=LINE('',#4778,#1102);
#751=LINE('',#4780,#1103);
#752=LINE('',#4782,#1104);
#753=LINE('',#4783,#1105);
#754=LINE('',#4785,#1106);
#755=LINE('',#4786,#1107);
#756=LINE('',#4790,#1108);
#757=LINE('',#4792,#1109);
#758=LINE('',#4794,#1110);
#759=LINE('',#4795,#1111);
#760=LINE('',#4797,#1112);
#761=LINE('',#4798,#1113);
#762=LINE('',#4801,#1114);
#763=LINE('',#4803,#1115);
#764=LINE('',#4804,#1116);
#765=LINE('',#4808,#1117);
#766=LINE('',#4810,#1118);
#767=LINE('',#4812,#1119);
#768=LINE('',#4813,#1120);
#769=LINE('',#4815,#1121);
#770=LINE('',#4816,#1122);
#771=LINE('',#4819,#1123);
#772=LINE('',#4821,#1124);
#773=LINE('',#4822,#1125);
#774=LINE('',#4824,#1126);
#775=LINE('',#4828,#1127);
#776=LINE('',#4829,#1128);
#777=LINE('',#4830,#1129);
#778=LINE('',#4834,#1130);
#779=LINE('',#4835,#1131);
#780=LINE('',#4836,#1132);
#781=LINE('',#4837,#1133);
#782=LINE('',#4840,#1134);
#783=LINE('',#4841,#1135);
#784=LINE('',#4842,#1136);
#785=LINE('',#4845,#1137);
#786=LINE('',#4846,#1138);
#787=LINE('',#4849,#1139);
#788=LINE('',#4851,#1140);
#789=LINE('',#4852,#1141);
#790=LINE('',#4853,#1142);
#791=LINE('',#4858,#1143);
#792=LINE('',#4861,#1144);
#793=LINE('',#4863,#1145);
#794=LINE('',#4865,#1146);
#795=LINE('',#4870,#1147);
#796=LINE('',#4871,#1148);
#797=LINE('',#4874,#1149);
#798=LINE('',#4875,#1150);
#799=LINE('',#4879,#1151);
#800=LINE('',#4880,#1152);
#801=LINE('',#4881,#1153);
#802=LINE('',#4883,#1154);
#803=LINE('',#4885,#1155);
#804=LINE('',#4887,#1156);
#805=LINE('',#4892,#1157);
#806=LINE('',#4896,#1158);
#807=LINE('',#4897,#1159);
#808=LINE('',#4903,#1160);
#809=LINE('',#4905,#1161);
#810=LINE('',#4906,#1162);
#811=LINE('',#4908,#1163);
#812=LINE('',#4909,#1164);
#813=VECTOR('',#3217,10.);
#814=VECTOR('',#3218,10.);
#815=VECTOR('',#3219,10.);
#816=VECTOR('',#3220,10.);
#817=VECTOR('',#3223,10.);
#818=VECTOR('',#3224,10.);
#819=VECTOR('',#3225,10.);
#820=VECTOR('',#3228,10.);
#821=VECTOR('',#3229,10.);
#822=VECTOR('',#3230,10.);
#823=VECTOR('',#3233,10.);
#824=VECTOR('',#3234,10.);
#825=VECTOR('',#3237,10.);
#826=VECTOR('',#3240,10.);
#827=VECTOR('',#3241,10.);
#828=VECTOR('',#3242,10.);
#829=VECTOR('',#3243,10.);
#830=VECTOR('',#3246,10.);
#831=VECTOR('',#3253,10.);
#832=VECTOR('',#3254,10.);
#833=VECTOR('',#3255,10.);
#834=VECTOR('',#3258,10.);
#835=VECTOR('',#3259,10.);
#836=VECTOR('',#3260,10.);
#837=VECTOR('',#3261,10.);
#838=VECTOR('',#3268,10.);
#839=VECTOR('',#3269,10.);
#840=VECTOR('',#3270,10.);
#841=VECTOR('',#3273,10.);
#842=VECTOR('',#3278,10.);
#843=VECTOR('',#3279,10.);
#844=VECTOR('',#3282,10.);
#845=VECTOR('',#3287,10.);
#846=VECTOR('',#3288,10.);
#847=VECTOR('',#3291,10.);
#848=VECTOR('',#3292,10.);
#849=VECTOR('',#3293,10.);
#850=VECTOR('',#3296,10.);
#851=VECTOR('',#3297,10.);
#852=VECTOR('',#3298,10.);
#853=VECTOR('',#3301,10.);
#854=VECTOR('',#3306,10.);
#855=VECTOR('',#3307,10.);
#856=VECTOR('',#3312,10.);
#857=VECTOR('',#3313,10.);
#858=VECTOR('',#3314,10.);
#859=VECTOR('',#3315,10.);
#860=VECTOR('',#3318,10.);
#861=VECTOR('',#3319,10.);
#862=VECTOR('',#3320,10.);
#863=VECTOR('',#3321,10.);
#864=VECTOR('',#3324,10.);
#865=VECTOR('',#3331,10.);
#866=VECTOR('',#3332,10.);
#867=VECTOR('',#3333,10.);
#868=VECTOR('',#3340,10.);
#869=VECTOR('',#3341,10.);
#870=VECTOR('',#3342,10.);
#871=VECTOR('',#3345,10.);
#872=VECTOR('',#3350,10.);
#873=VECTOR('',#3351,10.);
#874=VECTOR('',#3354,10.);
#875=VECTOR('',#3355,10.);
#876=VECTOR('',#3356,10.);
#877=VECTOR('',#3359,10.);
#878=VECTOR('',#3364,10.);
#879=VECTOR('',#3365,10.);
#880=VECTOR('',#3368,10.);
#881=VECTOR('',#3369,10.);
#882=VECTOR('',#3370,10.);
#883=VECTOR('',#3371,10.);
#884=VECTOR('',#3378,10.);
#885=VECTOR('',#3381,10.);
#886=VECTOR('',#3382,10.);
#887=VECTOR('',#3383,10.);
#888=VECTOR('',#3384,10.);
#889=VECTOR('',#3387,10.);
#890=VECTOR('',#3388,10.);
#891=VECTOR('',#3389,10.);
#892=VECTOR('',#3392,10.);
#893=VECTOR('',#3393,10.);
#894=VECTOR('',#3394,10.);
#895=VECTOR('',#3395,10.);
#896=VECTOR('',#3398,10.);
#897=VECTOR('',#3399,10.);
#898=VECTOR('',#3402,10.);
#899=VECTOR('',#3403,10.);
#900=VECTOR('',#3404,10.);
#901=VECTOR('',#3413,10.);
#902=VECTOR('',#3414,10.);
#903=VECTOR('',#3435,10.);
#904=VECTOR('',#3436,10.);
#905=VECTOR('',#3437,10.);
#906=VECTOR('',#3440,10.);
#907=VECTOR('',#3441,10.);
#908=VECTOR('',#3442,10.);
#909=VECTOR('',#3445,10.);
#910=VECTOR('',#3446,10.);
#911=VECTOR('',#3447,10.);
#912=VECTOR('',#3450,10.);
#913=VECTOR('',#3451,10.);
#914=VECTOR('',#3452,10.);
#915=VECTOR('',#3455,10.);
#916=VECTOR('',#3456,10.);
#917=VECTOR('',#3457,10.);
#918=VECTOR('',#3462,10.);
#919=VECTOR('',#3463,10.);
#920=VECTOR('',#3464,10.);
#921=VECTOR('',#3465,10.);
#922=VECTOR('',#3466,10.);
#923=VECTOR('',#3469,10.);
#924=VECTOR('',#3474,10.);
#925=VECTOR('',#3479,10.);
#926=VECTOR('',#3484,10.);
#927=VECTOR('',#3485,10.);
#928=VECTOR('',#3488,10.);
#929=VECTOR('',#3489,10.);
#930=VECTOR('',#3490,10.);
#931=VECTOR('',#3491,10.);
#932=VECTOR('',#3492,10.);
#933=VECTOR('',#3493,10.);
#934=VECTOR('',#3496,10.);
#935=VECTOR('',#3497,10.);
#936=VECTOR('',#3500,10.);
#937=VECTOR('',#3501,10.);
#938=VECTOR('',#3502,10.);
#939=VECTOR('',#3503,10.);
#940=VECTOR('',#3504,10.);
#941=VECTOR('',#3505,10.);
#942=VECTOR('',#3506,10.);
#943=VECTOR('',#3509,10.);
#944=VECTOR('',#3510,10.);
#945=VECTOR('',#3511,10.);
#946=VECTOR('',#3512,10.);
#947=VECTOR('',#3515,10.);
#948=VECTOR('',#3516,10.);
#949=VECTOR('',#3517,10.);
#950=VECTOR('',#3538,10.);
#951=VECTOR('',#3539,10.);
#952=VECTOR('',#3540,10.);
#953=VECTOR('',#3543,10.);
#954=VECTOR('',#3544,10.);
#955=VECTOR('',#3545,10.);
#956=VECTOR('',#3548,10.);
#957=VECTOR('',#3549,10.);
#958=VECTOR('',#3552,10.);
#959=VECTOR('',#3553,10.);
#960=VECTOR('',#3554,10.);
#961=VECTOR('',#3555,10.);
#962=VECTOR('',#3556,10.);
#963=VECTOR('',#3557,10.);
#964=VECTOR('',#3558,10.);
#965=VECTOR('',#3559,10.);
#966=VECTOR('',#3560,10.);
#967=VECTOR('',#3561,10.);
#968=VECTOR('',#3564,10.);
#969=VECTOR('',#3567,10.);
#970=VECTOR('',#3568,10.);
#971=VECTOR('',#3569,10.);
#972=VECTOR('',#3570,10.);
#973=VECTOR('',#3571,10.);
#974=VECTOR('',#3572,10.);
#975=VECTOR('',#3575,10.);
#976=VECTOR('',#3576,10.);
#977=VECTOR('',#3579,10.);
#978=VECTOR('',#3584,10.);
#979=VECTOR('',#3589,10.);
#980=VECTOR('',#3594,10.);
#981=VECTOR('',#3595,10.);
#982=VECTOR('',#3596,10.);
#983=VECTOR('',#3597,10.);
#984=VECTOR('',#3598,10.);
#985=VECTOR('',#3599,10.);
#986=VECTOR('',#3602,10.);
#987=VECTOR('',#3603,10.);
#988=VECTOR('',#3606,10.);
#989=VECTOR('',#3607,10.);
#990=VECTOR('',#3608,10.);
#991=VECTOR('',#3617,10.);
#992=VECTOR('',#3618,10.);
#993=VECTOR('',#3619,10.);
#994=VECTOR('',#3622,10.);
#995=VECTOR('',#3623,10.);
#996=VECTOR('',#3624,10.);
#997=VECTOR('',#3627,10.);
#998=VECTOR('',#3630,10.);
#999=VECTOR('',#3633,10.);
#1000=VECTOR('',#3634,10.);
#1001=VECTOR('',#3637,10.);
#1002=VECTOR('',#3638,10.);
#1003=VECTOR('',#3645,10.);
#1004=VECTOR('',#3646,10.);
#1005=VECTOR('',#3647,10.);
#1006=VECTOR('',#3650,10.);
#1007=VECTOR('',#3651,10.);
#1008=VECTOR('',#3654,10.);
#1009=VECTOR('',#3655,10.);
#1010=VECTOR('',#3656,10.);
#1011=VECTOR('',#3657,10.);
#1012=VECTOR('',#3668,10.);
#1013=VECTOR('',#3669,10.);
#1014=VECTOR('',#3672,10.);
#1015=VECTOR('',#3673,10.);
#1016=VECTOR('',#3680,10.);
#1017=VECTOR('',#3681,10.);
#1018=VECTOR('',#3684,10.);
#1019=VECTOR('',#3687,10.);
#1020=VECTOR('',#3694,10.);
#1021=VECTOR('',#3695,10.);
#1022=VECTOR('',#3696,10.);
#1023=VECTOR('',#3699,10.);
#1024=VECTOR('',#3700,10.);
#1025=VECTOR('',#3703,10.);
#1026=VECTOR('',#3714,10.);
#1027=VECTOR('',#3721,10.);
#1028=VECTOR('',#3722,10.);
#1029=VECTOR('',#3725,10.);
#1030=VECTOR('',#3728,10.);
#1031=VECTOR('',#3729,10.);
#1032=VECTOR('',#3730,10.);
#1033=VECTOR('',#3731,10.);
#1034=VECTOR('',#3734,10.);
#1035=VECTOR('',#3735,10.);
#1036=VECTOR('',#3736,10.);
#1037=VECTOR('',#3739,10.);
#1038=VECTOR('',#3740,10.);
#1039=VECTOR('',#3741,10.);
#1040=VECTOR('',#3742,10.);
#1041=VECTOR('',#3743,10.);
#1042=VECTOR('',#3744,10.);
#1043=VECTOR('',#3747,10.);
#1044=VECTOR('',#3748,10.);
#1045=VECTOR('',#3749,10.);
#1046=VECTOR('',#3752,10.);
#1047=VECTOR('',#3753,10.);
#1048=VECTOR('',#3754,10.);
#1049=VECTOR('',#3757,10.);
#1050=VECTOR('',#3758,10.);
#1051=VECTOR('',#3759,10.);
#1052=VECTOR('',#3762,10.);
#1053=VECTOR('',#3763,10.);
#1054=VECTOR('',#3764,10.);
#1055=VECTOR('',#3767,10.);
#1056=VECTOR('',#3768,10.);
#1057=VECTOR('',#3769,10.);
#1058=VECTOR('',#3772,10.);
#1059=VECTOR('',#3773,10.);
#1060=VECTOR('',#3774,10.);
#1061=VECTOR('',#3777,10.);
#1062=VECTOR('',#3778,10.);
#1063=VECTOR('',#3779,10.);
#1064=VECTOR('',#3782,10.);
#1065=VECTOR('',#3783,10.);
#1066=VECTOR('',#3786,10.);
#1067=VECTOR('',#3787,10.);
#1068=VECTOR('',#3788,10.);
#1069=VECTOR('',#3789,10.);
#1070=VECTOR('',#3792,10.);
#1071=VECTOR('',#3793,10.);
#1072=VECTOR('',#3794,10.);
#1073=VECTOR('',#3795,10.);
#1074=VECTOR('',#3796,10.);
#1075=VECTOR('',#3797,10.);
#1076=VECTOR('',#3798,10.);
#1077=VECTOR('',#3801,10.);
#1078=VECTOR('',#3802,10.);
#1079=VECTOR('',#3805,10.);
#1080=VECTOR('',#3806,10.);
#1081=VECTOR('',#3809,10.);
#1082=VECTOR('',#3810,10.);
#1083=VECTOR('',#3813,10.);
#1084=VECTOR('',#3814,10.);
#1085=VECTOR('',#3817,10.);
#1086=VECTOR('',#3818,10.);
#1087=VECTOR('',#3819,10.);
#1088=VECTOR('',#3822,10.);
#1089=VECTOR('',#3823,10.);
#1090=VECTOR('',#3824,10.);
#1091=VECTOR('',#3827,10.);
#1092=VECTOR('',#3830,10.);
#1093=VECTOR('',#3833,10.);
#1094=VECTOR('',#3834,10.);
#1095=VECTOR('',#3835,10.);
#1096=VECTOR('',#3838,10.);
#1097=VECTOR('',#3839,10.);
#1098=VECTOR('',#3840,10.);
#1099=VECTOR('',#3843,10.);
#1100=VECTOR('',#3844,10.);
#1101=VECTOR('',#3845,10.);
#1102=VECTOR('',#3848,10.);
#1103=VECTOR('',#3849,10.);
#1104=VECTOR('',#3850,10.);
#1105=VECTOR('',#3851,10.);
#1106=VECTOR('',#3854,10.);
#1107=VECTOR('',#3855,10.);
#1108=VECTOR('',#3858,10.);
#1109=VECTOR('',#3859,10.);
#1110=VECTOR('',#3860,10.);
#1111=VECTOR('',#3861,10.);
#1112=VECTOR('',#3864,10.);
#1113=VECTOR('',#3865,10.);
#1114=VECTOR('',#3868,10.);
#1115=VECTOR('',#3869,10.);
#1116=VECTOR('',#3870,10.);
#1117=VECTOR('',#3873,10.);
#1118=VECTOR('',#3874,10.);
#1119=VECTOR('',#3875,10.);
#1120=VECTOR('',#3876,10.);
#1121=VECTOR('',#3879,10.);
#1122=VECTOR('',#3880,10.);
#1123=VECTOR('',#3883,10.);
#1124=VECTOR('',#3884,10.);
#1125=VECTOR('',#3885,10.);
#1126=VECTOR('',#3888,10.);
#1127=VECTOR('',#3891,10.);
#1128=VECTOR('',#3892,10.);
#1129=VECTOR('',#3893,10.);
#1130=VECTOR('',#3896,10.);
#1131=VECTOR('',#3897,10.);
#1132=VECTOR('',#3898,10.);
#1133=VECTOR('',#3899,10.);
#1134=VECTOR('',#3902,10.);
#1135=VECTOR('',#3903,10.);
#1136=VECTOR('',#3904,10.);
#1137=VECTOR('',#3907,10.);
#1138=VECTOR('',#3908,10.);
#1139=VECTOR('',#3911,10.);
#1140=VECTOR('',#3912,10.);
#1141=VECTOR('',#3913,10.);
#1142=VECTOR('',#3914,10.);
#1143=VECTOR('',#3921,10.);
#1144=VECTOR('',#3924,10.);
#1145=VECTOR('',#3927,10.);
#1146=VECTOR('',#3930,10.);
#1147=VECTOR('',#3939,10.);
#1148=VECTOR('',#3940,10.);
#1149=VECTOR('',#3943,10.);
#1150=VECTOR('',#3944,10.);
#1151=VECTOR('',#3947,10.);
#1152=VECTOR('',#3948,10.);
#1153=VECTOR('',#3949,10.);
#1154=VECTOR('',#3952,10.);
#1155=VECTOR('',#3955,10.);
#1156=VECTOR('',#3958,10.);
#1157=VECTOR('',#3965,10.);
#1158=VECTOR('',#3970,10.);
#1159=VECTOR('',#3971,10.);
#1160=VECTOR('',#3980,10.);
#1161=VECTOR('',#3981,10.);
#1162=VECTOR('',#3982,10.);
#1163=VECTOR('',#3985,10.);
#1164=VECTOR('',#3986,10.);
#1165=VERTEX_POINT('',#3993);
#1166=VERTEX_POINT('',#3994);
#1167=VERTEX_POINT('',#3996);
#1168=VERTEX_POINT('',#3998);
#1169=VERTEX_POINT('',#4002);
#1170=VERTEX_POINT('',#4004);
#1171=VERTEX_POINT('',#4008);
#1172=VERTEX_POINT('',#4010);
#1173=VERTEX_POINT('',#4014);
#1174=VERTEX_POINT('',#4016);
#1175=VERTEX_POINT('',#4018);
#1176=VERTEX_POINT('',#4022);
#1177=VERTEX_POINT('',#4023);
#1178=VERTEX_POINT('',#4025);
#1179=VERTEX_POINT('',#4027);
#1180=VERTEX_POINT('',#4031);
#1181=VERTEX_POINT('',#4032);
#1182=VERTEX_POINT('',#4037);
#1183=VERTEX_POINT('',#4038);
#1184=VERTEX_POINT('',#4043);
#1185=VERTEX_POINT('',#4044);
#1186=VERTEX_POINT('',#4046);
#1187=VERTEX_POINT('',#4053);
#1188=VERTEX_POINT('',#4055);
#1189=VERTEX_POINT('',#4059);
#1190=VERTEX_POINT('',#4063);
#1191=VERTEX_POINT('',#4067);
#1192=VERTEX_POINT('',#4071);
#1193=VERTEX_POINT('',#4075);
#1194=VERTEX_POINT('',#4077);
#1195=VERTEX_POINT('',#4081);
#1196=VERTEX_POINT('',#4086);
#1197=VERTEX_POINT('',#4090);
#1198=VERTEX_POINT('',#4095);
#1199=VERTEX_POINT('',#4096);
#1200=VERTEX_POINT('',#4098);
#1201=VERTEX_POINT('',#4100);
#1202=VERTEX_POINT('',#4104);
#1203=VERTEX_POINT('',#4105);
#1204=VERTEX_POINT('',#4108);
#1205=VERTEX_POINT('',#4112);
#1206=VERTEX_POINT('',#4113);
#1207=VERTEX_POINT('',#4118);
#1208=VERTEX_POINT('',#4119);
#1209=VERTEX_POINT('',#4126);
#1210=VERTEX_POINT('',#4128);
#1211=VERTEX_POINT('',#4132);
#1212=VERTEX_POINT('',#4136);
#1213=VERTEX_POINT('',#4140);
#1214=VERTEX_POINT('',#4142);
#1215=VERTEX_POINT('',#4146);
#1216=VERTEX_POINT('',#4150);
#1217=VERTEX_POINT('',#4154);
#1218=VERTEX_POINT('',#4155);
#1219=VERTEX_POINT('',#4158);
#1220=VERTEX_POINT('',#4166);
#1221=VERTEX_POINT('',#4167);
#1222=VERTEX_POINT('',#4169);
#1223=VERTEX_POINT('',#4171);
#1224=VERTEX_POINT('',#4175);
#1225=VERTEX_POINT('',#4177);
#1226=VERTEX_POINT('',#4181);
#1227=VERTEX_POINT('',#4183);
#1228=VERTEX_POINT('',#4185);
#1229=VERTEX_POINT('',#4189);
#1230=VERTEX_POINT('',#4193);
#1231=VERTEX_POINT('',#4194);
#1232=VERTEX_POINT('',#4196);
#1233=VERTEX_POINT('',#4198);
#1234=VERTEX_POINT('',#4205);
#1235=VERTEX_POINT('',#4207);
#1236=VERTEX_POINT('',#4214);
#1237=VERTEX_POINT('',#4216);
#1238=VERTEX_POINT('',#4223);
#1239=VERTEX_POINT('',#4225);
#1240=VERTEX_POINT('',#4232);
#1241=VERTEX_POINT('',#4234);
#1242=VERTEX_POINT('',#4241);
#1243=VERTEX_POINT('',#4243);
#1244=VERTEX_POINT('',#4250);
#1245=VERTEX_POINT('',#4252);
#1246=VERTEX_POINT('',#4256);
#1247=VERTEX_POINT('',#4258);
#1248=VERTEX_POINT('',#4262);
#1249=VERTEX_POINT('',#4264);
#1250=VERTEX_POINT('',#4268);
#1251=VERTEX_POINT('',#4270);
#1252=VERTEX_POINT('',#4274);
#1253=VERTEX_POINT('',#4276);
#1254=VERTEX_POINT('',#4278);
#1255=VERTEX_POINT('',#4282);
#1256=VERTEX_POINT('',#4285);
#1257=VERTEX_POINT('',#4287);
#1258=VERTEX_POINT('',#4291);
#1259=VERTEX_POINT('',#4295);
#1260=VERTEX_POINT('',#4299);
#1261=VERTEX_POINT('',#4303);
#1262=VERTEX_POINT('',#4307);
#1263=VERTEX_POINT('',#4309);
#1264=VERTEX_POINT('',#4311);
#1265=VERTEX_POINT('',#4320);
#1266=VERTEX_POINT('',#4322);
#1267=VERTEX_POINT('',#4324);
#1268=VERTEX_POINT('',#4326);
#1269=VERTEX_POINT('',#4328);
#1270=VERTEX_POINT('',#4330);
#1271=VERTEX_POINT('',#4334);
#1272=VERTEX_POINT('',#4335);
#1273=VERTEX_POINT('',#4337);
#1274=VERTEX_POINT('',#4339);
#1275=VERTEX_POINT('',#4343);
#1276=VERTEX_POINT('',#4345);
#1277=VERTEX_POINT('',#4349);
#1278=VERTEX_POINT('',#4350);
#1279=VERTEX_POINT('',#4352);
#1280=VERTEX_POINT('',#4357);
#1281=VERTEX_POINT('',#4364);
#1282=VERTEX_POINT('',#4366);
#1283=VERTEX_POINT('',#4373);
#1284=VERTEX_POINT('',#4375);
#1285=VERTEX_POINT('',#4382);
#1286=VERTEX_POINT('',#4384);
#1287=VERTEX_POINT('',#4388);
#1288=VERTEX_POINT('',#4390);
#1289=VERTEX_POINT('',#4398);
#1290=VERTEX_POINT('',#4400);
#1291=VERTEX_POINT('',#4402);
#1292=VERTEX_POINT('',#4404);
#1293=VERTEX_POINT('',#4406);
#1294=VERTEX_POINT('',#4408);
#1295=VERTEX_POINT('',#4410);
#1296=VERTEX_POINT('',#4412);
#1297=VERTEX_POINT('',#4418);
#1298=VERTEX_POINT('',#4420);
#1299=VERTEX_POINT('',#4422);
#1300=VERTEX_POINT('',#4428);
#1301=VERTEX_POINT('',#4432);
#1302=VERTEX_POINT('',#4436);
#1303=VERTEX_POINT('',#4440);
#1304=VERTEX_POINT('',#4444);
#1305=VERTEX_POINT('',#4446);
#1306=VERTEX_POINT('',#4448);
#1307=VERTEX_POINT('',#4450);
#1308=VERTEX_POINT('',#4452);
#1309=VERTEX_POINT('',#4456);
#1310=VERTEX_POINT('',#4460);
#1311=VERTEX_POINT('',#4461);
#1312=VERTEX_POINT('',#4463);
#1313=VERTEX_POINT('',#4465);
#1314=VERTEX_POINT('',#4472);
#1315=VERTEX_POINT('',#4474);
#1316=VERTEX_POINT('',#4481);
#1317=VERTEX_POINT('',#4483);
#1318=VERTEX_POINT('',#4488);
#1319=VERTEX_POINT('',#4492);
#1320=VERTEX_POINT('',#4494);
#1321=VERTEX_POINT('',#4498);
#1322=VERTEX_POINT('',#4502);
#1323=VERTEX_POINT('',#4504);
#1324=VERTEX_POINT('',#4511);
#1325=VERTEX_POINT('',#4518);
#1326=VERTEX_POINT('',#4520);
#1327=VERTEX_POINT('',#4524);
#1328=VERTEX_POINT('',#4528);
#1329=VERTEX_POINT('',#4530);
#1330=VERTEX_POINT('',#4532);
#1331=VERTEX_POINT('',#4536);
#1332=VERTEX_POINT('',#4537);
#1333=VERTEX_POINT('',#4548);
#1334=VERTEX_POINT('',#4549);
#1335=VERTEX_POINT('',#4560);
#1336=VERTEX_POINT('',#4564);
#1337=VERTEX_POINT('',#4577);
#1338=VERTEX_POINT('',#4582);
#1339=VERTEX_POINT('',#4590);
#1340=VERTEX_POINT('',#4594);
#1341=VERTEX_POINT('',#4598);
#1342=VERTEX_POINT('',#4605);
#1343=VERTEX_POINT('',#4614);
#1344=VERTEX_POINT('',#4621);
#1345=VERTEX_POINT('',#4628);
#1346=VERTEX_POINT('',#4634);
#1347=VERTEX_POINT('',#4635);
#1348=VERTEX_POINT('',#4637);
#1349=VERTEX_POINT('',#4639);
#1350=VERTEX_POINT('',#4643);
#1351=VERTEX_POINT('',#4645);
#1352=VERTEX_POINT('',#4650);
#1353=VERTEX_POINT('',#4652);
#1354=VERTEX_POINT('',#4654);
#1355=VERTEX_POINT('',#4656);
#1356=VERTEX_POINT('',#4660);
#1357=VERTEX_POINT('',#4662);
#1358=VERTEX_POINT('',#4666);
#1359=VERTEX_POINT('',#4668);
#1360=VERTEX_POINT('',#4672);
#1361=VERTEX_POINT('',#4674);
#1362=VERTEX_POINT('',#4678);
#1363=VERTEX_POINT('',#4680);
#1364=VERTEX_POINT('',#4684);
#1365=VERTEX_POINT('',#4686);
#1366=VERTEX_POINT('',#4690);
#1367=VERTEX_POINT('',#4692);
#1368=VERTEX_POINT('',#4696);
#1369=VERTEX_POINT('',#4698);
#1370=VERTEX_POINT('',#4705);
#1371=VERTEX_POINT('',#4706);
#1372=VERTEX_POINT('',#4708);
#1373=VERTEX_POINT('',#4710);
#1374=VERTEX_POINT('',#4714);
#1375=VERTEX_POINT('',#4716);
#1376=VERTEX_POINT('',#4718);
#1377=VERTEX_POINT('',#4720);
#1378=VERTEX_POINT('',#4722);
#1379=VERTEX_POINT('',#4724);
#1380=VERTEX_POINT('',#4728);
#1381=VERTEX_POINT('',#4732);
#1382=VERTEX_POINT('',#4736);
#1383=VERTEX_POINT('',#4740);
#1384=VERTEX_POINT('',#4744);
#1385=VERTEX_POINT('',#4746);
#1386=VERTEX_POINT('',#4750);
#1387=VERTEX_POINT('',#4752);
#1388=VERTEX_POINT('',#4760);
#1389=VERTEX_POINT('',#4762);
#1390=VERTEX_POINT('',#4766);
#1391=VERTEX_POINT('',#4768);
#1392=VERTEX_POINT('',#4772);
#1393=VERTEX_POINT('',#4774);
#1394=VERTEX_POINT('',#4779);
#1395=VERTEX_POINT('',#4781);
#1396=VERTEX_POINT('',#4788);
#1397=VERTEX_POINT('',#4789);
#1398=VERTEX_POINT('',#4791);
#1399=VERTEX_POINT('',#4793);
#1400=VERTEX_POINT('',#4800);
#1401=VERTEX_POINT('',#4802);
#1402=VERTEX_POINT('',#4806);
#1403=VERTEX_POINT('',#4807);
#1404=VERTEX_POINT('',#4809);
#1405=VERTEX_POINT('',#4811);
#1406=VERTEX_POINT('',#4818);
#1407=VERTEX_POINT('',#4820);
#1408=VERTEX_POINT('',#4826);
#1409=VERTEX_POINT('',#4827);
#1410=VERTEX_POINT('',#4832);
#1411=VERTEX_POINT('',#4833);
#1412=VERTEX_POINT('',#4839);
#1413=VERTEX_POINT('',#4844);
#1414=VERTEX_POINT('',#4848);
#1415=VERTEX_POINT('',#4850);
#1416=VERTEX_POINT('',#4857);
#1417=VERTEX_POINT('',#4859);
#1418=VERTEX_POINT('',#4873);
#1419=VERTEX_POINT('',#4877);
#1420=VERTEX_POINT('',#4878);
#1421=VERTEX_POINT('',#4891);
#1422=VERTEX_POINT('',#4895);
#1423=VERTEX_POINT('',#4902);
#1424=VERTEX_POINT('',#4904);
#1425=EDGE_CURVE('',#1165,#1166,#461,.F.);
#1426=EDGE_CURVE('',#1166,#1167,#462,.T.);
#1427=EDGE_CURVE('',#1167,#1168,#463,.T.);
#1428=EDGE_CURVE('',#1168,#1165,#464,.T.);
#1429=EDGE_CURVE('',#1166,#1169,#465,.T.);
#1430=EDGE_CURVE('',#1170,#1169,#466,.T.);
#1431=EDGE_CURVE('',#1170,#1167,#467,.T.);
#1432=EDGE_CURVE('',#1171,#1170,#468,.T.);
#1433=EDGE_CURVE('',#1172,#1169,#469,.T.);
#1434=EDGE_CURVE('',#1172,#1171,#470,.T.);
#1435=EDGE_CURVE('',#1172,#1173,#471,.T.);
#1436=EDGE_CURVE('',#1174,#1173,#472,.T.);
#1437=EDGE_CURVE('',#1175,#1174,#81,.T.);
#1438=EDGE_CURVE('',#1171,#1175,#473,.T.);
#1439=EDGE_CURVE('',#1176,#1177,#474,.F.);
#1440=EDGE_CURVE('',#1177,#1178,#475,.T.);
#1441=EDGE_CURVE('',#1178,#1179,#476,.T.);
#1442=EDGE_CURVE('',#1179,#1176,#477,.T.);
#1443=EDGE_CURVE('',#1180,#1181,#478,.T.);
#1444=EDGE_CURVE('',#1181,#1179,#82,.T.);
#1445=EDGE_CURVE('',#1178,#1180,#83,.T.);
#1446=EDGE_CURVE('',#1182,#1183,#479,.T.);
#1447=EDGE_CURVE('',#1183,#1181,#480,.T.);
#1448=EDGE_CURVE('',#1180,#1182,#481,.T.);
#1449=EDGE_CURVE('',#1184,#1185,#482,.F.);
#1450=EDGE_CURVE('',#1185,#1186,#483,.T.);
#1451=EDGE_CURVE('',#1186,#1182,#484,.T.);
#1452=EDGE_CURVE('',#1182,#1184,#485,.T.);
#1453=EDGE_CURVE('',#1186,#1183,#84,.T.);
#1454=EDGE_CURVE('',#1179,#1187,#486,.T.);
#1455=EDGE_CURVE('',#1188,#1187,#487,.T.);
#1456=EDGE_CURVE('',#1188,#1176,#488,.T.);
#1457=EDGE_CURVE('',#1181,#1189,#489,.T.);
#1458=EDGE_CURVE('',#1187,#1189,#85,.T.);
#1459=EDGE_CURVE('',#1183,#1190,#490,.T.);
#1460=EDGE_CURVE('',#1189,#1190,#491,.T.);
#1461=EDGE_CURVE('',#1186,#1191,#492,.T.);
#1462=EDGE_CURVE('',#1190,#1191,#86,.T.);
#1463=EDGE_CURVE('',#1185,#1192,#493,.T.);
#1464=EDGE_CURVE('',#1191,#1192,#494,.T.);
#1465=EDGE_CURVE('',#1192,#1193,#495,.F.);
#1466=EDGE_CURVE('',#1193,#1194,#496,.T.);
#1467=EDGE_CURVE('',#1194,#1191,#497,.T.);
#1468=EDGE_CURVE('',#1195,#1189,#498,.T.);
#1469=EDGE_CURVE('',#1190,#1194,#499,.T.);
#1470=EDGE_CURVE('',#1194,#1195,#500,.T.);
#1471=EDGE_CURVE('',#1196,#1187,#501,.T.);
#1472=EDGE_CURVE('',#1195,#1196,#87,.T.);
#1473=EDGE_CURVE('',#1197,#1188,#502,.F.);
#1474=EDGE_CURVE('',#1196,#1197,#503,.T.);
#1475=EDGE_CURVE('',#1198,#1199,#504,.F.);
#1476=EDGE_CURVE('',#1199,#1200,#505,.T.);
#1477=EDGE_CURVE('',#1200,#1201,#506,.T.);
#1478=EDGE_CURVE('',#1201,#1198,#507,.T.);
#1479=EDGE_CURVE('',#1202,#1203,#508,.T.);
#1480=EDGE_CURVE('',#1203,#1201,#509,.T.);
#1481=EDGE_CURVE('',#1201,#1204,#510,.T.);
#1482=EDGE_CURVE('',#1204,#1202,#511,.T.);
#1483=EDGE_CURVE('',#1205,#1206,#512,.T.);
#1484=EDGE_CURVE('',#1206,#1203,#88,.T.);
#1485=EDGE_CURVE('',#1202,#1205,#89,.T.);
#1486=EDGE_CURVE('',#1207,#1208,#513,.F.);
#1487=EDGE_CURVE('',#1208,#1206,#514,.T.);
#1488=EDGE_CURVE('',#1205,#1207,#515,.T.);
#1489=EDGE_CURVE('',#1200,#1204,#90,.T.);
#1490=EDGE_CURVE('',#1209,#1205,#516,.T.);
#1491=EDGE_CURVE('',#1210,#1209,#517,.T.);
#1492=EDGE_CURVE('',#1207,#1210,#518,.T.);
#1493=EDGE_CURVE('',#1211,#1202,#519,.T.);
#1494=EDGE_CURVE('',#1209,#1211,#91,.T.);
#1495=EDGE_CURVE('',#1212,#1204,#520,.T.);
#1496=EDGE_CURVE('',#1211,#1212,#521,.T.);
#1497=EDGE_CURVE('',#1213,#1210,#522,.F.);
#1498=EDGE_CURVE('',#1209,#1214,#523,.T.);
#1499=EDGE_CURVE('',#1214,#1213,#524,.T.);
#1500=EDGE_CURVE('',#1211,#1215,#525,.T.);
#1501=EDGE_CURVE('',#1215,#1214,#92,.T.);
#1502=EDGE_CURVE('',#1212,#1216,#526,.T.);
#1503=EDGE_CURVE('',#1216,#1215,#527,.T.);
#1504=EDGE_CURVE('',#1217,#1218,#528,.F.);
#1505=EDGE_CURVE('',#1218,#1216,#529,.T.);
#1506=EDGE_CURVE('',#1216,#1219,#530,.T.);
#1507=EDGE_CURVE('',#1219,#1217,#531,.T.);
#1508=EDGE_CURVE('',#1212,#1219,#93,.T.);
#1509=EDGE_CURVE('',#1213,#1218,#532,.T.);
#1510=EDGE_CURVE('',#1220,#1221,#533,.T.);
#1511=EDGE_CURVE('',#1220,#1222,#534,.T.);
#1512=EDGE_CURVE('',#1222,#1223,#535,.T.);
#1513=EDGE_CURVE('',#1223,#1221,#536,.T.);
#1514=EDGE_CURVE('',#1224,#1223,#537,.T.);
#1515=EDGE_CURVE('',#1225,#1224,#538,.T.);
#1516=EDGE_CURVE('',#1221,#1225,#539,.T.);
#1517=EDGE_CURVE('',#1226,#1222,#540,.T.);
#1518=EDGE_CURVE('',#1226,#1227,#541,.T.);
#1519=EDGE_CURVE('',#1228,#1227,#542,.T.);
#1520=EDGE_CURVE('',#1224,#1228,#543,.T.);
#1521=EDGE_CURVE('',#1228,#1229,#544,.T.);
#1522=EDGE_CURVE('',#1229,#1225,#545,.F.);
#1523=EDGE_CURVE('',#1230,#1231,#546,.T.);
#1524=EDGE_CURVE('',#1231,#1232,#547,.F.);
#1525=EDGE_CURVE('',#1232,#1233,#548,.T.);
#1526=EDGE_CURVE('',#1233,#1230,#19,.T.);
#1527=EDGE_CURVE('',#1233,#1234,#94,.T.);
#1528=EDGE_CURVE('',#1234,#1235,#20,.T.);
#1529=EDGE_CURVE('',#1235,#1230,#95,.T.);
#1530=EDGE_CURVE('',#1234,#1236,#549,.T.);
#1531=EDGE_CURVE('',#1236,#1237,#21,.T.);
#1532=EDGE_CURVE('',#1237,#1235,#550,.T.);
#1533=EDGE_CURVE('',#1236,#1238,#96,.T.);
#1534=EDGE_CURVE('',#1238,#1239,#22,.T.);
#1535=EDGE_CURVE('',#1239,#1237,#97,.T.);
#1536=EDGE_CURVE('',#1238,#1240,#98,.T.);
#1537=EDGE_CURVE('',#1240,#1241,#23,.T.);
#1538=EDGE_CURVE('',#1241,#1239,#99,.T.);
#1539=EDGE_CURVE('',#1240,#1242,#100,.T.);
#1540=EDGE_CURVE('',#1242,#1243,#24,.T.);
#1541=EDGE_CURVE('',#1243,#1241,#101,.T.);
#1542=EDGE_CURVE('',#1242,#1244,#551,.T.);
#1543=EDGE_CURVE('',#1244,#1245,#552,.T.);
#1544=EDGE_CURVE('',#1245,#1243,#553,.T.);
#1545=EDGE_CURVE('',#1246,#1245,#554,.T.);
#1546=EDGE_CURVE('',#1244,#1247,#555,.T.);
#1547=EDGE_CURVE('',#1247,#1246,#556,.T.);
#1548=EDGE_CURVE('',#1247,#1248,#557,.T.);
#1549=EDGE_CURVE('',#1248,#1249,#558,.T.);
#1550=EDGE_CURVE('',#1249,#1246,#559,.T.);
#1551=EDGE_CURVE('',#1250,#1230,#560,.T.);
#1552=EDGE_CURVE('',#1251,#1250,#561,.T.);
#1553=EDGE_CURVE('',#1251,#1231,#562,.T.);
#1554=EDGE_CURVE('',#1252,#1235,#563,.T.);
#1555=EDGE_CURVE('',#1253,#1252,#564,.T.);
#1556=EDGE_CURVE('',#1254,#1253,#565,.T.);
#1557=EDGE_CURVE('',#1250,#1254,#102,.T.);
#1558=EDGE_CURVE('',#1255,#1237,#566,.T.);
#1559=EDGE_CURVE('',#1254,#1255,#567,.T.);
#1560=EDGE_CURVE('',#1253,#1256,#568,.T.);
#1561=EDGE_CURVE('',#1256,#1257,#569,.T.);
#1562=EDGE_CURVE('',#1257,#1252,#570,.T.);
#1563=EDGE_CURVE('',#1258,#1239,#571,.T.);
#1564=EDGE_CURVE('',#1255,#1258,#103,.T.);
#1565=EDGE_CURVE('',#1259,#1241,#572,.T.);
#1566=EDGE_CURVE('',#1258,#1259,#104,.T.);
#1567=EDGE_CURVE('',#1260,#1243,#573,.T.);
#1568=EDGE_CURVE('',#1259,#1260,#105,.T.);
#1569=EDGE_CURVE('',#1261,#1245,#574,.T.);
#1570=EDGE_CURVE('',#1260,#1261,#575,.T.);
#1571=EDGE_CURVE('',#1262,#1246,#576,.T.);
#1572=EDGE_CURVE('',#1263,#1262,#577,.T.);
#1573=EDGE_CURVE('',#1264,#1263,#578,.T.);
#1574=EDGE_CURVE('',#1261,#1264,#579,.T.);
#1575=EDGE_CURVE('',#1217,#1199,#580,.T.);
#1576=EDGE_CURVE('',#1198,#1208,#581,.T.);
#1577=EDGE_CURVE('',#1225,#1249,#582,.T.);
#1578=EDGE_CURVE('',#1229,#1262,#583,.T.);
#1579=EDGE_CURVE('',#1248,#1265,#584,.T.);
#1580=EDGE_CURVE('',#1266,#1265,#585,.T.);
#1581=EDGE_CURVE('',#1267,#1266,#586,.T.);
#1582=EDGE_CURVE('',#1268,#1267,#587,.T.);
#1583=EDGE_CURVE('',#1269,#1268,#588,.T.);
#1584=EDGE_CURVE('',#1270,#1269,#589,.T.);
#1585=EDGE_CURVE('',#1270,#1221,#590,.T.);
#1586=EDGE_CURVE('',#1271,#1272,#591,.T.);
#1587=EDGE_CURVE('',#1272,#1273,#592,.T.);
#1588=EDGE_CURVE('',#1273,#1274,#593,.T.);
#1589=EDGE_CURVE('',#1274,#1271,#594,.T.);
#1590=EDGE_CURVE('',#1274,#1275,#595,.T.);
#1591=EDGE_CURVE('',#1275,#1276,#596,.T.);
#1592=EDGE_CURVE('',#1276,#1271,#597,.T.);
#1593=EDGE_CURVE('',#1277,#1278,#106,.T.);
#1594=EDGE_CURVE('',#1278,#1279,#25,.T.);
#1595=EDGE_CURVE('',#1279,#1280,#107,.T.);
#1596=EDGE_CURVE('',#1280,#1277,#26,.T.);
#1597=EDGE_CURVE('',#1278,#1281,#108,.T.);
#1598=EDGE_CURVE('',#1281,#1282,#27,.T.);
#1599=EDGE_CURVE('',#1282,#1279,#109,.T.);
#1600=EDGE_CURVE('',#1281,#1283,#110,.T.);
#1601=EDGE_CURVE('',#1283,#1284,#28,.T.);
#1602=EDGE_CURVE('',#1284,#1282,#111,.T.);
#1603=EDGE_CURVE('',#1283,#1285,#598,.T.);
#1604=EDGE_CURVE('',#1285,#1286,#599,.T.);
#1605=EDGE_CURVE('',#1286,#1284,#600,.T.);
#1606=EDGE_CURVE('',#1285,#1287,#601,.T.);
#1607=EDGE_CURVE('',#1287,#1288,#602,.F.);
#1608=EDGE_CURVE('',#1288,#1286,#603,.T.);
#1609=EDGE_CURVE('',#1275,#1277,#604,.T.);
#1610=EDGE_CURVE('',#1280,#1276,#605,.T.);
#1611=EDGE_CURVE('',#1169,#1272,#606,.T.);
#1612=EDGE_CURVE('',#1289,#1166,#607,.T.);
#1613=EDGE_CURVE('',#1290,#1289,#608,.T.);
#1614=EDGE_CURVE('',#1290,#1291,#609,.T.);
#1615=EDGE_CURVE('',#1292,#1291,#610,.T.);
#1616=EDGE_CURVE('',#1293,#1292,#611,.T.);
#1617=EDGE_CURVE('',#1293,#1294,#612,.T.);
#1618=EDGE_CURVE('',#1294,#1295,#613,.T.);
#1619=EDGE_CURVE('',#1296,#1295,#614,.T.);
#1620=EDGE_CURVE('',#1273,#1296,#615,.T.);
#1621=EDGE_CURVE('',#1173,#1271,#616,.T.);
#1622=EDGE_CURVE('',#1297,#1276,#617,.T.);
#1623=EDGE_CURVE('',#1298,#1297,#618,.T.);
#1624=EDGE_CURVE('',#1298,#1299,#619,.T.);
#1625=EDGE_CURVE('',#1299,#1173,#620,.T.);
#1626=EDGE_CURVE('',#1193,#1197,#621,.T.);
#1627=EDGE_CURVE('',#1177,#1184,#622,.T.);
#1628=EDGE_CURVE('',#1300,#1280,#623,.T.);
#1629=EDGE_CURVE('',#1297,#1300,#624,.T.);
#1630=EDGE_CURVE('',#1301,#1279,#625,.T.);
#1631=EDGE_CURVE('',#1300,#1301,#112,.T.);
#1632=EDGE_CURVE('',#1302,#1282,#626,.T.);
#1633=EDGE_CURVE('',#1301,#1302,#113,.T.);
#1634=EDGE_CURVE('',#1303,#1284,#627,.T.);
#1635=EDGE_CURVE('',#1302,#1303,#114,.T.);
#1636=EDGE_CURVE('',#1286,#1304,#628,.T.);
#1637=EDGE_CURVE('',#1304,#1305,#629,.T.);
#1638=EDGE_CURVE('',#1306,#1305,#630,.T.);
#1639=EDGE_CURVE('',#1306,#1307,#631,.T.);
#1640=EDGE_CURVE('',#1307,#1308,#632,.T.);
#1641=EDGE_CURVE('',#1303,#1308,#633,.T.);
#1642=EDGE_CURVE('',#1309,#1288,#634,.T.);
#1643=EDGE_CURVE('',#1309,#1304,#635,.T.);
#1644=EDGE_CURVE('',#1310,#1311,#636,.T.);
#1645=EDGE_CURVE('',#1311,#1312,#637,.F.);
#1646=EDGE_CURVE('',#1312,#1313,#638,.T.);
#1647=EDGE_CURVE('',#1313,#1310,#29,.T.);
#1648=EDGE_CURVE('',#1314,#1310,#115,.T.);
#1649=EDGE_CURVE('',#1313,#1315,#116,.T.);
#1650=EDGE_CURVE('',#1315,#1314,#30,.T.);
#1651=EDGE_CURVE('',#1315,#1316,#639,.T.);
#1652=EDGE_CURVE('',#1316,#1317,#640,.F.);
#1653=EDGE_CURVE('',#1317,#1314,#641,.T.);
#1654=EDGE_CURVE('',#1305,#1310,#642,.T.);
#1655=EDGE_CURVE('',#1305,#1318,#643,.T.);
#1656=EDGE_CURVE('',#1318,#1311,#644,.T.);
#1657=EDGE_CURVE('',#1314,#1319,#645,.T.);
#1658=EDGE_CURVE('',#1320,#1319,#117,.T.);
#1659=EDGE_CURVE('',#1320,#1306,#646,.T.);
#1660=EDGE_CURVE('',#1321,#1317,#647,.T.);
#1661=EDGE_CURVE('',#1319,#1321,#648,.T.);
#1662=EDGE_CURVE('',#1321,#1322,#649,.F.);
#1663=EDGE_CURVE('',#1322,#1323,#650,.T.);
#1664=EDGE_CURVE('',#1323,#1319,#31,.T.);
#1665=EDGE_CURVE('',#1323,#1324,#118,.T.);
#1666=EDGE_CURVE('',#1324,#1320,#32,.T.);
#1667=EDGE_CURVE('',#1324,#1325,#651,.T.);
#1668=EDGE_CURVE('',#1325,#1326,#652,.F.);
#1669=EDGE_CURVE('',#1326,#1320,#653,.T.);
#1670=EDGE_CURVE('',#1326,#1327,#654,.T.);
#1671=EDGE_CURVE('',#1327,#1306,#655,.T.);
#1672=EDGE_CURVE('',#1308,#1328,#656,.T.);
#1673=EDGE_CURVE('',#1328,#1329,#657,.F.);
#1674=EDGE_CURVE('',#1329,#1330,#658,.T.);
#1675=EDGE_CURVE('',#1330,#1308,#659,.T.);
#1676=EDGE_CURVE('',#1331,#1332,#119,.T.);
#1677=EDGE_CURVE('',#1332,#1302,#33,.T.);
#1678=EDGE_CURVE('',#1303,#1331,#34,.T.);
#1679=EDGE_CURVE('',#1333,#1334,#120,.T.);
#1680=EDGE_CURVE('',#1334,#1300,#35,.T.);
#1681=EDGE_CURVE('',#1301,#1333,#36,.T.);
#1682=EDGE_CURVE('',#1334,#1335,#660,.T.);
#1683=EDGE_CURVE('',#1335,#1297,#661,.T.);
#1684=EDGE_CURVE('',#1335,#1336,#662,.T.);
#1685=EDGE_CURVE('',#1336,#1298,#663,.T.);
#1686=EDGE_CURVE('',#1332,#1333,#121,.T.);
#1687=EDGE_CURVE('',#1336,#1290,#664,.T.);
#1688=EDGE_CURVE('',#1289,#1298,#665,.T.);
#1689=EDGE_CURVE('',#1330,#1331,#666,.T.);
#1690=EDGE_CURVE('',#1299,#1165,#667,.T.);
#1691=EDGE_CURVE('',#1258,#1337,#37,.T.);
#1692=EDGE_CURVE('',#1337,#1338,#122,.T.);
#1693=EDGE_CURVE('',#1338,#1255,#38,.T.);
#1694=EDGE_CURVE('',#1264,#1270,#668,.T.);
#1695=EDGE_CURVE('',#1269,#1339,#669,.T.);
#1696=EDGE_CURVE('',#1339,#1264,#670,.T.);
#1697=EDGE_CURVE('',#1339,#1340,#671,.T.);
#1698=EDGE_CURVE('',#1340,#1261,#672,.T.);
#1699=EDGE_CURVE('',#1340,#1341,#673,.T.);
#1700=EDGE_CURVE('',#1341,#1260,#39,.T.);
#1701=EDGE_CURVE('',#1341,#1342,#123,.T.);
#1702=EDGE_CURVE('',#1342,#1259,#40,.T.);
#1703=EDGE_CURVE('',#1342,#1337,#124,.T.);
#1704=EDGE_CURVE('',#1338,#1343,#674,.T.);
#1705=EDGE_CURVE('',#1343,#1254,#41,.T.);
#1706=EDGE_CURVE('',#1343,#1344,#125,.T.);
#1707=EDGE_CURVE('',#1344,#1250,#42,.T.);
#1708=EDGE_CURVE('',#1344,#1345,#675,.T.);
#1709=EDGE_CURVE('',#1345,#1251,#676,.F.);
#1710=EDGE_CURVE('',#1263,#1220,#677,.T.);
#1711=EDGE_CURVE('',#1346,#1347,#678,.T.);
#1712=EDGE_CURVE('',#1348,#1346,#679,.T.);
#1713=EDGE_CURVE('',#1349,#1348,#680,.T.);
#1714=EDGE_CURVE('',#1349,#1347,#681,.T.);
#1715=EDGE_CURVE('',#1347,#1350,#682,.T.);
#1716=EDGE_CURVE('',#1351,#1349,#683,.T.);
#1717=EDGE_CURVE('',#1351,#1350,#684,.T.);
#1718=EDGE_CURVE('',#1348,#1266,#685,.T.);
#1719=EDGE_CURVE('',#1265,#1352,#686,.T.);
#1720=EDGE_CURVE('',#1352,#1353,#687,.T.);
#1721=EDGE_CURVE('',#1353,#1354,#688,.T.);
#1722=EDGE_CURVE('',#1354,#1355,#689,.T.);
#1723=EDGE_CURVE('',#1355,#1351,#690,.T.);
#1724=EDGE_CURVE('',#1352,#1356,#691,.T.);
#1725=EDGE_CURVE('',#1357,#1356,#692,.T.);
#1726=EDGE_CURVE('',#1357,#1353,#693,.T.);
#1727=EDGE_CURVE('',#1356,#1358,#694,.T.);
#1728=EDGE_CURVE('',#1359,#1358,#695,.T.);
#1729=EDGE_CURVE('',#1359,#1357,#696,.T.);
#1730=EDGE_CURVE('',#1358,#1360,#697,.T.);
#1731=EDGE_CURVE('',#1361,#1360,#698,.T.);
#1732=EDGE_CURVE('',#1361,#1359,#699,.T.);
#1733=EDGE_CURVE('',#1360,#1362,#700,.T.);
#1734=EDGE_CURVE('',#1363,#1362,#701,.T.);
#1735=EDGE_CURVE('',#1363,#1361,#702,.T.);
#1736=EDGE_CURVE('',#1362,#1364,#703,.T.);
#1737=EDGE_CURVE('',#1365,#1364,#704,.T.);
#1738=EDGE_CURVE('',#1365,#1363,#705,.T.);
#1739=EDGE_CURVE('',#1364,#1366,#706,.T.);
#1740=EDGE_CURVE('',#1367,#1366,#707,.T.);
#1741=EDGE_CURVE('',#1367,#1365,#708,.T.);
#1742=EDGE_CURVE('',#1366,#1368,#709,.T.);
#1743=EDGE_CURVE('',#1369,#1368,#710,.T.);
#1744=EDGE_CURVE('',#1369,#1367,#711,.T.);
#1745=EDGE_CURVE('',#1368,#1312,#712,.T.);
#1746=EDGE_CURVE('',#1318,#1369,#713,.T.);
#1747=EDGE_CURVE('',#1370,#1371,#714,.T.);
#1748=EDGE_CURVE('',#1372,#1370,#715,.T.);
#1749=EDGE_CURVE('',#1373,#1372,#716,.T.);
#1750=EDGE_CURVE('',#1371,#1373,#717,.T.);
#1751=EDGE_CURVE('',#1370,#1374,#718,.T.);
#1752=EDGE_CURVE('',#1374,#1375,#719,.T.);
#1753=EDGE_CURVE('',#1375,#1376,#720,.T.);
#1754=EDGE_CURVE('',#1377,#1376,#721,.T.);
#1755=EDGE_CURVE('',#1378,#1377,#722,.T.);
#1756=EDGE_CURVE('',#1378,#1379,#723,.T.);
#1757=EDGE_CURVE('',#1379,#1372,#724,.T.);
#1758=EDGE_CURVE('',#1380,#1371,#725,.T.);
#1759=EDGE_CURVE('',#1380,#1374,#726,.F.);
#1760=EDGE_CURVE('',#1381,#1380,#727,.T.);
#1761=EDGE_CURVE('',#1375,#1381,#728,.T.);
#1762=EDGE_CURVE('',#1379,#1382,#729,.F.);
#1763=EDGE_CURVE('',#1373,#1382,#730,.T.);
#1764=EDGE_CURVE('',#1382,#1383,#731,.T.);
#1765=EDGE_CURVE('',#1383,#1378,#732,.T.);
#1766=EDGE_CURVE('',#1383,#1384,#733,.T.);
#1767=EDGE_CURVE('',#1385,#1384,#734,.T.);
#1768=EDGE_CURVE('',#1381,#1385,#735,.T.);
#1769=EDGE_CURVE('',#1386,#1327,#736,.T.);
#1770=EDGE_CURVE('',#1325,#1387,#737,.T.);
#1771=EDGE_CURVE('',#1386,#1387,#738,.T.);
#1772=EDGE_CURVE('',#1376,#1385,#739,.T.);
#1773=EDGE_CURVE('',#1384,#1377,#740,.T.);
#1774=EDGE_CURVE('',#1268,#1388,#741,.T.);
#1775=EDGE_CURVE('',#1389,#1267,#742,.T.);
#1776=EDGE_CURVE('',#1388,#1389,#743,.T.);
#1777=EDGE_CURVE('',#1388,#1390,#744,.T.);
#1778=EDGE_CURVE('',#1391,#1389,#745,.T.);
#1779=EDGE_CURVE('',#1390,#1391,#746,.T.);
#1780=EDGE_CURVE('',#1390,#1392,#747,.T.);
#1781=EDGE_CURVE('',#1393,#1391,#748,.T.);
#1782=EDGE_CURVE('',#1392,#1393,#749,.T.);
#1783=EDGE_CURVE('',#1392,#1387,#750,.T.);
#1784=EDGE_CURVE('',#1394,#1393,#751,.T.);
#1785=EDGE_CURVE('',#1395,#1394,#752,.T.);
#1786=EDGE_CURVE('',#1395,#1386,#753,.T.);
#1787=EDGE_CURVE('',#1355,#1394,#754,.T.);
#1788=EDGE_CURVE('',#1350,#1346,#755,.T.);
#1789=EDGE_CURVE('',#1396,#1397,#756,.T.);
#1790=EDGE_CURVE('',#1397,#1398,#757,.T.);
#1791=EDGE_CURVE('',#1399,#1398,#758,.T.);
#1792=EDGE_CURVE('',#1396,#1399,#759,.T.);
#1793=EDGE_CURVE('',#1396,#1294,#760,.T.);
#1794=EDGE_CURVE('',#1295,#1399,#761,.T.);
#1795=EDGE_CURVE('',#1398,#1400,#762,.T.);
#1796=EDGE_CURVE('',#1400,#1401,#763,.T.);
#1797=EDGE_CURVE('',#1401,#1296,#764,.T.);
#1798=EDGE_CURVE('',#1402,#1403,#765,.T.);
#1799=EDGE_CURVE('',#1403,#1404,#766,.T.);
#1800=EDGE_CURVE('',#1405,#1404,#767,.T.);
#1801=EDGE_CURVE('',#1402,#1405,#768,.T.);
#1802=EDGE_CURVE('',#1293,#1403,#769,.T.);
#1803=EDGE_CURVE('',#1404,#1292,#770,.T.);
#1804=EDGE_CURVE('',#1291,#1406,#771,.T.);
#1805=EDGE_CURVE('',#1406,#1407,#772,.T.);
#1806=EDGE_CURVE('',#1407,#1405,#773,.T.);
#1807=EDGE_CURVE('',#1403,#1396,#774,.T.);
#1808=EDGE_CURVE('',#1408,#1409,#775,.T.);
#1809=EDGE_CURVE('',#1407,#1408,#776,.T.);
#1810=EDGE_CURVE('',#1409,#1406,#777,.T.);
#1811=EDGE_CURVE('',#1410,#1411,#778,.T.);
#1812=EDGE_CURVE('',#1400,#1410,#779,.T.);
#1813=EDGE_CURVE('',#1252,#1397,#780,.T.);
#1814=EDGE_CURVE('',#1411,#1257,#781,.T.);
#1815=EDGE_CURVE('',#1412,#1408,#782,.T.);
#1816=EDGE_CURVE('',#1256,#1412,#783,.T.);
#1817=EDGE_CURVE('',#1402,#1253,#784,.T.);
#1818=EDGE_CURVE('',#1413,#1410,#785,.T.);
#1819=EDGE_CURVE('',#1413,#1401,#786,.T.);
#1820=EDGE_CURVE('',#1414,#1409,#787,.T.);
#1821=EDGE_CURVE('',#1414,#1415,#788,.T.);
#1822=EDGE_CURVE('',#1413,#1415,#789,.T.);
#1823=EDGE_CURVE('',#1412,#1411,#790,.T.);
#1824=EDGE_CURVE('',#1416,#1168,#791,.T.);
#1825=EDGE_CURVE('',#1417,#1416,#126,.T.);
#1826=EDGE_CURVE('',#1299,#1417,#792,.T.);
#1827=EDGE_CURVE('',#1417,#1174,#793,.T.);
#1828=EDGE_CURVE('',#1416,#1175,#794,.T.);
#1829=EDGE_CURVE('',#1415,#1316,#795,.T.);
#1830=EDGE_CURVE('',#1414,#1322,#796,.T.);
#1831=EDGE_CURVE('',#1418,#1309,#797,.T.);
#1832=EDGE_CURVE('',#1354,#1418,#798,.T.);
#1833=EDGE_CURVE('',#1419,#1420,#799,.T.);
#1834=EDGE_CURVE('',#1307,#1419,#800,.T.);
#1835=EDGE_CURVE('',#1395,#1420,#801,.T.);
#1836=EDGE_CURVE('',#1420,#1418,#802,.T.);
#1837=EDGE_CURVE('',#1328,#1419,#803,.T.);
#1838=EDGE_CURVE('',#1219,#1200,#804,.T.);
#1839=EDGE_CURVE('',#1263,#1421,#805,.T.);
#1840=EDGE_CURVE('',#1421,#1226,#127,.T.);
#1841=EDGE_CURVE('',#1422,#1262,#806,.T.);
#1842=EDGE_CURVE('',#1421,#1422,#807,.T.);
#1843=EDGE_CURVE('',#1227,#1422,#128,.T.);
#1844=EDGE_CURVE('',#1287,#1423,#808,.T.);
#1845=EDGE_CURVE('',#1424,#1423,#809,.T.);
#1846=EDGE_CURVE('',#1424,#1329,#810,.T.);
#1847=EDGE_CURVE('',#1423,#1232,#811,.T.);
#1848=EDGE_CURVE('',#1424,#1345,#812,.T.);
#1849=ORIENTED_EDGE('',*,*,#1425,.T.);
#1850=ORIENTED_EDGE('',*,*,#1426,.T.);
#1851=ORIENTED_EDGE('',*,*,#1427,.T.);
#1852=ORIENTED_EDGE('',*,*,#1428,.T.);
#1853=ORIENTED_EDGE('',*,*,#1426,.F.);
#1854=ORIENTED_EDGE('',*,*,#1429,.T.);
#1855=ORIENTED_EDGE('',*,*,#1430,.F.);
#1856=ORIENTED_EDGE('',*,*,#1431,.T.);
#1857=ORIENTED_EDGE('',*,*,#1432,.T.);
#1858=ORIENTED_EDGE('',*,*,#1430,.T.);
#1859=ORIENTED_EDGE('',*,*,#1433,.F.);
#1860=ORIENTED_EDGE('',*,*,#1434,.T.);
#1861=ORIENTED_EDGE('',*,*,#1434,.F.);
#1862=ORIENTED_EDGE('',*,*,#1435,.T.);
#1863=ORIENTED_EDGE('',*,*,#1436,.F.);
#1864=ORIENTED_EDGE('',*,*,#1437,.F.);
#1865=ORIENTED_EDGE('',*,*,#1438,.F.);
#1866=ORIENTED_EDGE('',*,*,#1439,.T.);
#1867=ORIENTED_EDGE('',*,*,#1440,.T.);
#1868=ORIENTED_EDGE('',*,*,#1441,.T.);
#1869=ORIENTED_EDGE('',*,*,#1442,.T.);
#1870=ORIENTED_EDGE('',*,*,#1443,.T.);
#1871=ORIENTED_EDGE('',*,*,#1444,.T.);
#1872=ORIENTED_EDGE('',*,*,#1441,.F.);
#1873=ORIENTED_EDGE('',*,*,#1445,.T.);
#1874=ORIENTED_EDGE('',*,*,#1446,.T.);
#1875=ORIENTED_EDGE('',*,*,#1447,.T.);
#1876=ORIENTED_EDGE('',*,*,#1443,.F.);
#1877=ORIENTED_EDGE('',*,*,#1448,.T.);
#1878=ORIENTED_EDGE('',*,*,#1449,.T.);
#1879=ORIENTED_EDGE('',*,*,#1450,.T.);
#1880=ORIENTED_EDGE('',*,*,#1451,.T.);
#1881=ORIENTED_EDGE('',*,*,#1452,.T.);
#1882=ORIENTED_EDGE('',*,*,#1451,.F.);
#1883=ORIENTED_EDGE('',*,*,#1453,.T.);
#1884=ORIENTED_EDGE('',*,*,#1446,.F.);
#1885=ORIENTED_EDGE('',*,*,#1442,.F.);
#1886=ORIENTED_EDGE('',*,*,#1454,.T.);
#1887=ORIENTED_EDGE('',*,*,#1455,.F.);
#1888=ORIENTED_EDGE('',*,*,#1456,.T.);
#1889=ORIENTED_EDGE('',*,*,#1444,.F.);
#1890=ORIENTED_EDGE('',*,*,#1457,.T.);
#1891=ORIENTED_EDGE('',*,*,#1458,.F.);
#1892=ORIENTED_EDGE('',*,*,#1454,.F.);
#1893=ORIENTED_EDGE('',*,*,#1447,.F.);
#1894=ORIENTED_EDGE('',*,*,#1459,.T.);
#1895=ORIENTED_EDGE('',*,*,#1460,.F.);
#1896=ORIENTED_EDGE('',*,*,#1457,.F.);
#1897=ORIENTED_EDGE('',*,*,#1453,.F.);
#1898=ORIENTED_EDGE('',*,*,#1461,.T.);
#1899=ORIENTED_EDGE('',*,*,#1462,.F.);
#1900=ORIENTED_EDGE('',*,*,#1459,.F.);
#1901=ORIENTED_EDGE('',*,*,#1450,.F.);
#1902=ORIENTED_EDGE('',*,*,#1463,.T.);
#1903=ORIENTED_EDGE('',*,*,#1464,.F.);
#1904=ORIENTED_EDGE('',*,*,#1461,.F.);
#1905=ORIENTED_EDGE('',*,*,#1465,.T.);
#1906=ORIENTED_EDGE('',*,*,#1466,.T.);
#1907=ORIENTED_EDGE('',*,*,#1467,.T.);
#1908=ORIENTED_EDGE('',*,*,#1464,.T.);
#1909=ORIENTED_EDGE('',*,*,#1468,.T.);
#1910=ORIENTED_EDGE('',*,*,#1460,.T.);
#1911=ORIENTED_EDGE('',*,*,#1469,.T.);
#1912=ORIENTED_EDGE('',*,*,#1470,.T.);
#1913=ORIENTED_EDGE('',*,*,#1471,.T.);
#1914=ORIENTED_EDGE('',*,*,#1458,.T.);
#1915=ORIENTED_EDGE('',*,*,#1468,.F.);
#1916=ORIENTED_EDGE('',*,*,#1472,.T.);
#1917=ORIENTED_EDGE('',*,*,#1473,.T.);
#1918=ORIENTED_EDGE('',*,*,#1455,.T.);
#1919=ORIENTED_EDGE('',*,*,#1471,.F.);
#1920=ORIENTED_EDGE('',*,*,#1474,.T.);
#1921=ORIENTED_EDGE('',*,*,#1469,.F.);
#1922=ORIENTED_EDGE('',*,*,#1462,.T.);
#1923=ORIENTED_EDGE('',*,*,#1467,.F.);
#1924=ORIENTED_EDGE('',*,*,#1475,.T.);
#1925=ORIENTED_EDGE('',*,*,#1476,.T.);
#1926=ORIENTED_EDGE('',*,*,#1477,.T.);
#1927=ORIENTED_EDGE('',*,*,#1478,.T.);
#1928=ORIENTED_EDGE('',*,*,#1479,.T.);
#1929=ORIENTED_EDGE('',*,*,#1480,.T.);
#1930=ORIENTED_EDGE('',*,*,#1481,.T.);
#1931=ORIENTED_EDGE('',*,*,#1482,.T.);
#1932=ORIENTED_EDGE('',*,*,#1483,.T.);
#1933=ORIENTED_EDGE('',*,*,#1484,.T.);
#1934=ORIENTED_EDGE('',*,*,#1479,.F.);
#1935=ORIENTED_EDGE('',*,*,#1485,.T.);
#1936=ORIENTED_EDGE('',*,*,#1486,.T.);
#1937=ORIENTED_EDGE('',*,*,#1487,.T.);
#1938=ORIENTED_EDGE('',*,*,#1483,.F.);
#1939=ORIENTED_EDGE('',*,*,#1488,.T.);
#1940=ORIENTED_EDGE('',*,*,#1481,.F.);
#1941=ORIENTED_EDGE('',*,*,#1477,.F.);
#1942=ORIENTED_EDGE('',*,*,#1489,.T.);
#1943=ORIENTED_EDGE('',*,*,#1488,.F.);
#1944=ORIENTED_EDGE('',*,*,#1490,.F.);
#1945=ORIENTED_EDGE('',*,*,#1491,.F.);
#1946=ORIENTED_EDGE('',*,*,#1492,.F.);
#1947=ORIENTED_EDGE('',*,*,#1485,.F.);
#1948=ORIENTED_EDGE('',*,*,#1493,.F.);
#1949=ORIENTED_EDGE('',*,*,#1494,.F.);
#1950=ORIENTED_EDGE('',*,*,#1490,.T.);
#1951=ORIENTED_EDGE('',*,*,#1482,.F.);
#1952=ORIENTED_EDGE('',*,*,#1495,.F.);
#1953=ORIENTED_EDGE('',*,*,#1496,.F.);
#1954=ORIENTED_EDGE('',*,*,#1493,.T.);
#1955=ORIENTED_EDGE('',*,*,#1497,.T.);
#1956=ORIENTED_EDGE('',*,*,#1491,.T.);
#1957=ORIENTED_EDGE('',*,*,#1498,.T.);
#1958=ORIENTED_EDGE('',*,*,#1499,.T.);
#1959=ORIENTED_EDGE('',*,*,#1500,.T.);
#1960=ORIENTED_EDGE('',*,*,#1501,.T.);
#1961=ORIENTED_EDGE('',*,*,#1498,.F.);
#1962=ORIENTED_EDGE('',*,*,#1494,.T.);
#1963=ORIENTED_EDGE('',*,*,#1502,.T.);
#1964=ORIENTED_EDGE('',*,*,#1503,.T.);
#1965=ORIENTED_EDGE('',*,*,#1500,.F.);
#1966=ORIENTED_EDGE('',*,*,#1496,.T.);
#1967=ORIENTED_EDGE('',*,*,#1504,.T.);
#1968=ORIENTED_EDGE('',*,*,#1505,.T.);
#1969=ORIENTED_EDGE('',*,*,#1506,.T.);
#1970=ORIENTED_EDGE('',*,*,#1507,.T.);
#1971=ORIENTED_EDGE('',*,*,#1506,.F.);
#1972=ORIENTED_EDGE('',*,*,#1502,.F.);
#1973=ORIENTED_EDGE('',*,*,#1508,.T.);
#1974=ORIENTED_EDGE('',*,*,#1499,.F.);
#1975=ORIENTED_EDGE('',*,*,#1501,.F.);
#1976=ORIENTED_EDGE('',*,*,#1503,.F.);
#1977=ORIENTED_EDGE('',*,*,#1505,.F.);
#1978=ORIENTED_EDGE('',*,*,#1509,.F.);
#1979=ORIENTED_EDGE('',*,*,#1510,.F.);
#1980=ORIENTED_EDGE('',*,*,#1511,.T.);
#1981=ORIENTED_EDGE('',*,*,#1512,.T.);
#1982=ORIENTED_EDGE('',*,*,#1513,.T.);
#1983=ORIENTED_EDGE('',*,*,#1513,.F.);
#1984=ORIENTED_EDGE('',*,*,#1514,.F.);
#1985=ORIENTED_EDGE('',*,*,#1515,.F.);
#1986=ORIENTED_EDGE('',*,*,#1516,.F.);
#1987=ORIENTED_EDGE('',*,*,#1512,.F.);
#1988=ORIENTED_EDGE('',*,*,#1517,.F.);
#1989=ORIENTED_EDGE('',*,*,#1518,.T.);
#1990=ORIENTED_EDGE('',*,*,#1519,.F.);
#1991=ORIENTED_EDGE('',*,*,#1520,.F.);
#1992=ORIENTED_EDGE('',*,*,#1514,.T.);
#1993=ORIENTED_EDGE('',*,*,#1520,.T.);
#1994=ORIENTED_EDGE('',*,*,#1521,.T.);
#1995=ORIENTED_EDGE('',*,*,#1522,.T.);
#1996=ORIENTED_EDGE('',*,*,#1515,.T.);
#1997=ORIENTED_EDGE('',*,*,#1523,.T.);
#1998=ORIENTED_EDGE('',*,*,#1524,.T.);
#1999=ORIENTED_EDGE('',*,*,#1525,.T.);
#2000=ORIENTED_EDGE('',*,*,#1526,.T.);
#2001=ORIENTED_EDGE('',*,*,#1527,.T.);
#2002=ORIENTED_EDGE('',*,*,#1528,.T.);
#2003=ORIENTED_EDGE('',*,*,#1529,.T.);
#2004=ORIENTED_EDGE('',*,*,#1526,.F.);
#2005=ORIENTED_EDGE('',*,*,#1530,.T.);
#2006=ORIENTED_EDGE('',*,*,#1531,.T.);
#2007=ORIENTED_EDGE('',*,*,#1532,.T.);
#2008=ORIENTED_EDGE('',*,*,#1528,.F.);
#2009=ORIENTED_EDGE('',*,*,#1533,.T.);
#2010=ORIENTED_EDGE('',*,*,#1534,.T.);
#2011=ORIENTED_EDGE('',*,*,#1535,.T.);
#2012=ORIENTED_EDGE('',*,*,#1531,.F.);
#2013=ORIENTED_EDGE('',*,*,#1536,.T.);
#2014=ORIENTED_EDGE('',*,*,#1537,.T.);
#2015=ORIENTED_EDGE('',*,*,#1538,.T.);
#2016=ORIENTED_EDGE('',*,*,#1534,.F.);
#2017=ORIENTED_EDGE('',*,*,#1539,.T.);
#2018=ORIENTED_EDGE('',*,*,#1540,.T.);
#2019=ORIENTED_EDGE('',*,*,#1541,.T.);
#2020=ORIENTED_EDGE('',*,*,#1537,.F.);
#2021=ORIENTED_EDGE('',*,*,#1542,.T.);
#2022=ORIENTED_EDGE('',*,*,#1543,.T.);
#2023=ORIENTED_EDGE('',*,*,#1544,.T.);
#2024=ORIENTED_EDGE('',*,*,#1540,.F.);
#2025=ORIENTED_EDGE('',*,*,#1545,.T.);
#2026=ORIENTED_EDGE('',*,*,#1543,.F.);
#2027=ORIENTED_EDGE('',*,*,#1546,.T.);
#2028=ORIENTED_EDGE('',*,*,#1547,.T.);
#2029=ORIENTED_EDGE('',*,*,#1548,.T.);
#2030=ORIENTED_EDGE('',*,*,#1549,.T.);
#2031=ORIENTED_EDGE('',*,*,#1550,.T.);
#2032=ORIENTED_EDGE('',*,*,#1547,.F.);
#2033=ORIENTED_EDGE('',*,*,#1523,.F.);
#2034=ORIENTED_EDGE('',*,*,#1551,.F.);
#2035=ORIENTED_EDGE('',*,*,#1552,.F.);
#2036=ORIENTED_EDGE('',*,*,#1553,.T.);
#2037=ORIENTED_EDGE('',*,*,#1529,.F.);
#2038=ORIENTED_EDGE('',*,*,#1554,.F.);
#2039=ORIENTED_EDGE('',*,*,#1555,.F.);
#2040=ORIENTED_EDGE('',*,*,#1556,.F.);
#2041=ORIENTED_EDGE('',*,*,#1557,.F.);
#2042=ORIENTED_EDGE('',*,*,#1551,.T.);
#2043=ORIENTED_EDGE('',*,*,#1532,.F.);
#2044=ORIENTED_EDGE('',*,*,#1558,.F.);
#2045=ORIENTED_EDGE('',*,*,#1559,.F.);
#2046=ORIENTED_EDGE('',*,*,#1556,.T.);
#2047=ORIENTED_EDGE('',*,*,#1560,.T.);
#2048=ORIENTED_EDGE('',*,*,#1561,.T.);
#2049=ORIENTED_EDGE('',*,*,#1562,.T.);
#2050=ORIENTED_EDGE('',*,*,#1554,.T.);
#2051=ORIENTED_EDGE('',*,*,#1535,.F.);
#2052=ORIENTED_EDGE('',*,*,#1563,.F.);
#2053=ORIENTED_EDGE('',*,*,#1564,.F.);
#2054=ORIENTED_EDGE('',*,*,#1558,.T.);
#2055=ORIENTED_EDGE('',*,*,#1538,.F.);
#2056=ORIENTED_EDGE('',*,*,#1565,.F.);
#2057=ORIENTED_EDGE('',*,*,#1566,.F.);
#2058=ORIENTED_EDGE('',*,*,#1563,.T.);
#2059=ORIENTED_EDGE('',*,*,#1541,.F.);
#2060=ORIENTED_EDGE('',*,*,#1567,.F.);
#2061=ORIENTED_EDGE('',*,*,#1568,.F.);
#2062=ORIENTED_EDGE('',*,*,#1565,.T.);
#2063=ORIENTED_EDGE('',*,*,#1544,.F.);
#2064=ORIENTED_EDGE('',*,*,#1569,.F.);
#2065=ORIENTED_EDGE('',*,*,#1570,.F.);
#2066=ORIENTED_EDGE('',*,*,#1567,.T.);
#2067=ORIENTED_EDGE('',*,*,#1545,.F.);
#2068=ORIENTED_EDGE('',*,*,#1571,.F.);
#2069=ORIENTED_EDGE('',*,*,#1572,.F.);
#2070=ORIENTED_EDGE('',*,*,#1573,.F.);
#2071=ORIENTED_EDGE('',*,*,#1574,.F.);
#2072=ORIENTED_EDGE('',*,*,#1569,.T.);
#2073=ORIENTED_EDGE('',*,*,#1509,.T.);
#2074=ORIENTED_EDGE('',*,*,#1504,.F.);
#2075=ORIENTED_EDGE('',*,*,#1575,.T.);
#2076=ORIENTED_EDGE('',*,*,#1475,.F.);
#2077=ORIENTED_EDGE('',*,*,#1576,.T.);
#2078=ORIENTED_EDGE('',*,*,#1486,.F.);
#2079=ORIENTED_EDGE('',*,*,#1492,.T.);
#2080=ORIENTED_EDGE('',*,*,#1497,.F.);
#2081=ORIENTED_EDGE('',*,*,#1550,.F.);
#2082=ORIENTED_EDGE('',*,*,#1577,.F.);
#2083=ORIENTED_EDGE('',*,*,#1522,.F.);
#2084=ORIENTED_EDGE('',*,*,#1578,.T.);
#2085=ORIENTED_EDGE('',*,*,#1571,.T.);
#2086=ORIENTED_EDGE('',*,*,#1549,.F.);
#2087=ORIENTED_EDGE('',*,*,#1579,.T.);
#2088=ORIENTED_EDGE('',*,*,#1580,.F.);
#2089=ORIENTED_EDGE('',*,*,#1581,.F.);
#2090=ORIENTED_EDGE('',*,*,#1582,.F.);
#2091=ORIENTED_EDGE('',*,*,#1583,.F.);
#2092=ORIENTED_EDGE('',*,*,#1584,.F.);
#2093=ORIENTED_EDGE('',*,*,#1585,.T.);
#2094=ORIENTED_EDGE('',*,*,#1516,.T.);
#2095=ORIENTED_EDGE('',*,*,#1577,.T.);
#2096=ORIENTED_EDGE('',*,*,#1586,.T.);
#2097=ORIENTED_EDGE('',*,*,#1587,.T.);
#2098=ORIENTED_EDGE('',*,*,#1588,.T.);
#2099=ORIENTED_EDGE('',*,*,#1589,.T.);
#2100=ORIENTED_EDGE('',*,*,#1590,.T.);
#2101=ORIENTED_EDGE('',*,*,#1591,.T.);
#2102=ORIENTED_EDGE('',*,*,#1592,.T.);
#2103=ORIENTED_EDGE('',*,*,#1589,.F.);
#2104=ORIENTED_EDGE('',*,*,#1593,.T.);
#2105=ORIENTED_EDGE('',*,*,#1594,.T.);
#2106=ORIENTED_EDGE('',*,*,#1595,.T.);
#2107=ORIENTED_EDGE('',*,*,#1596,.T.);
#2108=ORIENTED_EDGE('',*,*,#1597,.T.);
#2109=ORIENTED_EDGE('',*,*,#1598,.T.);
#2110=ORIENTED_EDGE('',*,*,#1599,.T.);
#2111=ORIENTED_EDGE('',*,*,#1594,.F.);
#2112=ORIENTED_EDGE('',*,*,#1600,.T.);
#2113=ORIENTED_EDGE('',*,*,#1601,.T.);
#2114=ORIENTED_EDGE('',*,*,#1602,.T.);
#2115=ORIENTED_EDGE('',*,*,#1598,.F.);
#2116=ORIENTED_EDGE('',*,*,#1603,.T.);
#2117=ORIENTED_EDGE('',*,*,#1604,.T.);
#2118=ORIENTED_EDGE('',*,*,#1605,.T.);
#2119=ORIENTED_EDGE('',*,*,#1601,.F.);
#2120=ORIENTED_EDGE('',*,*,#1606,.T.);
#2121=ORIENTED_EDGE('',*,*,#1607,.T.);
#2122=ORIENTED_EDGE('',*,*,#1608,.T.);
#2123=ORIENTED_EDGE('',*,*,#1604,.F.);
#2124=ORIENTED_EDGE('',*,*,#1609,.T.);
#2125=ORIENTED_EDGE('',*,*,#1596,.F.);
#2126=ORIENTED_EDGE('',*,*,#1610,.T.);
#2127=ORIENTED_EDGE('',*,*,#1591,.F.);
#2128=ORIENTED_EDGE('',*,*,#1587,.F.);
#2129=ORIENTED_EDGE('',*,*,#1611,.F.);
#2130=ORIENTED_EDGE('',*,*,#1429,.F.);
#2131=ORIENTED_EDGE('',*,*,#1612,.F.);
#2132=ORIENTED_EDGE('',*,*,#1613,.F.);
#2133=ORIENTED_EDGE('',*,*,#1614,.T.);
#2134=ORIENTED_EDGE('',*,*,#1615,.F.);
#2135=ORIENTED_EDGE('',*,*,#1616,.F.);
#2136=ORIENTED_EDGE('',*,*,#1617,.T.);
#2137=ORIENTED_EDGE('',*,*,#1618,.T.);
#2138=ORIENTED_EDGE('',*,*,#1619,.F.);
#2139=ORIENTED_EDGE('',*,*,#1620,.F.);
#2140=ORIENTED_EDGE('',*,*,#1586,.F.);
#2141=ORIENTED_EDGE('',*,*,#1621,.F.);
#2142=ORIENTED_EDGE('',*,*,#1435,.F.);
#2143=ORIENTED_EDGE('',*,*,#1433,.T.);
#2144=ORIENTED_EDGE('',*,*,#1611,.T.);
#2145=ORIENTED_EDGE('',*,*,#1592,.F.);
#2146=ORIENTED_EDGE('',*,*,#1622,.F.);
#2147=ORIENTED_EDGE('',*,*,#1623,.F.);
#2148=ORIENTED_EDGE('',*,*,#1624,.T.);
#2149=ORIENTED_EDGE('',*,*,#1625,.T.);
#2150=ORIENTED_EDGE('',*,*,#1621,.T.);
#2151=ORIENTED_EDGE('',*,*,#1439,.F.);
#2152=ORIENTED_EDGE('',*,*,#1456,.F.);
#2153=ORIENTED_EDGE('',*,*,#1473,.F.);
#2154=ORIENTED_EDGE('',*,*,#1626,.F.);
#2155=ORIENTED_EDGE('',*,*,#1465,.F.);
#2156=ORIENTED_EDGE('',*,*,#1463,.F.);
#2157=ORIENTED_EDGE('',*,*,#1449,.F.);
#2158=ORIENTED_EDGE('',*,*,#1627,.F.);
#2159=ORIENTED_EDGE('',*,*,#1610,.F.);
#2160=ORIENTED_EDGE('',*,*,#1628,.F.);
#2161=ORIENTED_EDGE('',*,*,#1629,.F.);
#2162=ORIENTED_EDGE('',*,*,#1622,.T.);
#2163=ORIENTED_EDGE('',*,*,#1595,.F.);
#2164=ORIENTED_EDGE('',*,*,#1630,.F.);
#2165=ORIENTED_EDGE('',*,*,#1631,.F.);
#2166=ORIENTED_EDGE('',*,*,#1628,.T.);
#2167=ORIENTED_EDGE('',*,*,#1599,.F.);
#2168=ORIENTED_EDGE('',*,*,#1632,.F.);
#2169=ORIENTED_EDGE('',*,*,#1633,.F.);
#2170=ORIENTED_EDGE('',*,*,#1630,.T.);
#2171=ORIENTED_EDGE('',*,*,#1602,.F.);
#2172=ORIENTED_EDGE('',*,*,#1634,.F.);
#2173=ORIENTED_EDGE('',*,*,#1635,.F.);
#2174=ORIENTED_EDGE('',*,*,#1632,.T.);
#2175=ORIENTED_EDGE('',*,*,#1605,.F.);
#2176=ORIENTED_EDGE('',*,*,#1636,.T.);
#2177=ORIENTED_EDGE('',*,*,#1637,.T.);
#2178=ORIENTED_EDGE('',*,*,#1638,.F.);
#2179=ORIENTED_EDGE('',*,*,#1639,.T.);
#2180=ORIENTED_EDGE('',*,*,#1640,.T.);
#2181=ORIENTED_EDGE('',*,*,#1641,.F.);
#2182=ORIENTED_EDGE('',*,*,#1634,.T.);
#2183=ORIENTED_EDGE('',*,*,#1608,.F.);
#2184=ORIENTED_EDGE('',*,*,#1642,.F.);
#2185=ORIENTED_EDGE('',*,*,#1643,.T.);
#2186=ORIENTED_EDGE('',*,*,#1636,.F.);
#2187=ORIENTED_EDGE('',*,*,#1644,.T.);
#2188=ORIENTED_EDGE('',*,*,#1645,.T.);
#2189=ORIENTED_EDGE('',*,*,#1646,.T.);
#2190=ORIENTED_EDGE('',*,*,#1647,.T.);
#2191=ORIENTED_EDGE('',*,*,#1648,.T.);
#2192=ORIENTED_EDGE('',*,*,#1647,.F.);
#2193=ORIENTED_EDGE('',*,*,#1649,.T.);
#2194=ORIENTED_EDGE('',*,*,#1650,.T.);
#2195=ORIENTED_EDGE('',*,*,#1651,.T.);
#2196=ORIENTED_EDGE('',*,*,#1652,.T.);
#2197=ORIENTED_EDGE('',*,*,#1653,.T.);
#2198=ORIENTED_EDGE('',*,*,#1650,.F.);
#2199=ORIENTED_EDGE('',*,*,#1644,.F.);
#2200=ORIENTED_EDGE('',*,*,#1654,.F.);
#2201=ORIENTED_EDGE('',*,*,#1655,.T.);
#2202=ORIENTED_EDGE('',*,*,#1656,.T.);
#2203=ORIENTED_EDGE('',*,*,#1648,.F.);
#2204=ORIENTED_EDGE('',*,*,#1657,.T.);
#2205=ORIENTED_EDGE('',*,*,#1658,.F.);
#2206=ORIENTED_EDGE('',*,*,#1659,.T.);
#2207=ORIENTED_EDGE('',*,*,#1638,.T.);
#2208=ORIENTED_EDGE('',*,*,#1654,.T.);
#2209=ORIENTED_EDGE('',*,*,#1653,.F.);
#2210=ORIENTED_EDGE('',*,*,#1660,.F.);
#2211=ORIENTED_EDGE('',*,*,#1661,.F.);
#2212=ORIENTED_EDGE('',*,*,#1657,.F.);
#2213=ORIENTED_EDGE('',*,*,#1661,.T.);
#2214=ORIENTED_EDGE('',*,*,#1662,.T.);
#2215=ORIENTED_EDGE('',*,*,#1663,.T.);
#2216=ORIENTED_EDGE('',*,*,#1664,.T.);
#2217=ORIENTED_EDGE('',*,*,#1658,.T.);
#2218=ORIENTED_EDGE('',*,*,#1664,.F.);
#2219=ORIENTED_EDGE('',*,*,#1665,.T.);
#2220=ORIENTED_EDGE('',*,*,#1666,.T.);
#2221=ORIENTED_EDGE('',*,*,#1667,.T.);
#2222=ORIENTED_EDGE('',*,*,#1668,.T.);
#2223=ORIENTED_EDGE('',*,*,#1669,.T.);
#2224=ORIENTED_EDGE('',*,*,#1666,.F.);
#2225=ORIENTED_EDGE('',*,*,#1669,.F.);
#2226=ORIENTED_EDGE('',*,*,#1670,.T.);
#2227=ORIENTED_EDGE('',*,*,#1671,.T.);
#2228=ORIENTED_EDGE('',*,*,#1659,.F.);
#2229=ORIENTED_EDGE('',*,*,#1672,.T.);
#2230=ORIENTED_EDGE('',*,*,#1673,.T.);
#2231=ORIENTED_EDGE('',*,*,#1674,.T.);
#2232=ORIENTED_EDGE('',*,*,#1675,.T.);
#2233=ORIENTED_EDGE('',*,*,#1676,.T.);
#2234=ORIENTED_EDGE('',*,*,#1677,.T.);
#2235=ORIENTED_EDGE('',*,*,#1635,.T.);
#2236=ORIENTED_EDGE('',*,*,#1678,.T.);
#2237=ORIENTED_EDGE('',*,*,#1679,.T.);
#2238=ORIENTED_EDGE('',*,*,#1680,.T.);
#2239=ORIENTED_EDGE('',*,*,#1631,.T.);
#2240=ORIENTED_EDGE('',*,*,#1681,.T.);
#2241=ORIENTED_EDGE('',*,*,#1629,.T.);
#2242=ORIENTED_EDGE('',*,*,#1680,.F.);
#2243=ORIENTED_EDGE('',*,*,#1682,.T.);
#2244=ORIENTED_EDGE('',*,*,#1683,.T.);
#2245=ORIENTED_EDGE('',*,*,#1623,.T.);
#2246=ORIENTED_EDGE('',*,*,#1683,.F.);
#2247=ORIENTED_EDGE('',*,*,#1684,.T.);
#2248=ORIENTED_EDGE('',*,*,#1685,.T.);
#2249=ORIENTED_EDGE('',*,*,#1686,.T.);
#2250=ORIENTED_EDGE('',*,*,#1681,.F.);
#2251=ORIENTED_EDGE('',*,*,#1633,.T.);
#2252=ORIENTED_EDGE('',*,*,#1677,.F.);
#2253=ORIENTED_EDGE('',*,*,#1687,.T.);
#2254=ORIENTED_EDGE('',*,*,#1613,.T.);
#2255=ORIENTED_EDGE('',*,*,#1688,.T.);
#2256=ORIENTED_EDGE('',*,*,#1685,.F.);
#2257=ORIENTED_EDGE('',*,*,#1689,.T.);
#2258=ORIENTED_EDGE('',*,*,#1678,.F.);
#2259=ORIENTED_EDGE('',*,*,#1641,.T.);
#2260=ORIENTED_EDGE('',*,*,#1675,.F.);
#2261=ORIENTED_EDGE('',*,*,#1688,.F.);
#2262=ORIENTED_EDGE('',*,*,#1612,.T.);
#2263=ORIENTED_EDGE('',*,*,#1425,.F.);
#2264=ORIENTED_EDGE('',*,*,#1690,.F.);
#2265=ORIENTED_EDGE('',*,*,#1624,.F.);
#2266=ORIENTED_EDGE('',*,*,#1564,.T.);
#2267=ORIENTED_EDGE('',*,*,#1691,.T.);
#2268=ORIENTED_EDGE('',*,*,#1692,.T.);
#2269=ORIENTED_EDGE('',*,*,#1693,.T.);
#2270=ORIENTED_EDGE('',*,*,#1694,.T.);
#2271=ORIENTED_EDGE('',*,*,#1584,.T.);
#2272=ORIENTED_EDGE('',*,*,#1695,.T.);
#2273=ORIENTED_EDGE('',*,*,#1696,.T.);
#2274=ORIENTED_EDGE('',*,*,#1574,.T.);
#2275=ORIENTED_EDGE('',*,*,#1696,.F.);
#2276=ORIENTED_EDGE('',*,*,#1697,.T.);
#2277=ORIENTED_EDGE('',*,*,#1698,.T.);
#2278=ORIENTED_EDGE('',*,*,#1570,.T.);
#2279=ORIENTED_EDGE('',*,*,#1698,.F.);
#2280=ORIENTED_EDGE('',*,*,#1699,.T.);
#2281=ORIENTED_EDGE('',*,*,#1700,.T.);
#2282=ORIENTED_EDGE('',*,*,#1568,.T.);
#2283=ORIENTED_EDGE('',*,*,#1700,.F.);
#2284=ORIENTED_EDGE('',*,*,#1701,.T.);
#2285=ORIENTED_EDGE('',*,*,#1702,.T.);
#2286=ORIENTED_EDGE('',*,*,#1566,.T.);
#2287=ORIENTED_EDGE('',*,*,#1702,.F.);
#2288=ORIENTED_EDGE('',*,*,#1703,.T.);
#2289=ORIENTED_EDGE('',*,*,#1691,.F.);
#2290=ORIENTED_EDGE('',*,*,#1559,.T.);
#2291=ORIENTED_EDGE('',*,*,#1693,.F.);
#2292=ORIENTED_EDGE('',*,*,#1704,.T.);
#2293=ORIENTED_EDGE('',*,*,#1705,.T.);
#2294=ORIENTED_EDGE('',*,*,#1557,.T.);
#2295=ORIENTED_EDGE('',*,*,#1705,.F.);
#2296=ORIENTED_EDGE('',*,*,#1706,.T.);
#2297=ORIENTED_EDGE('',*,*,#1707,.T.);
#2298=ORIENTED_EDGE('',*,*,#1708,.T.);
#2299=ORIENTED_EDGE('',*,*,#1709,.T.);
#2300=ORIENTED_EDGE('',*,*,#1552,.T.);
#2301=ORIENTED_EDGE('',*,*,#1707,.F.);
#2302=ORIENTED_EDGE('',*,*,#1694,.F.);
#2303=ORIENTED_EDGE('',*,*,#1573,.T.);
#2304=ORIENTED_EDGE('',*,*,#1710,.T.);
#2305=ORIENTED_EDGE('',*,*,#1510,.T.);
#2306=ORIENTED_EDGE('',*,*,#1585,.F.);
#2307=ORIENTED_EDGE('',*,*,#1711,.F.);
#2308=ORIENTED_EDGE('',*,*,#1712,.F.);
#2309=ORIENTED_EDGE('',*,*,#1713,.F.);
#2310=ORIENTED_EDGE('',*,*,#1714,.T.);
#2311=ORIENTED_EDGE('',*,*,#1715,.F.);
#2312=ORIENTED_EDGE('',*,*,#1714,.F.);
#2313=ORIENTED_EDGE('',*,*,#1716,.F.);
#2314=ORIENTED_EDGE('',*,*,#1717,.T.);
#2315=ORIENTED_EDGE('',*,*,#1716,.T.);
#2316=ORIENTED_EDGE('',*,*,#1713,.T.);
#2317=ORIENTED_EDGE('',*,*,#1718,.T.);
#2318=ORIENTED_EDGE('',*,*,#1580,.T.);
#2319=ORIENTED_EDGE('',*,*,#1719,.T.);
#2320=ORIENTED_EDGE('',*,*,#1720,.T.);
#2321=ORIENTED_EDGE('',*,*,#1721,.T.);
#2322=ORIENTED_EDGE('',*,*,#1722,.T.);
#2323=ORIENTED_EDGE('',*,*,#1723,.T.);
#2324=ORIENTED_EDGE('',*,*,#1724,.T.);
#2325=ORIENTED_EDGE('',*,*,#1725,.F.);
#2326=ORIENTED_EDGE('',*,*,#1726,.T.);
#2327=ORIENTED_EDGE('',*,*,#1720,.F.);
#2328=ORIENTED_EDGE('',*,*,#1727,.T.);
#2329=ORIENTED_EDGE('',*,*,#1728,.F.);
#2330=ORIENTED_EDGE('',*,*,#1729,.T.);
#2331=ORIENTED_EDGE('',*,*,#1725,.T.);
#2332=ORIENTED_EDGE('',*,*,#1730,.T.);
#2333=ORIENTED_EDGE('',*,*,#1731,.F.);
#2334=ORIENTED_EDGE('',*,*,#1732,.T.);
#2335=ORIENTED_EDGE('',*,*,#1728,.T.);
#2336=ORIENTED_EDGE('',*,*,#1733,.T.);
#2337=ORIENTED_EDGE('',*,*,#1734,.F.);
#2338=ORIENTED_EDGE('',*,*,#1735,.T.);
#2339=ORIENTED_EDGE('',*,*,#1731,.T.);
#2340=ORIENTED_EDGE('',*,*,#1736,.T.);
#2341=ORIENTED_EDGE('',*,*,#1737,.F.);
#2342=ORIENTED_EDGE('',*,*,#1738,.T.);
#2343=ORIENTED_EDGE('',*,*,#1734,.T.);
#2344=ORIENTED_EDGE('',*,*,#1739,.T.);
#2345=ORIENTED_EDGE('',*,*,#1740,.F.);
#2346=ORIENTED_EDGE('',*,*,#1741,.T.);
#2347=ORIENTED_EDGE('',*,*,#1737,.T.);
#2348=ORIENTED_EDGE('',*,*,#1742,.T.);
#2349=ORIENTED_EDGE('',*,*,#1743,.F.);
#2350=ORIENTED_EDGE('',*,*,#1744,.T.);
#2351=ORIENTED_EDGE('',*,*,#1740,.T.);
#2352=ORIENTED_EDGE('',*,*,#1745,.T.);
#2353=ORIENTED_EDGE('',*,*,#1645,.F.);
#2354=ORIENTED_EDGE('',*,*,#1656,.F.);
#2355=ORIENTED_EDGE('',*,*,#1746,.T.);
#2356=ORIENTED_EDGE('',*,*,#1743,.T.);
#2357=ORIENTED_EDGE('',*,*,#1747,.F.);
#2358=ORIENTED_EDGE('',*,*,#1748,.F.);
#2359=ORIENTED_EDGE('',*,*,#1749,.F.);
#2360=ORIENTED_EDGE('',*,*,#1750,.F.);
#2361=ORIENTED_EDGE('',*,*,#1748,.T.);
#2362=ORIENTED_EDGE('',*,*,#1751,.T.);
#2363=ORIENTED_EDGE('',*,*,#1752,.T.);
#2364=ORIENTED_EDGE('',*,*,#1753,.T.);
#2365=ORIENTED_EDGE('',*,*,#1754,.F.);
#2366=ORIENTED_EDGE('',*,*,#1755,.F.);
#2367=ORIENTED_EDGE('',*,*,#1756,.T.);
#2368=ORIENTED_EDGE('',*,*,#1757,.T.);
#2369=ORIENTED_EDGE('',*,*,#1747,.T.);
#2370=ORIENTED_EDGE('',*,*,#1758,.F.);
#2371=ORIENTED_EDGE('',*,*,#1759,.T.);
#2372=ORIENTED_EDGE('',*,*,#1751,.F.);
#2373=ORIENTED_EDGE('',*,*,#1752,.F.);
#2374=ORIENTED_EDGE('',*,*,#1759,.F.);
#2375=ORIENTED_EDGE('',*,*,#1760,.F.);
#2376=ORIENTED_EDGE('',*,*,#1761,.F.);
#2377=ORIENTED_EDGE('',*,*,#1749,.T.);
#2378=ORIENTED_EDGE('',*,*,#1757,.F.);
#2379=ORIENTED_EDGE('',*,*,#1762,.T.);
#2380=ORIENTED_EDGE('',*,*,#1763,.F.);
#2381=ORIENTED_EDGE('',*,*,#1764,.F.);
#2382=ORIENTED_EDGE('',*,*,#1762,.F.);
#2383=ORIENTED_EDGE('',*,*,#1756,.F.);
#2384=ORIENTED_EDGE('',*,*,#1765,.F.);
#2385=ORIENTED_EDGE('',*,*,#1750,.T.);
#2386=ORIENTED_EDGE('',*,*,#1763,.T.);
#2387=ORIENTED_EDGE('',*,*,#1764,.T.);
#2388=ORIENTED_EDGE('',*,*,#1766,.T.);
#2389=ORIENTED_EDGE('',*,*,#1767,.F.);
#2390=ORIENTED_EDGE('',*,*,#1768,.F.);
#2391=ORIENTED_EDGE('',*,*,#1760,.T.);
#2392=ORIENTED_EDGE('',*,*,#1758,.T.);
#2393=ORIENTED_EDGE('',*,*,#1769,.T.);
#2394=ORIENTED_EDGE('',*,*,#1670,.F.);
#2395=ORIENTED_EDGE('',*,*,#1668,.F.);
#2396=ORIENTED_EDGE('',*,*,#1770,.T.);
#2397=ORIENTED_EDGE('',*,*,#1771,.F.);
#2398=ORIENTED_EDGE('',*,*,#1761,.T.);
#2399=ORIENTED_EDGE('',*,*,#1768,.T.);
#2400=ORIENTED_EDGE('',*,*,#1772,.F.);
#2401=ORIENTED_EDGE('',*,*,#1753,.F.);
#2402=ORIENTED_EDGE('',*,*,#1765,.T.);
#2403=ORIENTED_EDGE('',*,*,#1755,.T.);
#2404=ORIENTED_EDGE('',*,*,#1773,.F.);
#2405=ORIENTED_EDGE('',*,*,#1766,.F.);
#2406=ORIENTED_EDGE('',*,*,#1774,.F.);
#2407=ORIENTED_EDGE('',*,*,#1582,.T.);
#2408=ORIENTED_EDGE('',*,*,#1775,.F.);
#2409=ORIENTED_EDGE('',*,*,#1776,.F.);
#2410=ORIENTED_EDGE('',*,*,#1777,.F.);
#2411=ORIENTED_EDGE('',*,*,#1776,.T.);
#2412=ORIENTED_EDGE('',*,*,#1778,.F.);
#2413=ORIENTED_EDGE('',*,*,#1779,.F.);
#2414=ORIENTED_EDGE('',*,*,#1780,.F.);
#2415=ORIENTED_EDGE('',*,*,#1779,.T.);
#2416=ORIENTED_EDGE('',*,*,#1781,.F.);
#2417=ORIENTED_EDGE('',*,*,#1782,.F.);
#2418=ORIENTED_EDGE('',*,*,#1771,.T.);
#2419=ORIENTED_EDGE('',*,*,#1783,.F.);
#2420=ORIENTED_EDGE('',*,*,#1782,.T.);
#2421=ORIENTED_EDGE('',*,*,#1784,.F.);
#2422=ORIENTED_EDGE('',*,*,#1785,.F.);
#2423=ORIENTED_EDGE('',*,*,#1786,.T.);
#2424=ORIENTED_EDGE('',*,*,#1723,.F.);
#2425=ORIENTED_EDGE('',*,*,#1787,.T.);
#2426=ORIENTED_EDGE('',*,*,#1784,.T.);
#2427=ORIENTED_EDGE('',*,*,#1781,.T.);
#2428=ORIENTED_EDGE('',*,*,#1778,.T.);
#2429=ORIENTED_EDGE('',*,*,#1775,.T.);
#2430=ORIENTED_EDGE('',*,*,#1581,.T.);
#2431=ORIENTED_EDGE('',*,*,#1718,.F.);
#2432=ORIENTED_EDGE('',*,*,#1712,.T.);
#2433=ORIENTED_EDGE('',*,*,#1788,.F.);
#2434=ORIENTED_EDGE('',*,*,#1717,.F.);
#2435=ORIENTED_EDGE('',*,*,#1773,.T.);
#2436=ORIENTED_EDGE('',*,*,#1754,.T.);
#2437=ORIENTED_EDGE('',*,*,#1772,.T.);
#2438=ORIENTED_EDGE('',*,*,#1767,.T.);
#2439=ORIENTED_EDGE('',*,*,#1789,.T.);
#2440=ORIENTED_EDGE('',*,*,#1790,.T.);
#2441=ORIENTED_EDGE('',*,*,#1791,.F.);
#2442=ORIENTED_EDGE('',*,*,#1792,.F.);
#2443=ORIENTED_EDGE('',*,*,#1793,.F.);
#2444=ORIENTED_EDGE('',*,*,#1792,.T.);
#2445=ORIENTED_EDGE('',*,*,#1794,.F.);
#2446=ORIENTED_EDGE('',*,*,#1618,.F.);
#2447=ORIENTED_EDGE('',*,*,#1795,.T.);
#2448=ORIENTED_EDGE('',*,*,#1796,.T.);
#2449=ORIENTED_EDGE('',*,*,#1797,.T.);
#2450=ORIENTED_EDGE('',*,*,#1619,.T.);
#2451=ORIENTED_EDGE('',*,*,#1794,.T.);
#2452=ORIENTED_EDGE('',*,*,#1791,.T.);
#2453=ORIENTED_EDGE('',*,*,#1798,.T.);
#2454=ORIENTED_EDGE('',*,*,#1799,.T.);
#2455=ORIENTED_EDGE('',*,*,#1800,.F.);
#2456=ORIENTED_EDGE('',*,*,#1801,.F.);
#2457=ORIENTED_EDGE('',*,*,#1802,.F.);
#2458=ORIENTED_EDGE('',*,*,#1616,.T.);
#2459=ORIENTED_EDGE('',*,*,#1803,.F.);
#2460=ORIENTED_EDGE('',*,*,#1799,.F.);
#2461=ORIENTED_EDGE('',*,*,#1803,.T.);
#2462=ORIENTED_EDGE('',*,*,#1615,.T.);
#2463=ORIENTED_EDGE('',*,*,#1804,.T.);
#2464=ORIENTED_EDGE('',*,*,#1805,.T.);
#2465=ORIENTED_EDGE('',*,*,#1806,.T.);
#2466=ORIENTED_EDGE('',*,*,#1800,.T.);
#2467=ORIENTED_EDGE('',*,*,#1793,.T.);
#2468=ORIENTED_EDGE('',*,*,#1617,.F.);
#2469=ORIENTED_EDGE('',*,*,#1802,.T.);
#2470=ORIENTED_EDGE('',*,*,#1807,.T.);
#2471=ORIENTED_EDGE('',*,*,#1808,.F.);
#2472=ORIENTED_EDGE('',*,*,#1809,.F.);
#2473=ORIENTED_EDGE('',*,*,#1805,.F.);
#2474=ORIENTED_EDGE('',*,*,#1810,.F.);
#2475=ORIENTED_EDGE('',*,*,#1811,.F.);
#2476=ORIENTED_EDGE('',*,*,#1812,.F.);
#2477=ORIENTED_EDGE('',*,*,#1795,.F.);
#2478=ORIENTED_EDGE('',*,*,#1790,.F.);
#2479=ORIENTED_EDGE('',*,*,#1813,.F.);
#2480=ORIENTED_EDGE('',*,*,#1562,.F.);
#2481=ORIENTED_EDGE('',*,*,#1814,.F.);
#2482=ORIENTED_EDGE('',*,*,#1815,.F.);
#2483=ORIENTED_EDGE('',*,*,#1816,.F.);
#2484=ORIENTED_EDGE('',*,*,#1560,.F.);
#2485=ORIENTED_EDGE('',*,*,#1817,.F.);
#2486=ORIENTED_EDGE('',*,*,#1801,.T.);
#2487=ORIENTED_EDGE('',*,*,#1806,.F.);
#2488=ORIENTED_EDGE('',*,*,#1809,.T.);
#2489=ORIENTED_EDGE('',*,*,#1818,.F.);
#2490=ORIENTED_EDGE('',*,*,#1819,.T.);
#2491=ORIENTED_EDGE('',*,*,#1796,.F.);
#2492=ORIENTED_EDGE('',*,*,#1812,.T.);
#2493=ORIENTED_EDGE('',*,*,#1815,.T.);
#2494=ORIENTED_EDGE('',*,*,#1808,.T.);
#2495=ORIENTED_EDGE('',*,*,#1820,.F.);
#2496=ORIENTED_EDGE('',*,*,#1821,.T.);
#2497=ORIENTED_EDGE('',*,*,#1822,.F.);
#2498=ORIENTED_EDGE('',*,*,#1818,.T.);
#2499=ORIENTED_EDGE('',*,*,#1811,.T.);
#2500=ORIENTED_EDGE('',*,*,#1823,.F.);
#2501=ORIENTED_EDGE('',*,*,#1440,.F.);
#2502=ORIENTED_EDGE('',*,*,#1627,.T.);
#2503=ORIENTED_EDGE('',*,*,#1452,.F.);
#2504=ORIENTED_EDGE('',*,*,#1448,.F.);
#2505=ORIENTED_EDGE('',*,*,#1445,.F.);
#2506=ORIENTED_EDGE('',*,*,#1466,.F.);
#2507=ORIENTED_EDGE('',*,*,#1626,.T.);
#2508=ORIENTED_EDGE('',*,*,#1474,.F.);
#2509=ORIENTED_EDGE('',*,*,#1472,.F.);
#2510=ORIENTED_EDGE('',*,*,#1470,.F.);
#2511=ORIENTED_EDGE('',*,*,#1428,.F.);
#2512=ORIENTED_EDGE('',*,*,#1824,.F.);
#2513=ORIENTED_EDGE('',*,*,#1825,.F.);
#2514=ORIENTED_EDGE('',*,*,#1826,.F.);
#2515=ORIENTED_EDGE('',*,*,#1690,.T.);
#2516=ORIENTED_EDGE('',*,*,#1625,.F.);
#2517=ORIENTED_EDGE('',*,*,#1826,.T.);
#2518=ORIENTED_EDGE('',*,*,#1827,.T.);
#2519=ORIENTED_EDGE('',*,*,#1436,.T.);
#2520=ORIENTED_EDGE('',*,*,#1827,.F.);
#2521=ORIENTED_EDGE('',*,*,#1825,.T.);
#2522=ORIENTED_EDGE('',*,*,#1828,.T.);
#2523=ORIENTED_EDGE('',*,*,#1437,.T.);
#2524=ORIENTED_EDGE('',*,*,#1427,.F.);
#2525=ORIENTED_EDGE('',*,*,#1431,.F.);
#2526=ORIENTED_EDGE('',*,*,#1432,.F.);
#2527=ORIENTED_EDGE('',*,*,#1438,.T.);
#2528=ORIENTED_EDGE('',*,*,#1828,.F.);
#2529=ORIENTED_EDGE('',*,*,#1824,.T.);
#2530=ORIENTED_EDGE('',*,*,#1817,.T.);
#2531=ORIENTED_EDGE('',*,*,#1555,.T.);
#2532=ORIENTED_EDGE('',*,*,#1813,.T.);
#2533=ORIENTED_EDGE('',*,*,#1789,.F.);
#2534=ORIENTED_EDGE('',*,*,#1807,.F.);
#2535=ORIENTED_EDGE('',*,*,#1798,.F.);
#2536=ORIENTED_EDGE('',*,*,#1816,.T.);
#2537=ORIENTED_EDGE('',*,*,#1823,.T.);
#2538=ORIENTED_EDGE('',*,*,#1814,.T.);
#2539=ORIENTED_EDGE('',*,*,#1561,.F.);
#2540=ORIENTED_EDGE('',*,*,#1829,.F.);
#2541=ORIENTED_EDGE('',*,*,#1821,.F.);
#2542=ORIENTED_EDGE('',*,*,#1830,.T.);
#2543=ORIENTED_EDGE('',*,*,#1662,.F.);
#2544=ORIENTED_EDGE('',*,*,#1660,.T.);
#2545=ORIENTED_EDGE('',*,*,#1652,.F.);
#2546=ORIENTED_EDGE('',*,*,#1831,.F.);
#2547=ORIENTED_EDGE('',*,*,#1832,.F.);
#2548=ORIENTED_EDGE('',*,*,#1721,.F.);
#2549=ORIENTED_EDGE('',*,*,#1726,.F.);
#2550=ORIENTED_EDGE('',*,*,#1729,.F.);
#2551=ORIENTED_EDGE('',*,*,#1732,.F.);
#2552=ORIENTED_EDGE('',*,*,#1735,.F.);
#2553=ORIENTED_EDGE('',*,*,#1738,.F.);
#2554=ORIENTED_EDGE('',*,*,#1741,.F.);
#2555=ORIENTED_EDGE('',*,*,#1744,.F.);
#2556=ORIENTED_EDGE('',*,*,#1746,.F.);
#2557=ORIENTED_EDGE('',*,*,#1655,.F.);
#2558=ORIENTED_EDGE('',*,*,#1637,.F.);
#2559=ORIENTED_EDGE('',*,*,#1643,.F.);
#2560=ORIENTED_EDGE('',*,*,#1833,.F.);
#2561=ORIENTED_EDGE('',*,*,#1834,.F.);
#2562=ORIENTED_EDGE('',*,*,#1639,.F.);
#2563=ORIENTED_EDGE('',*,*,#1671,.F.);
#2564=ORIENTED_EDGE('',*,*,#1769,.F.);
#2565=ORIENTED_EDGE('',*,*,#1786,.F.);
#2566=ORIENTED_EDGE('',*,*,#1835,.T.);
#2567=ORIENTED_EDGE('',*,*,#1835,.F.);
#2568=ORIENTED_EDGE('',*,*,#1785,.T.);
#2569=ORIENTED_EDGE('',*,*,#1787,.F.);
#2570=ORIENTED_EDGE('',*,*,#1722,.F.);
#2571=ORIENTED_EDGE('',*,*,#1832,.T.);
#2572=ORIENTED_EDGE('',*,*,#1836,.F.);
#2573=ORIENTED_EDGE('',*,*,#1672,.F.);
#2574=ORIENTED_EDGE('',*,*,#1640,.F.);
#2575=ORIENTED_EDGE('',*,*,#1834,.T.);
#2576=ORIENTED_EDGE('',*,*,#1837,.F.);
#2577=ORIENTED_EDGE('',*,*,#1489,.F.);
#2578=ORIENTED_EDGE('',*,*,#1838,.F.);
#2579=ORIENTED_EDGE('',*,*,#1508,.F.);
#2580=ORIENTED_EDGE('',*,*,#1495,.T.);
#2581=ORIENTED_EDGE('',*,*,#1476,.F.);
#2582=ORIENTED_EDGE('',*,*,#1575,.F.);
#2583=ORIENTED_EDGE('',*,*,#1507,.F.);
#2584=ORIENTED_EDGE('',*,*,#1838,.T.);
#2585=ORIENTED_EDGE('',*,*,#1487,.F.);
#2586=ORIENTED_EDGE('',*,*,#1576,.F.);
#2587=ORIENTED_EDGE('',*,*,#1478,.F.);
#2588=ORIENTED_EDGE('',*,*,#1480,.F.);
#2589=ORIENTED_EDGE('',*,*,#1484,.F.);
#2590=ORIENTED_EDGE('',*,*,#1511,.F.);
#2591=ORIENTED_EDGE('',*,*,#1710,.F.);
#2592=ORIENTED_EDGE('',*,*,#1839,.T.);
#2593=ORIENTED_EDGE('',*,*,#1840,.T.);
#2594=ORIENTED_EDGE('',*,*,#1517,.T.);
#2595=ORIENTED_EDGE('',*,*,#1572,.T.);
#2596=ORIENTED_EDGE('',*,*,#1841,.F.);
#2597=ORIENTED_EDGE('',*,*,#1842,.F.);
#2598=ORIENTED_EDGE('',*,*,#1839,.F.);
#2599=ORIENTED_EDGE('',*,*,#1842,.T.);
#2600=ORIENTED_EDGE('',*,*,#1843,.F.);
#2601=ORIENTED_EDGE('',*,*,#1518,.F.);
#2602=ORIENTED_EDGE('',*,*,#1840,.F.);
#2603=ORIENTED_EDGE('',*,*,#1521,.F.);
#2604=ORIENTED_EDGE('',*,*,#1519,.T.);
#2605=ORIENTED_EDGE('',*,*,#1843,.T.);
#2606=ORIENTED_EDGE('',*,*,#1841,.T.);
#2607=ORIENTED_EDGE('',*,*,#1578,.F.);
#2608=ORIENTED_EDGE('',*,*,#1831,.T.);
#2609=ORIENTED_EDGE('',*,*,#1642,.T.);
#2610=ORIENTED_EDGE('',*,*,#1607,.F.);
#2611=ORIENTED_EDGE('',*,*,#1844,.T.);
#2612=ORIENTED_EDGE('',*,*,#1845,.F.);
#2613=ORIENTED_EDGE('',*,*,#1846,.T.);
#2614=ORIENTED_EDGE('',*,*,#1673,.F.);
#2615=ORIENTED_EDGE('',*,*,#1837,.T.);
#2616=ORIENTED_EDGE('',*,*,#1833,.T.);
#2617=ORIENTED_EDGE('',*,*,#1836,.T.);
#2618=ORIENTED_EDGE('',*,*,#1711,.T.);
#2619=ORIENTED_EDGE('',*,*,#1715,.T.);
#2620=ORIENTED_EDGE('',*,*,#1788,.T.);
#2621=ORIENTED_EDGE('',*,*,#1847,.T.);
#2622=ORIENTED_EDGE('',*,*,#1524,.F.);
#2623=ORIENTED_EDGE('',*,*,#1553,.F.);
#2624=ORIENTED_EDGE('',*,*,#1709,.F.);
#2625=ORIENTED_EDGE('',*,*,#1848,.F.);
#2626=ORIENTED_EDGE('',*,*,#1845,.T.);
#2627=ORIENTED_EDGE('',*,*,#1847,.F.);
#2628=ORIENTED_EDGE('',*,*,#1844,.F.);
#2629=ORIENTED_EDGE('',*,*,#1606,.F.);
#2630=ORIENTED_EDGE('',*,*,#1603,.F.);
#2631=ORIENTED_EDGE('',*,*,#1600,.F.);
#2632=ORIENTED_EDGE('',*,*,#1597,.F.);
#2633=ORIENTED_EDGE('',*,*,#1593,.F.);
#2634=ORIENTED_EDGE('',*,*,#1609,.F.);
#2635=ORIENTED_EDGE('',*,*,#1590,.F.);
#2636=ORIENTED_EDGE('',*,*,#1588,.F.);
#2637=ORIENTED_EDGE('',*,*,#1620,.T.);
#2638=ORIENTED_EDGE('',*,*,#1797,.F.);
#2639=ORIENTED_EDGE('',*,*,#1819,.F.);
#2640=ORIENTED_EDGE('',*,*,#1822,.T.);
#2641=ORIENTED_EDGE('',*,*,#1829,.T.);
#2642=ORIENTED_EDGE('',*,*,#1651,.F.);
#2643=ORIENTED_EDGE('',*,*,#1649,.F.);
#2644=ORIENTED_EDGE('',*,*,#1646,.F.);
#2645=ORIENTED_EDGE('',*,*,#1745,.F.);
#2646=ORIENTED_EDGE('',*,*,#1742,.F.);
#2647=ORIENTED_EDGE('',*,*,#1739,.F.);
#2648=ORIENTED_EDGE('',*,*,#1736,.F.);
#2649=ORIENTED_EDGE('',*,*,#1733,.F.);
#2650=ORIENTED_EDGE('',*,*,#1730,.F.);
#2651=ORIENTED_EDGE('',*,*,#1727,.F.);
#2652=ORIENTED_EDGE('',*,*,#1724,.F.);
#2653=ORIENTED_EDGE('',*,*,#1719,.F.);
#2654=ORIENTED_EDGE('',*,*,#1579,.F.);
#2655=ORIENTED_EDGE('',*,*,#1548,.F.);
#2656=ORIENTED_EDGE('',*,*,#1546,.F.);
#2657=ORIENTED_EDGE('',*,*,#1542,.F.);
#2658=ORIENTED_EDGE('',*,*,#1539,.F.);
#2659=ORIENTED_EDGE('',*,*,#1536,.F.);
#2660=ORIENTED_EDGE('',*,*,#1533,.F.);
#2661=ORIENTED_EDGE('',*,*,#1530,.F.);
#2662=ORIENTED_EDGE('',*,*,#1527,.F.);
#2663=ORIENTED_EDGE('',*,*,#1525,.F.);
#2664=ORIENTED_EDGE('',*,*,#1830,.F.);
#2665=ORIENTED_EDGE('',*,*,#1820,.T.);
#2666=ORIENTED_EDGE('',*,*,#1810,.T.);
#2667=ORIENTED_EDGE('',*,*,#1804,.F.);
#2668=ORIENTED_EDGE('',*,*,#1614,.F.);
#2669=ORIENTED_EDGE('',*,*,#1687,.F.);
#2670=ORIENTED_EDGE('',*,*,#1684,.F.);
#2671=ORIENTED_EDGE('',*,*,#1682,.F.);
#2672=ORIENTED_EDGE('',*,*,#1679,.F.);
#2673=ORIENTED_EDGE('',*,*,#1686,.F.);
#2674=ORIENTED_EDGE('',*,*,#1676,.F.);
#2675=ORIENTED_EDGE('',*,*,#1689,.F.);
#2676=ORIENTED_EDGE('',*,*,#1674,.F.);
#2677=ORIENTED_EDGE('',*,*,#1846,.F.);
#2678=ORIENTED_EDGE('',*,*,#1848,.T.);
#2679=ORIENTED_EDGE('',*,*,#1708,.F.);
#2680=ORIENTED_EDGE('',*,*,#1706,.F.);
#2681=ORIENTED_EDGE('',*,*,#1704,.F.);
#2682=ORIENTED_EDGE('',*,*,#1692,.F.);
#2683=ORIENTED_EDGE('',*,*,#1703,.F.);
#2684=ORIENTED_EDGE('',*,*,#1701,.F.);
#2685=ORIENTED_EDGE('',*,*,#1699,.F.);
#2686=ORIENTED_EDGE('',*,*,#1697,.F.);
#2687=ORIENTED_EDGE('',*,*,#1695,.F.);
#2688=ORIENTED_EDGE('',*,*,#1583,.T.);
#2689=ORIENTED_EDGE('',*,*,#1774,.T.);
#2690=ORIENTED_EDGE('',*,*,#1777,.T.);
#2691=ORIENTED_EDGE('',*,*,#1780,.T.);
#2692=ORIENTED_EDGE('',*,*,#1783,.T.);
#2693=ORIENTED_EDGE('',*,*,#1770,.F.);
#2694=ORIENTED_EDGE('',*,*,#1667,.F.);
#2695=ORIENTED_EDGE('',*,*,#1665,.F.);
#2696=ORIENTED_EDGE('',*,*,#1663,.F.);
#2697=PLANE('',#3001);
#2698=PLANE('',#3002);
#2699=PLANE('',#3003);
#2700=PLANE('',#3004);
#2701=PLANE('',#3006);
#2702=PLANE('',#3010);
#2703=PLANE('',#3011);
#2704=PLANE('',#3014);
#2705=PLANE('',#3017);
#2706=PLANE('',#3020);
#2707=PLANE('',#3021);
#2708=PLANE('',#3022);
#2709=PLANE('',#3025);
#2710=PLANE('',#3027);
#2711=PLANE('',#3028);
#2712=PLANE('',#3032);
#2713=PLANE('',#3035);
#2714=PLANE('',#3038);
#2715=PLANE('',#3039);
#2716=PLANE('',#3042);
#2717=PLANE('',#3043);
#2718=PLANE('',#3046);
#2719=PLANE('',#3047);
#2720=PLANE('',#3048);
#2721=PLANE('',#3049);
#2722=PLANE('',#3050);
#2723=PLANE('',#3051);
#2724=PLANE('',#3055);
#2725=PLANE('',#3065);
#2726=PLANE('',#3066);
#2727=PLANE('',#3067);
#2728=PLANE('',#3068);
#2729=PLANE('',#3071);
#2730=PLANE('',#3078);
#2731=PLANE('',#3079);
#2732=PLANE('',#3080);
#2733=PLANE('',#3081);
#2734=PLANE('',#3082);
#2735=PLANE('',#3083);
#2736=PLANE('',#3093);
#2737=PLANE('',#3094);
#2738=PLANE('',#3095);
#2739=PLANE('',#3096);
#2740=PLANE('',#3097);
#2741=PLANE('',#3098);
#2742=PLANE('',#3099);
#2743=PLANE('',#3106);
#2744=PLANE('',#3107);
#2745=PLANE('',#3108);
#2746=PLANE('',#3112);
#2747=PLANE('',#3113);
#2748=PLANE('',#3116);
#2749=PLANE('',#3117);
#2750=PLANE('',#3120);
#2751=PLANE('',#3121);
#2752=PLANE('',#3122);
#2753=PLANE('',#3127);
#2754=PLANE('',#3128);
#2755=PLANE('',#3131);
#2756=PLANE('',#3132);
#2757=PLANE('',#3133);
#2758=PLANE('',#3136);
#2759=PLANE('',#3137);
#2760=PLANE('',#3138);
#2761=PLANE('',#3143);
#2762=PLANE('',#3146);
#2763=PLANE('',#3147);
#2764=PLANE('',#3148);
#2765=PLANE('',#3149);
#2766=PLANE('',#3150);
#2767=PLANE('',#3151);
#2768=PLANE('',#3152);
#2769=PLANE('',#3153);
#2770=PLANE('',#3154);
#2771=PLANE('',#3155);
#2772=PLANE('',#3156);
#2773=PLANE('',#3157);
#2774=PLANE('',#3158);
#2775=PLANE('',#3159);
#2776=PLANE('',#3160);
#2777=PLANE('',#3161);
#2778=PLANE('',#3162);
#2779=PLANE('',#3163);
#2780=PLANE('',#3164);
#2781=PLANE('',#3165);
#2782=PLANE('',#3166);
#2783=PLANE('',#3167);
#2784=PLANE('',#3168);
#2785=PLANE('',#3169);
#2786=PLANE('',#3170);
#2787=PLANE('',#3171);
#2788=PLANE('',#3172);
#2789=PLANE('',#3173);
#2790=PLANE('',#3174);
#2791=PLANE('',#3175);
#2792=PLANE('',#3176);
#2793=PLANE('',#3177);
#2794=PLANE('',#3178);
#2795=PLANE('',#3179);
#2796=PLANE('',#3180);
#2797=PLANE('',#3181);
#2798=PLANE('',#3182);
#2799=PLANE('',#3183);
#2800=PLANE('',#3184);
#2801=PLANE('',#3185);
#2802=PLANE('',#3186);
#2803=PLANE('',#3187);
#2804=PLANE('',#3188);
#2805=PLANE('',#3190);
#2806=PLANE('',#3192);
#2807=PLANE('',#3193);
#2808=PLANE('',#3194);
#2809=PLANE('',#3195);
#2810=PLANE('',#3196);
#2811=PLANE('',#3197);
#2812=PLANE('',#3198);
#2813=PLANE('',#3199);
#2814=PLANE('',#3201);
#2815=PLANE('',#3202);
#2816=PLANE('',#3203);
#2817=PLANE('',#3205);
#2818=PLANE('',#3208);
#2819=PLANE('',#3209);
#2820=PLANE('',#3210);
#2821=PLANE('',#3211);
#2822=PLANE('',#3212);
#2823=ADVANCED_FACE('',(#129),#2697,.T.);
#2824=ADVANCED_FACE('',(#130),#2698,.F.);
#2825=ADVANCED_FACE('',(#131),#2699,.T.);
#2826=ADVANCED_FACE('',(#132),#2700,.F.);
#2827=ADVANCED_FACE('',(#133),#2701,.T.);
#2828=ADVANCED_FACE('',(#134),#57,.T.);
#2829=ADVANCED_FACE('',(#135),#2702,.T.);
#2830=ADVANCED_FACE('',(#136),#2703,.T.);
#2831=ADVANCED_FACE('',(#137),#58,.T.);
#2832=ADVANCED_FACE('',(#138),#2704,.F.);
#2833=ADVANCED_FACE('',(#139),#43,.T.);
#2834=ADVANCED_FACE('',(#140),#2705,.F.);
#2835=ADVANCED_FACE('',(#141),#44,.T.);
#2836=ADVANCED_FACE('',(#142),#2706,.F.);
#2837=ADVANCED_FACE('',(#143),#2707,.T.);
#2838=ADVANCED_FACE('',(#144),#2708,.T.);
#2839=ADVANCED_FACE('',(#145),#59,.T.);
#2840=ADVANCED_FACE('',(#146),#2709,.T.);
#2841=ADVANCED_FACE('',(#147),#60,.T.);
#2842=ADVANCED_FACE('',(#148),#2710,.T.);
#2843=ADVANCED_FACE('',(#149),#2711,.T.);
#2844=ADVANCED_FACE('',(#150),#61,.T.);
#2845=ADVANCED_FACE('',(#151),#2712,.T.);
#2846=ADVANCED_FACE('',(#152),#62,.T.);
#2847=ADVANCED_FACE('',(#153),#2713,.T.);
#2848=ADVANCED_FACE('',(#154),#45,.T.);
#2849=ADVANCED_FACE('',(#155),#2714,.T.);
#2850=ADVANCED_FACE('',(#156),#2715,.T.);
#2851=ADVANCED_FACE('',(#157),#63,.T.);
#2852=ADVANCED_FACE('',(#158),#2716,.T.);
#2853=ADVANCED_FACE('',(#159),#2717,.T.);
#2854=ADVANCED_FACE('',(#160),#64,.T.);
#2855=ADVANCED_FACE('',(#161),#2718,.F.);
#2856=ADVANCED_FACE('',(#162),#2719,.T.);
#2857=ADVANCED_FACE('',(#163),#2720,.T.);
#2858=ADVANCED_FACE('',(#164),#2721,.T.);
#2859=ADVANCED_FACE('',(#165),#2722,.T.);
#2860=ADVANCED_FACE('',(#166),#2723,.T.);
#2861=ADVANCED_FACE('',(#167),#65,.T.);
#2862=ADVANCED_FACE('',(#168),#2724,.T.);
#2863=ADVANCED_FACE('',(#169),#66,.F.);
#2864=ADVANCED_FACE('',(#170),#67,.F.);
#2865=ADVANCED_FACE('',(#171),#68,.F.);
#2866=ADVANCED_FACE('',(#172),#2725,.T.);
#2867=ADVANCED_FACE('',(#173),#2726,.T.);
#2868=ADVANCED_FACE('',(#174),#2727,.T.);
#2869=ADVANCED_FACE('',(#175),#2728,.T.);
#2870=ADVANCED_FACE('',(#176),#46,.T.);
#2871=ADVANCED_FACE('',(#177),#2729,.T.);
#2872=ADVANCED_FACE('',(#178),#47,.F.);
#2873=ADVANCED_FACE('',(#179),#48,.F.);
#2874=ADVANCED_FACE('',(#180),#49,.F.);
#2875=ADVANCED_FACE('',(#181),#2730,.T.);
#2876=ADVANCED_FACE('',(#182,#15),#2731,.T.);
#2877=ADVANCED_FACE('',(#183),#2732,.T.);
#2878=ADVANCED_FACE('',(#184),#2733,.T.);
#2879=ADVANCED_FACE('',(#185),#2734,.T.);
#2880=ADVANCED_FACE('',(#186),#2735,.T.);
#2881=ADVANCED_FACE('',(#187),#69,.F.);
#2882=ADVANCED_FACE('',(#188),#70,.F.);
#2883=ADVANCED_FACE('',(#189),#71,.F.);
#2884=ADVANCED_FACE('',(#190),#2736,.T.);
#2885=ADVANCED_FACE('',(#191),#2737,.T.);
#2886=ADVANCED_FACE('',(#192),#2738,.T.);
#2887=ADVANCED_FACE('',(#193),#2739,.F.);
#2888=ADVANCED_FACE('',(#194),#2740,.F.);
#2889=ADVANCED_FACE('',(#195,#16),#2741,.F.);
#2890=ADVANCED_FACE('',(#196),#2742,.F.);
#2891=ADVANCED_FACE('',(#197),#50,.F.);
#2892=ADVANCED_FACE('',(#198),#51,.F.);
#2893=ADVANCED_FACE('',(#199),#52,.F.);
#2894=ADVANCED_FACE('',(#200),#2743,.F.);
#2895=ADVANCED_FACE('',(#201),#2744,.T.);
#2896=ADVANCED_FACE('',(#202),#2745,.T.);
#2897=ADVANCED_FACE('',(#203),#72,.T.);
#2898=ADVANCED_FACE('',(#204),#2746,.T.);
#2899=ADVANCED_FACE('',(#205),#2747,.T.);
#2900=ADVANCED_FACE('',(#206),#53,.T.);
#2901=ADVANCED_FACE('',(#207),#2748,.F.);
#2902=ADVANCED_FACE('',(#208),#2749,.T.);
#2903=ADVANCED_FACE('',(#209),#73,.T.);
#2904=ADVANCED_FACE('',(#210),#2750,.T.);
#2905=ADVANCED_FACE('',(#211),#2751,.T.);
#2906=ADVANCED_FACE('',(#212),#2752,.T.);
#2907=ADVANCED_FACE('',(#213),#74,.F.);
#2908=ADVANCED_FACE('',(#214),#75,.F.);
#2909=ADVANCED_FACE('',(#215),#2753,.T.);
#2910=ADVANCED_FACE('',(#216),#2754,.T.);
#2911=ADVANCED_FACE('',(#217),#76,.F.);
#2912=ADVANCED_FACE('',(#218),#2755,.T.);
#2913=ADVANCED_FACE('',(#219),#2756,.T.);
#2914=ADVANCED_FACE('',(#220),#2757,.F.);
#2915=ADVANCED_FACE('',(#221),#77,.F.);
#2916=ADVANCED_FACE('',(#222),#2758,.T.);
#2917=ADVANCED_FACE('',(#223),#2759,.T.);
#2918=ADVANCED_FACE('',(#224),#2760,.T.);
#2919=ADVANCED_FACE('',(#225),#78,.F.);
#2920=ADVANCED_FACE('',(#226),#79,.F.);
#2921=ADVANCED_FACE('',(#227),#2761,.T.);
#2922=ADVANCED_FACE('',(#228),#80,.T.);
#2923=ADVANCED_FACE('',(#229),#2762,.T.);
#2924=ADVANCED_FACE('',(#230),#2763,.T.);
#2925=ADVANCED_FACE('',(#231),#2764,.F.);
#2926=ADVANCED_FACE('',(#232),#2765,.F.);
#2927=ADVANCED_FACE('',(#233),#2766,.T.);
#2928=ADVANCED_FACE('',(#234),#2767,.T.);
#2929=ADVANCED_FACE('',(#235),#2768,.T.);
#2930=ADVANCED_FACE('',(#236),#2769,.T.);
#2931=ADVANCED_FACE('',(#237),#2770,.T.);
#2932=ADVANCED_FACE('',(#238),#2771,.T.);
#2933=ADVANCED_FACE('',(#239),#2772,.T.);
#2934=ADVANCED_FACE('',(#240),#2773,.T.);
#2935=ADVANCED_FACE('',(#241),#2774,.T.);
#2936=ADVANCED_FACE('',(#242),#2775,.T.);
#2937=ADVANCED_FACE('',(#243),#2776,.T.);
#2938=ADVANCED_FACE('',(#244),#2777,.T.);
#2939=ADVANCED_FACE('',(#245),#2778,.T.);
#2940=ADVANCED_FACE('',(#246),#2779,.T.);
#2941=ADVANCED_FACE('',(#247),#2780,.T.);
#2942=ADVANCED_FACE('',(#248),#2781,.T.);
#2943=ADVANCED_FACE('',(#249),#2782,.T.);
#2944=ADVANCED_FACE('',(#250),#2783,.T.);
#2945=ADVANCED_FACE('',(#251),#2784,.T.);
#2946=ADVANCED_FACE('',(#252),#2785,.T.);
#2947=ADVANCED_FACE('',(#253),#2786,.T.);
#2948=ADVANCED_FACE('',(#254),#2787,.T.);
#2949=ADVANCED_FACE('',(#255),#2788,.T.);
#2950=ADVANCED_FACE('',(#256,#17),#2789,.T.);
#2951=ADVANCED_FACE('',(#257),#2790,.T.);
#2952=ADVANCED_FACE('',(#258),#2791,.T.);
#2953=ADVANCED_FACE('',(#259),#2792,.T.);
#2954=ADVANCED_FACE('',(#260),#2793,.T.);
#2955=ADVANCED_FACE('',(#261),#2794,.T.);
#2956=ADVANCED_FACE('',(#262),#2795,.T.);
#2957=ADVANCED_FACE('',(#263),#2796,.F.);
#2958=ADVANCED_FACE('',(#264),#2797,.F.);
#2959=ADVANCED_FACE('',(#265),#2798,.F.);
#2960=ADVANCED_FACE('',(#266),#2799,.F.);
#2961=ADVANCED_FACE('',(#267),#2800,.F.);
#2962=ADVANCED_FACE('',(#268),#2801,.F.);
#2963=ADVANCED_FACE('',(#269),#2802,.T.);
#2964=ADVANCED_FACE('',(#270),#2803,.F.);
#2965=ADVANCED_FACE('',(#271),#2804,.T.);
#2966=ADVANCED_FACE('',(#272),#2805,.F.);
#2967=ADVANCED_FACE('',(#273),#54,.T.);
#2968=ADVANCED_FACE('',(#274),#2806,.F.);
#2969=ADVANCED_FACE('',(#275),#2807,.F.);
#2970=ADVANCED_FACE('',(#276),#2808,.F.);
#2971=ADVANCED_FACE('',(#277),#2809,.F.);
#2972=ADVANCED_FACE('',(#278),#2810,.F.);
#2973=ADVANCED_FACE('',(#279),#2811,.F.);
#2974=ADVANCED_FACE('',(#280),#2812,.F.);
#2975=ADVANCED_FACE('',(#281),#2813,.T.);
#2976=ADVANCED_FACE('',(#282),#55,.T.);
#2977=ADVANCED_FACE('',(#283),#2814,.T.);
#2978=ADVANCED_FACE('',(#284),#2815,.T.);
#2979=ADVANCED_FACE('',(#285),#2816,.F.);
#2980=ADVANCED_FACE('',(#286),#2817,.T.);
#2981=ADVANCED_FACE('',(#287),#56,.T.);
#2982=ADVANCED_FACE('',(#288),#2818,.T.);
#2983=ADVANCED_FACE('',(#289,#18),#2819,.T.);
#2984=ADVANCED_FACE('',(#290),#2820,.T.);
#2985=ADVANCED_FACE('',(#291),#2821,.T.);
#2986=ADVANCED_FACE('',(#292),#2822,.F.);
#2987=CLOSED_SHELL('',(#2823,#2824,#2825,#2826,#2827,#2828,#2829,#2830,
#2831,#2832,#2833,#2834,#2835,#2836,#2837,#2838,#2839,#2840,#2841,#2842,
#2843,#2844,#2845,#2846,#2847,#2848,#2849,#2850,#2851,#2852,#2853,#2854,
#2855,#2856,#2857,#2858,#2859,#2860,#2861,#2862,#2863,#2864,#2865,#2866,
#2867,#2868,#2869,#2870,#2871,#2872,#2873,#2874,#2875,#2876,#2877,#2878,
#2879,#2880,#2881,#2882,#2883,#2884,#2885,#2886,#2887,#2888,#2889,#2890,
#2891,#2892,#2893,#2894,#2895,#2896,#2897,#2898,#2899,#2900,#2901,#2902,
#2903,#2904,#2905,#2906,#2907,#2908,#2909,#2910,#2911,#2912,#2913,#2914,
#2915,#2916,#2917,#2918,#2919,#2920,#2921,#2922,#2923,#2924,#2925,#2926,
#2927,#2928,#2929,#2930,#2931,#2932,#2933,#2934,#2935,#2936,#2937,#2938,
#2939,#2940,#2941,#2942,#2943,#2944,#2945,#2946,#2947,#2948,#2949,#2950,
#2951,#2952,#2953,#2954,#2955,#2956,#2957,#2958,#2959,#2960,#2961,#2962,
#2963,#2964,#2965,#2966,#2967,#2968,#2969,#2970,#2971,#2972,#2973,#2974,
#2975,#2976,#2977,#2978,#2979,#2980,#2981,#2982,#2983,#2984,#2985,#2986));
#2988=DERIVED_UNIT_ELEMENT(#2990,1.);
#2989=DERIVED_UNIT_ELEMENT(#4917,-3.);
#2990=(
MASS_UNIT()
NAMED_UNIT(*)
SI_UNIT(.KILO.,.GRAM.)
);
#2991=DERIVED_UNIT((#2988,#2989));
#2992=MEASURE_REPRESENTATION_ITEM('density measure',
POSITIVE_RATIO_MEASURE(7850.),#2991);
#2993=PROPERTY_DEFINITION_REPRESENTATION(#2998,#2995);
#2994=PROPERTY_DEFINITION_REPRESENTATION(#2999,#2996);
#2995=REPRESENTATION('material name',(#2997),#4914);
#2996=REPRESENTATION('density',(#2992),#4914);
#2997=DESCRIPTIVE_REPRESENTATION_ITEM('Steel','Steel');
#2998=PROPERTY_DEFINITION('material property','material name',#4924);
#2999=PROPERTY_DEFINITION('material property','density of part',#4924);
#3000=AXIS2_PLACEMENT_3D('',#3991,#3213,#3214);
#3001=AXIS2_PLACEMENT_3D('',#3992,#3215,#3216);
#3002=AXIS2_PLACEMENT_3D('',#4001,#3221,#3222);
#3003=AXIS2_PLACEMENT_3D('',#4007,#3226,#3227);
#3004=AXIS2_PLACEMENT_3D('',#4013,#3231,#3232);
#3005=AXIS2_PLACEMENT_3D('',#4019,#3235,#3236);
#3006=AXIS2_PLACEMENT_3D('',#4021,#3238,#3239);
#3007=AXIS2_PLACEMENT_3D('',#4030,#3244,#3245);
#3008=AXIS2_PLACEMENT_3D('',#4034,#3247,#3248);
#3009=AXIS2_PLACEMENT_3D('',#4035,#3249,#3250);
#3010=AXIS2_PLACEMENT_3D('',#4036,#3251,#3252);
#3011=AXIS2_PLACEMENT_3D('',#4042,#3256,#3257);
#3012=AXIS2_PLACEMENT_3D('',#4050,#3262,#3263);
#3013=AXIS2_PLACEMENT_3D('',#4051,#3264,#3265);
#3014=AXIS2_PLACEMENT_3D('',#4052,#3266,#3267);
#3015=AXIS2_PLACEMENT_3D('',#4058,#3271,#3272);
#3016=AXIS2_PLACEMENT_3D('',#4061,#3274,#3275);
#3017=AXIS2_PLACEMENT_3D('',#4062,#3276,#3277);
#3018=AXIS2_PLACEMENT_3D('',#4066,#3280,#3281);
#3019=AXIS2_PLACEMENT_3D('',#4069,#3283,#3284);
#3020=AXIS2_PLACEMENT_3D('',#4070,#3285,#3286);
#3021=AXIS2_PLACEMENT_3D('',#4074,#3289,#3290);
#3022=AXIS2_PLACEMENT_3D('',#4080,#3294,#3295);
#3023=AXIS2_PLACEMENT_3D('',#4085,#3299,#3300);
#3024=AXIS2_PLACEMENT_3D('',#4088,#3302,#3303);
#3025=AXIS2_PLACEMENT_3D('',#4089,#3304,#3305);
#3026=AXIS2_PLACEMENT_3D('',#4093,#3308,#3309);
#3027=AXIS2_PLACEMENT_3D('',#4094,#3310,#3311);
#3028=AXIS2_PLACEMENT_3D('',#4103,#3316,#3317);
#3029=AXIS2_PLACEMENT_3D('',#4111,#3322,#3323);
#3030=AXIS2_PLACEMENT_3D('',#4115,#3325,#3326);
#3031=AXIS2_PLACEMENT_3D('',#4116,#3327,#3328);
#3032=AXIS2_PLACEMENT_3D('',#4117,#3329,#3330);
#3033=AXIS2_PLACEMENT_3D('',#4123,#3334,#3335);
#3034=AXIS2_PLACEMENT_3D('',#4124,#3336,#3337);
#3035=AXIS2_PLACEMENT_3D('',#4125,#3338,#3339);
#3036=AXIS2_PLACEMENT_3D('',#4131,#3343,#3344);
#3037=AXIS2_PLACEMENT_3D('',#4134,#3346,#3347);
#3038=AXIS2_PLACEMENT_3D('',#4135,#3348,#3349);
#3039=AXIS2_PLACEMENT_3D('',#4139,#3352,#3353);
#3040=AXIS2_PLACEMENT_3D('',#4145,#3357,#3358);
#3041=AXIS2_PLACEMENT_3D('',#4148,#3360,#3361);
#3042=AXIS2_PLACEMENT_3D('',#4149,#3362,#3363);
#3043=AXIS2_PLACEMENT_3D('',#4153,#3366,#3367);
#3044=AXIS2_PLACEMENT_3D('',#4161,#3372,#3373);
#3045=AXIS2_PLACEMENT_3D('',#4162,#3374,#3375);
#3046=AXIS2_PLACEMENT_3D('',#4163,#3376,#3377);
#3047=AXIS2_PLACEMENT_3D('',#4165,#3379,#3380);
#3048=AXIS2_PLACEMENT_3D('',#4174,#3385,#3386);
#3049=AXIS2_PLACEMENT_3D('',#4180,#3390,#3391);
#3050=AXIS2_PLACEMENT_3D('',#4188,#3396,#3397);
#3051=AXIS2_PLACEMENT_3D('',#4192,#3400,#3401);
#3052=AXIS2_PLACEMENT_3D('',#4204,#3405,#3406);
#3053=AXIS2_PLACEMENT_3D('',#4206,#3407,#3408);
#3054=AXIS2_PLACEMENT_3D('',#4212,#3409,#3410);
#3055=AXIS2_PLACEMENT_3D('',#4213,#3411,#3412);
#3056=AXIS2_PLACEMENT_3D('',#4222,#3415,#3416);
#3057=AXIS2_PLACEMENT_3D('',#4224,#3417,#3418);
#3058=AXIS2_PLACEMENT_3D('',#4230,#3419,#3420);
#3059=AXIS2_PLACEMENT_3D('',#4231,#3421,#3422);
#3060=AXIS2_PLACEMENT_3D('',#4233,#3423,#3424);
#3061=AXIS2_PLACEMENT_3D('',#4239,#3425,#3426);
#3062=AXIS2_PLACEMENT_3D('',#4240,#3427,#3428);
#3063=AXIS2_PLACEMENT_3D('',#4242,#3429,#3430);
#3064=AXIS2_PLACEMENT_3D('',#4248,#3431,#3432);
#3065=AXIS2_PLACEMENT_3D('',#4249,#3433,#3434);
#3066=AXIS2_PLACEMENT_3D('',#4255,#3438,#3439);
#3067=AXIS2_PLACEMENT_3D('',#4261,#3443,#3444);
#3068=AXIS2_PLACEMENT_3D('',#4267,#3448,#3449);
#3069=AXIS2_PLACEMENT_3D('',#4273,#3453,#3454);
#3070=AXIS2_PLACEMENT_3D('',#4280,#3458,#3459);
#3071=AXIS2_PLACEMENT_3D('',#4281,#3460,#3461);
#3072=AXIS2_PLACEMENT_3D('',#4290,#3467,#3468);
#3073=AXIS2_PLACEMENT_3D('',#4293,#3470,#3471);
#3074=AXIS2_PLACEMENT_3D('',#4294,#3472,#3473);
#3075=AXIS2_PLACEMENT_3D('',#4297,#3475,#3476);
#3076=AXIS2_PLACEMENT_3D('',#4298,#3477,#3478);
#3077=AXIS2_PLACEMENT_3D('',#4301,#3480,#3481);
#3078=AXIS2_PLACEMENT_3D('',#4302,#3482,#3483);
#3079=AXIS2_PLACEMENT_3D('',#4306,#3486,#3487);
#3080=AXIS2_PLACEMENT_3D('',#4316,#3494,#3495);
#3081=AXIS2_PLACEMENT_3D('',#4319,#3498,#3499);
#3082=AXIS2_PLACEMENT_3D('',#4333,#3507,#3508);
#3083=AXIS2_PLACEMENT_3D('',#4342,#3513,#3514);
#3084=AXIS2_PLACEMENT_3D('',#4348,#3518,#3519);
#3085=AXIS2_PLACEMENT_3D('',#4351,#3520,#3521);
#3086=AXIS2_PLACEMENT_3D('',#4358,#3522,#3523);
#3087=AXIS2_PLACEMENT_3D('',#4363,#3524,#3525);
#3088=AXIS2_PLACEMENT_3D('',#4365,#3526,#3527);
#3089=AXIS2_PLACEMENT_3D('',#4371,#3528,#3529);
#3090=AXIS2_PLACEMENT_3D('',#4372,#3530,#3531);
#3091=AXIS2_PLACEMENT_3D('',#4374,#3532,#3533);
#3092=AXIS2_PLACEMENT_3D('',#4380,#3534,#3535);
#3093=AXIS2_PLACEMENT_3D('',#4381,#3536,#3537);
#3094=AXIS2_PLACEMENT_3D('',#4387,#3541,#3542);
#3095=AXIS2_PLACEMENT_3D('',#4393,#3546,#3547);
#3096=AXIS2_PLACEMENT_3D('',#4396,#3550,#3551);
#3097=AXIS2_PLACEMENT_3D('',#4415,#3562,#3563);
#3098=AXIS2_PLACEMENT_3D('',#4417,#3565,#3566);
#3099=AXIS2_PLACEMENT_3D('',#4427,#3573,#3574);
#3100=AXIS2_PLACEMENT_3D('',#4431,#3577,#3578);
#3101=AXIS2_PLACEMENT_3D('',#4434,#3580,#3581);
#3102=AXIS2_PLACEMENT_3D('',#4435,#3582,#3583);
#3103=AXIS2_PLACEMENT_3D('',#4438,#3585,#3586);
#3104=AXIS2_PLACEMENT_3D('',#4439,#3587,#3588);
#3105=AXIS2_PLACEMENT_3D('',#4442,#3590,#3591);
#3106=AXIS2_PLACEMENT_3D('',#4443,#3592,#3593);
#3107=AXIS2_PLACEMENT_3D('',#4455,#3600,#3601);
#3108=AXIS2_PLACEMENT_3D('',#4459,#3604,#3605);
#3109=AXIS2_PLACEMENT_3D('',#4471,#3609,#3610);
#3110=AXIS2_PLACEMENT_3D('',#4473,#3611,#3612);
#3111=AXIS2_PLACEMENT_3D('',#4475,#3613,#3614);
#3112=AXIS2_PLACEMENT_3D('',#4480,#3615,#3616);
#3113=AXIS2_PLACEMENT_3D('',#4486,#3620,#3621);
#3114=AXIS2_PLACEMENT_3D('',#4491,#3625,#3626);
#3115=AXIS2_PLACEMENT_3D('',#4495,#3628,#3629);
#3116=AXIS2_PLACEMENT_3D('',#4497,#3631,#3632);
#3117=AXIS2_PLACEMENT_3D('',#4501,#3635,#3636);
#3118=AXIS2_PLACEMENT_3D('',#4510,#3639,#3640);
#3119=AXIS2_PLACEMENT_3D('',#4512,#3641,#3642);
#3120=AXIS2_PLACEMENT_3D('',#4517,#3643,#3644);
#3121=AXIS2_PLACEMENT_3D('',#4523,#3648,#3649);
#3122=AXIS2_PLACEMENT_3D('',#4527,#3652,#3653);
#3123=AXIS2_PLACEMENT_3D('',#4535,#3658,#3659);
#3124=AXIS2_PLACEMENT_3D('',#4538,#3660,#3661);
#3125=AXIS2_PLACEMENT_3D('',#4547,#3662,#3663);
#3126=AXIS2_PLACEMENT_3D('',#4550,#3664,#3665);
#3127=AXIS2_PLACEMENT_3D('',#4559,#3666,#3667);
#3128=AXIS2_PLACEMENT_3D('',#4563,#3670,#3671);
#3129=AXIS2_PLACEMENT_3D('',#4567,#3674,#3675);
#3130=AXIS2_PLACEMENT_3D('',#4568,#3676,#3677);
#3131=AXIS2_PLACEMENT_3D('',#4569,#3678,#3679);
#3132=AXIS2_PLACEMENT_3D('',#4572,#3682,#3683);
#3133=AXIS2_PLACEMENT_3D('',#4574,#3685,#3686);
#3134=AXIS2_PLACEMENT_3D('',#4576,#3688,#3689);
#3135=AXIS2_PLACEMENT_3D('',#4583,#3690,#3691);
#3136=AXIS2_PLACEMENT_3D('',#4588,#3692,#3693);
#3137=AXIS2_PLACEMENT_3D('',#4593,#3697,#3698);
#3138=AXIS2_PLACEMENT_3D('',#4597,#3701,#3702);
#3139=AXIS2_PLACEMENT_3D('',#4604,#3704,#3705);
#3140=AXIS2_PLACEMENT_3D('',#4606,#3706,#3707);
#3141=AXIS2_PLACEMENT_3D('',#4611,#3708,#3709);
#3142=AXIS2_PLACEMENT_3D('',#4612,#3710,#3711);
#3143=AXIS2_PLACEMENT_3D('',#4613,#3712,#3713);
#3144=AXIS2_PLACEMENT_3D('',#4620,#3715,#3716);
#3145=AXIS2_PLACEMENT_3D('',#4622,#3717,#3718);
#3146=AXIS2_PLACEMENT_3D('',#4627,#3719,#3720);
#3147=AXIS2_PLACEMENT_3D('',#4631,#3723,#3724);
#3148=AXIS2_PLACEMENT_3D('',#4633,#3726,#3727);
#3149=AXIS2_PLACEMENT_3D('',#4642,#3732,#3733);
#3150=AXIS2_PLACEMENT_3D('',#4648,#3737,#3738);
#3151=AXIS2_PLACEMENT_3D('',#4659,#3745,#3746);
#3152=AXIS2_PLACEMENT_3D('',#4665,#3750,#3751);
#3153=AXIS2_PLACEMENT_3D('',#4671,#3755,#3756);
#3154=AXIS2_PLACEMENT_3D('',#4677,#3760,#3761);
#3155=AXIS2_PLACEMENT_3D('',#4683,#3765,#3766);
#3156=AXIS2_PLACEMENT_3D('',#4689,#3770,#3771);
#3157=AXIS2_PLACEMENT_3D('',#4695,#3775,#3776);
#3158=AXIS2_PLACEMENT_3D('',#4701,#3780,#3781);
#3159=AXIS2_PLACEMENT_3D('',#4704,#3784,#3785);
#3160=AXIS2_PLACEMENT_3D('',#4713,#3790,#3791);
#3161=AXIS2_PLACEMENT_3D('',#4727,#3799,#3800);
#3162=AXIS2_PLACEMENT_3D('',#4731,#3803,#3804);
#3163=AXIS2_PLACEMENT_3D('',#4735,#3807,#3808);
#3164=AXIS2_PLACEMENT_3D('',#4739,#3811,#3812);
#3165=AXIS2_PLACEMENT_3D('',#4743,#3815,#3816);
#3166=AXIS2_PLACEMENT_3D('',#4749,#3820,#3821);
#3167=AXIS2_PLACEMENT_3D('',#4755,#3825,#3826);
#3168=AXIS2_PLACEMENT_3D('',#4757,#3828,#3829);
#3169=AXIS2_PLACEMENT_3D('',#4759,#3831,#3832);
#3170=AXIS2_PLACEMENT_3D('',#4765,#3836,#3837);
#3171=AXIS2_PLACEMENT_3D('',#4771,#3841,#3842);
#3172=AXIS2_PLACEMENT_3D('',#4777,#3846,#3847);
#3173=AXIS2_PLACEMENT_3D('',#4784,#3852,#3853);
#3174=AXIS2_PLACEMENT_3D('',#4787,#3856,#3857);
#3175=AXIS2_PLACEMENT_3D('',#4796,#3862,#3863);
#3176=AXIS2_PLACEMENT_3D('',#4799,#3866,#3867);
#3177=AXIS2_PLACEMENT_3D('',#4805,#3871,#3872);
#3178=AXIS2_PLACEMENT_3D('',#4814,#3877,#3878);
#3179=AXIS2_PLACEMENT_3D('',#4817,#3881,#3882);
#3180=AXIS2_PLACEMENT_3D('',#4823,#3886,#3887);
#3181=AXIS2_PLACEMENT_3D('',#4825,#3889,#3890);
#3182=AXIS2_PLACEMENT_3D('',#4831,#3894,#3895);
#3183=AXIS2_PLACEMENT_3D('',#4838,#3900,#3901);
#3184=AXIS2_PLACEMENT_3D('',#4843,#3905,#3906);
#3185=AXIS2_PLACEMENT_3D('',#4847,#3909,#3910);
#3186=AXIS2_PLACEMENT_3D('',#4854,#3915,#3916);
#3187=AXIS2_PLACEMENT_3D('',#4855,#3917,#3918);
#3188=AXIS2_PLACEMENT_3D('',#4856,#3919,#3920);
#3189=AXIS2_PLACEMENT_3D('',#4860,#3922,#3923);
#3190=AXIS2_PLACEMENT_3D('',#4862,#3925,#3926);
#3191=AXIS2_PLACEMENT_3D('',#4864,#3928,#3929);
#3192=AXIS2_PLACEMENT_3D('',#4866,#3931,#3932);
#3193=AXIS2_PLACEMENT_3D('',#4867,#3933,#3934);
#3194=AXIS2_PLACEMENT_3D('',#4868,#3935,#3936);
#3195=AXIS2_PLACEMENT_3D('',#4869,#3937,#3938);
#3196=AXIS2_PLACEMENT_3D('',#4872,#3941,#3942);
#3197=AXIS2_PLACEMENT_3D('',#4876,#3945,#3946);
#3198=AXIS2_PLACEMENT_3D('',#4882,#3950,#3951);
#3199=AXIS2_PLACEMENT_3D('',#4884,#3953,#3954);
#3200=AXIS2_PLACEMENT_3D('',#4886,#3956,#3957);
#3201=AXIS2_PLACEMENT_3D('',#4888,#3959,#3960);
#3202=AXIS2_PLACEMENT_3D('',#4889,#3961,#3962);
#3203=AXIS2_PLACEMENT_3D('',#4890,#3963,#3964);
#3204=AXIS2_PLACEMENT_3D('',#4893,#3966,#3967);
#3205=AXIS2_PLACEMENT_3D('',#4894,#3968,#3969);
#3206=AXIS2_PLACEMENT_3D('',#4898,#3972,#3973);
#3207=AXIS2_PLACEMENT_3D('',#4899,#3974,#3975);
#3208=AXIS2_PLACEMENT_3D('',#4900,#3976,#3977);
#3209=AXIS2_PLACEMENT_3D('',#4901,#3978,#3979);
#3210=AXIS2_PLACEMENT_3D('',#4907,#3983,#3984);
#3211=AXIS2_PLACEMENT_3D('',#4910,#3987,#3988);
#3212=AXIS2_PLACEMENT_3D('',#4911,#3989,#3990);
#3213=DIRECTION('axis',(0.,0.,1.));
#3214=DIRECTION('refdir',(1.,0.,0.));
#3215=DIRECTION('center_axis',(-0.353553390593274,0.612372435695791,-0.70710678118655));
#3216=DIRECTION('ref_axis',(-0.894427190999917,0.,0.447213595499956));
#3217=DIRECTION('',(-0.684550319445296,-0.6845503194453,-0.25056280708573));
#3218=DIRECTION('',(0.866025403784437,0.500000000000002,0.));
#3219=DIRECTION('',(0.126544276586778,-0.717668255183253,-0.684791078771733));
#3220=DIRECTION('',(-0.866025403784437,-0.500000000000002,0.));
#3221=DIRECTION('center_axis',(0.500000000000002,-0.866025403784437,0.));
#3222=DIRECTION('ref_axis',(0.866025403784437,0.500000000000002,0.));
#3223=DIRECTION('',(0.,0.,1.));
#3224=DIRECTION('',(-0.866025403784437,-0.500000000000002,0.));
#3225=DIRECTION('',(0.,0.,-1.));
#3226=DIRECTION('center_axis',(-0.353553390593274,0.612372435695791,0.70710678118655));
#3227=DIRECTION('ref_axis',(0.894427190999917,0.,0.447213595499956));
#3228=DIRECTION('',(-0.126544276586778,0.717668255183253,-0.684791078771733));
#3229=DIRECTION('',(0.684550319445296,0.6845503194453,-0.25056280708573));
#3230=DIRECTION('',(0.866025403784437,0.500000000000002,0.));
#3231=DIRECTION('center_axis',(0.,0.,-1.));
#3232=DIRECTION('ref_axis',(-1.,0.,0.));
#3233=DIRECTION('',(-0.707106781186546,-0.707106781186549,0.));
#3234=DIRECTION('',(-0.984807753012208,-0.17364817766693,0.));
#3235=DIRECTION('center_axis',(0.,0.,-1.));
#3236=DIRECTION('ref_axis',(0.984807753012208,0.173648177666931,0.));
#3237=DIRECTION('',(0.173648177666934,-0.984807753012207,0.));
#3238=DIRECTION('center_axis',(-0.541675220419706,-0.454519477672047,-0.707106781186542));
#3239=DIRECTION('ref_axis',(-0.793844806099442,0.,0.608120402411348));
#3240=DIRECTION('',(-0.793844806099442,0.,0.608120402411348));
#3241=DIRECTION('',(0.642787609686539,-0.766044443118978,0.));
#3242=DIRECTION('',(-0.541675220419702,-0.454519477672035,0.707106781186552));
#3243=DIRECTION('',(-0.642787609686539,0.766044443118978,0.));
#3244=DIRECTION('center_axis',(0.,0.,1.));
#3245=DIRECTION('ref_axis',(0.,-1.,0.));
#3246=DIRECTION('',(0.,-0.707106781186548,0.707106781186548));
#3247=DIRECTION('center_axis',(0.,0.,-1.));
#3248=DIRECTION('ref_axis',(0.,-1.,0.));
#3249=DIRECTION('center_axis',(0.,0.,1.));
#3250=DIRECTION('ref_axis',(0.,-1.,0.));
#3251=DIRECTION('center_axis',(0.,-0.707106781186548,-0.707106781186548));
#3252=DIRECTION('ref_axis',(-1.,0.,0.));
#3253=DIRECTION('',(0.,-0.707106781186548,0.707106781186548));
#3254=DIRECTION('',(-1.,0.,0.));
#3255=DIRECTION('',(1.,0.,0.));
#3256=DIRECTION('center_axis',(0.541675220419698,0.454519477672043,-0.707106781186551));
#3257=DIRECTION('ref_axis',(-0.793844806099449,0.,-0.608120402411339));
#3258=DIRECTION('',(-0.793844806099449,0.,-0.608120402411339));
#3259=DIRECTION('',(0.642787609686542,-0.766044443118976,0.));
#3260=DIRECTION('',(-0.541675220419697,-0.454519477672037,-0.707106781186556));
#3261=DIRECTION('',(-0.642787609686542,0.766044443118976,0.));
#3262=DIRECTION('center_axis',(0.,0.,1.));
#3263=DIRECTION('ref_axis',(0.766044443118978,0.64278760968654,0.));
#3264=DIRECTION('center_axis',(0.,0.,-1.));
#3265=DIRECTION('ref_axis',(0.766044443118978,0.64278760968654,0.));
#3266=DIRECTION('center_axis',(0.766044443118978,0.642787609686539,0.));
#3267=DIRECTION('ref_axis',(-0.642787609686539,0.766044443118978,0.));
#3268=DIRECTION('',(0.,0.,1.));
#3269=DIRECTION('',(0.642787609686539,-0.766044443118978,0.));
#3270=DIRECTION('',(0.,0.,-1.));
#3271=DIRECTION('center_axis',(0.,0.,-1.));
#3272=DIRECTION('ref_axis',(0.,-1.,0.));
#3273=DIRECTION('',(0.,0.,1.));
#3274=DIRECTION('center_axis',(0.,0.,1.));
#3275=DIRECTION('ref_axis',(0.,-1.,0.));
#3276=DIRECTION('center_axis',(0.,1.,0.));
#3277=DIRECTION('ref_axis',(-1.,0.,0.));
#3278=DIRECTION('',(0.,0.,1.));
#3279=DIRECTION('',(1.,0.,0.));
#3280=DIRECTION('center_axis',(0.,0.,-1.));
#3281=DIRECTION('ref_axis',(0.766044443118978,0.64278760968654,0.));
#3282=DIRECTION('',(0.,0.,1.));
#3283=DIRECTION('center_axis',(0.,0.,1.));
#3284=DIRECTION('ref_axis',(0.766044443118978,0.64278760968654,0.));
#3285=DIRECTION('center_axis',(-0.766044443118976,-0.642787609686542,0.));
#3286=DIRECTION('ref_axis',(0.642787609686542,-0.766044443118976,0.));
#3287=DIRECTION('',(0.,0.,1.));
#3288=DIRECTION('',(-0.642787609686542,0.766044443118976,0.));
#3289=DIRECTION('center_axis',(0.541675220419698,0.454519477672043,0.707106781186551));
#3290=DIRECTION('ref_axis',(0.793844806099449,0.,-0.608120402411339));
#3291=DIRECTION('',(0.793844806099449,0.,-0.608120402411339));
#3292=DIRECTION('',(0.642787609686542,-0.766044443118976,0.));
#3293=DIRECTION('',(0.541675220419697,0.454519477672037,-0.707106781186556));
#3294=DIRECTION('center_axis',(0.,-0.707106781186548,0.707106781186548));
#3295=DIRECTION('ref_axis',(1.,0.,0.));
#3296=DIRECTION('',(0.,-0.707106781186548,-0.707106781186548));
#3297=DIRECTION('',(0.,0.707106781186548,0.707106781186548));
#3298=DIRECTION('',(-1.,0.,0.));
#3299=DIRECTION('center_axis',(0.,0.,-1.));
#3300=DIRECTION('ref_axis',(0.,-1.,0.));
#3301=DIRECTION('',(-0.541675220419697,-0.454519477672037,-0.707106781186556));
#3302=DIRECTION('center_axis',(0.,0.,-1.));
#3303=DIRECTION('ref_axis',(0.,-1.,0.));
#3304=DIRECTION('center_axis',(-0.541675220419706,-0.454519477672047,0.707106781186542));
#3305=DIRECTION('ref_axis',(0.793844806099442,0.,0.608120402411348));
#3306=DIRECTION('',(0.793844806099442,0.,0.608120402411348));
#3307=DIRECTION('',(-0.642787609686539,0.766044443118978,0.));
#3308=DIRECTION('center_axis',(0.,0.,-1.));
#3309=DIRECTION('ref_axis',(0.766044443118978,0.64278760968654,0.));
#3310=DIRECTION('center_axis',(-0.541675220419698,0.454519477672043,0.707106781186551));
#3311=DIRECTION('ref_axis',(0.793844806099449,0.,0.608120402411339));
#3312=DIRECTION('',(0.793844806099449,0.,0.608120402411339));
#3313=DIRECTION('',(-0.642787609686542,-0.766044443118976,0.));
#3314=DIRECTION('',(0.541675220419697,-0.454519477672037,0.707106781186556));
#3315=DIRECTION('',(0.642787609686542,0.766044443118976,0.));
#3316=DIRECTION('center_axis',(0.,-0.707106781186548,0.707106781186548));
#3317=DIRECTION('ref_axis',(1.,0.,0.));
#3318=DIRECTION('',(0.,0.707106781186548,0.707106781186548));
#3319=DIRECTION('',(-1.,0.,0.));
#3320=DIRECTION('',(0.,-0.707106781186548,-0.707106781186548));
#3321=DIRECTION('',(1.,0.,0.));
#3322=DIRECTION('center_axis',(0.,0.,-1.));
#3323=DIRECTION('ref_axis',(0.,-1.,0.));
#3324=DIRECTION('',(-0.541675220419697,0.454519477672037,0.707106781186556));
#3325=DIRECTION('center_axis',(0.,0.,-1.));
#3326=DIRECTION('ref_axis',(0.,-1.,0.));
#3327=DIRECTION('center_axis',(0.,0.,1.));
#3328=DIRECTION('ref_axis',(0.,-1.,0.));
#3329=DIRECTION('center_axis',(0.541675220419706,-0.454519477672047,0.707106781186542));
#3330=DIRECTION('ref_axis',(0.793844806099442,0.,-0.608120402411348));
#3331=DIRECTION('',(0.793844806099442,0.,-0.608120402411348));
#3332=DIRECTION('',(-0.642787609686539,-0.766044443118978,0.));
#3333=DIRECTION('',(0.642787609686539,0.766044443118978,0.));
#3334=DIRECTION('center_axis',(0.,0.,-1.));
#3335=DIRECTION('ref_axis',(-0.766044443118978,0.64278760968654,0.));
#3336=DIRECTION('center_axis',(0.,0.,1.));
#3337=DIRECTION('ref_axis',(-0.766044443118978,0.64278760968654,0.));
#3338=DIRECTION('center_axis',(0.766044443118978,-0.642787609686539,0.));
#3339=DIRECTION('ref_axis',(0.642787609686539,0.766044443118978,0.));
#3340=DIRECTION('',(0.,0.,1.));
#3341=DIRECTION('',(-0.642787609686539,-0.766044443118978,0.));
#3342=DIRECTION('',(0.,0.,-1.));
#3343=DIRECTION('center_axis',(0.,0.,1.));
#3344=DIRECTION('ref_axis',(0.,-1.,0.));
#3345=DIRECTION('',(0.,0.,1.));
#3346=DIRECTION('center_axis',(0.,0.,-1.));
#3347=DIRECTION('ref_axis',(0.,-1.,0.));
#3348=DIRECTION('center_axis',(0.,-1.,0.));
#3349=DIRECTION('ref_axis',(1.,0.,0.));
#3350=DIRECTION('',(0.,0.,1.));
#3351=DIRECTION('',(-1.,0.,0.));
#3352=DIRECTION('center_axis',(0.541675220419707,-0.454519477672048,-0.707106781186541));
#3353=DIRECTION('ref_axis',(-0.79384480609944,0.,-0.60812040241135));
#3354=DIRECTION('',(-0.79384480609944,0.,-0.60812040241135));
#3355=DIRECTION('',(-0.541675220419701,0.454519477672034,-0.707106781186554));
#3356=DIRECTION('',(0.642787609686539,0.766044443118978,0.));
#3357=DIRECTION('center_axis',(0.,0.,1.));
#3358=DIRECTION('ref_axis',(0.,-1.,0.));
#3359=DIRECTION('',(0.,0.707106781186548,-0.707106781186548));
#3360=DIRECTION('center_axis',(0.,0.,1.));
#3361=DIRECTION('ref_axis',(0.,-1.,0.));
#3362=DIRECTION('center_axis',(0.,-0.707106781186549,-0.707106781186546));
#3363=DIRECTION('ref_axis',(-1.,0.,0.));
#3364=DIRECTION('',(0.,0.707106781186546,-0.707106781186549));
#3365=DIRECTION('',(1.,0.,0.));
#3366=DIRECTION('center_axis',(-0.5416752204197,0.454519477672045,-0.707106781186549));
#3367=DIRECTION('ref_axis',(-0.793844806099447,0.,0.608120402411341));
#3368=DIRECTION('',(-0.793844806099447,0.,0.608120402411341));
#3369=DIRECTION('',(-0.642787609686542,-0.766044443118976,0.));
#3370=DIRECTION('',(-0.541675220419695,0.454519477672036,0.707106781186557));
#3371=DIRECTION('',(0.642787609686542,0.766044443118976,0.));
#3372=DIRECTION('center_axis',(0.,0.,1.));
#3373=DIRECTION('ref_axis',(-0.766044443118978,0.64278760968654,0.));
#3374=DIRECTION('center_axis',(0.,0.,-1.));
#3375=DIRECTION('ref_axis',(-0.766044443118978,0.64278760968654,0.));
#3376=DIRECTION('center_axis',(0.,0.,1.));
#3377=DIRECTION('ref_axis',(1.,0.,0.));
#3378=DIRECTION('',(-1.,0.,0.));
#3379=DIRECTION('center_axis',(0.353553390593275,0.612372435695793,-0.707106781186549));
#3380=DIRECTION('ref_axis',(-0.894427190999916,0.,-0.447213595499958));
#3381=DIRECTION('',(-0.684550319445296,0.6845503194453,0.250562807085731));
#3382=DIRECTION('',(-0.866025403784437,0.500000000000002,0.));
#3383=DIRECTION('',(0.126544276586778,0.717668255183251,0.684791078771735));
#3384=DIRECTION('',(0.866025403784437,-0.500000000000002,0.));
#3385=DIRECTION('center_axis',(0.500000000000002,0.866025403784437,0.));
#3386=DIRECTION('ref_axis',(-0.866025403784437,0.500000000000002,0.));
#3387=DIRECTION('',(0.,0.,-1.));
#3388=DIRECTION('',(-0.866025403784437,0.500000000000002,0.));
#3389=DIRECTION('',(0.,0.,1.));
#3390=DIRECTION('center_axis',(-0.984807753012207,0.173648177666934,0.));
#3391=DIRECTION('ref_axis',(-0.173648177666934,-0.984807753012207,0.));
#3392=DIRECTION('',(0.173648177666934,0.984807753012207,0.));
#3393=DIRECTION('',(0.,0.,1.));
#3394=DIRECTION('',(-0.173648177666934,-0.984807753012207,0.));
#3395=DIRECTION('',(-0.126544276586778,-0.717668255183253,0.684791078771733));
#3396=DIRECTION('center_axis',(0.353553390593274,0.612372435695791,0.70710678118655));
#3397=DIRECTION('ref_axis',(0.894427190999917,0.,-0.447213595499956));
#3398=DIRECTION('',(0.866025403784437,-0.500000000000002,0.));
#3399=DIRECTION('',(0.684550319445296,-0.6845503194453,0.25056280708573));
#3400=DIRECTION('center_axis',(-1.08698708678108E-15,0.707106781186548,
0.707106781186548));
#3401=DIRECTION('ref_axis',(1.,0.,1.53723188025022E-15));
#3402=DIRECTION('',(-1.,-1.53723188025022E-15,0.));
#3403=DIRECTION('',(0.,0.707106781186548,-0.707106781186548));
#3404=DIRECTION('',(1.,1.53723188025022E-15,0.));
#3405=DIRECTION('center_axis',(0.,0.,-1.));
#3406=DIRECTION('ref_axis',(-0.602439435351174,0.798164598772559,0.));
#3407=DIRECTION('center_axis',(0.,0.,-1.));
#3408=DIRECTION('ref_axis',(-0.602439435351173,0.798164598772559,0.));
#3409=DIRECTION('center_axis',(0.,0.,1.));
#3410=DIRECTION('ref_axis',(-0.602439435351174,0.798164598772559,0.));
#3411=DIRECTION('center_axis',(0.564387600295062,0.425989009991081,0.707106781186548));
#3412=DIRECTION('ref_axis',(0.781568071257433,0.,-0.623819966008572));
#3413=DIRECTION('',(0.602439435351274,-0.798164598772482,0.));
#3414=DIRECTION('',(-0.602439435351274,0.798164598772482,0.));
#3415=DIRECTION('center_axis',(0.,0.,1.));
#3416=DIRECTION('ref_axis',(-0.60243943535114,0.798164598772584,0.));
#3417=DIRECTION('center_axis',(0.,0.,1.));
#3418=DIRECTION('ref_axis',(-0.60243943535114,0.798164598772584,0.));
#3419=DIRECTION('center_axis',(0.,0.,-1.));
#3420=DIRECTION('ref_axis',(-0.60243943535114,0.798164598772584,0.));
#3421=DIRECTION('center_axis',(0.,0.,1.));
#3422=DIRECTION('ref_axis',(-0.63482989404215,-0.772651930451502,0.));
#3423=DIRECTION('center_axis',(0.,0.,1.));
#3424=DIRECTION('ref_axis',(-0.63482989404215,-0.772651930451502,0.));
#3425=DIRECTION('center_axis',(0.,0.,-1.));
#3426=DIRECTION('ref_axis',(-0.63482989404215,-0.772651930451502,0.));
#3427=DIRECTION('center_axis',(0.,0.,1.));
#3428=DIRECTION('ref_axis',(-0.994679258136253,-0.103020257393939,0.));
#3429=DIRECTION('center_axis',(0.,0.,1.));
#3430=DIRECTION('ref_axis',(-0.994679258136253,-0.103020257393939,0.));
#3431=DIRECTION('center_axis',(0.,0.,-1.));
#3432=DIRECTION('ref_axis',(-0.994679258136253,-0.103020257393939,0.));
#3433=DIRECTION('center_axis',(0.564387600295136,-0.425989009990986,0.707106781186546));
#3434=DIRECTION('ref_axis',(0.781568071257393,0.,-0.623819966008622));
#3435=DIRECTION('',(-0.602439435351139,-0.798164598772585,0.));
#3436=DIRECTION('',(0.332202812765401,-0.666948757848291,-0.666948757848291));
#3437=DIRECTION('',(0.602439435351139,0.798164598772585,0.));
#3438=DIRECTION('center_axis',(0.,-0.707106781186548,0.707106781186548));
#3439=DIRECTION('ref_axis',(1.,0.,0.));
#3440=DIRECTION('',(1.,0.,0.));
#3441=DIRECTION('',(-1.,0.,0.));
#3442=DIRECTION('',(-0.281084637714823,-0.678598344545846,-0.678598344545846));
#3443=DIRECTION('center_axis',(-0.500000000000001,-0.499999999999999,0.707106781186547));
#3444=DIRECTION('ref_axis',(0.816496580927725,0.,0.577350269189627));
#3445=DIRECTION('',(-0.707106781186546,0.707106781186549,0.));
#3446=DIRECTION('',(0.,-0.816496580927727,-0.577350269189625));
#3447=DIRECTION('',(0.707106781186546,-0.707106781186549,0.));
#3448=DIRECTION('center_axis',(-1.53723188025022E-15,1.,0.));
#3449=DIRECTION('ref_axis',(-1.,-1.53723188025022E-15,0.));
#3450=DIRECTION('',(0.,0.,1.));
#3451=DIRECTION('',(1.,1.53723188025022E-15,0.));
#3452=DIRECTION('',(0.,0.,1.));
#3453=DIRECTION('center_axis',(0.,0.,1.));
#3454=DIRECTION('ref_axis',(-0.602439435351174,0.798164598772559,0.));
#3455=DIRECTION('',(0.,0.,1.));
#3456=DIRECTION('',(0.,0.,1.));
#3457=DIRECTION('',(0.,0.,1.));
#3458=DIRECTION('center_axis',(0.,0.,-1.));
#3459=DIRECTION('ref_axis',(-0.602439435351174,0.798164598772559,0.));
#3460=DIRECTION('center_axis',(0.798164598772483,0.602439435351274,0.));
#3461=DIRECTION('ref_axis',(-0.602439435351274,0.798164598772482,0.));
#3462=DIRECTION('',(0.,0.,1.));
#3463=DIRECTION('',(0.602439435351274,-0.798164598772482,0.));
#3464=DIRECTION('',(0.602439435351274,-0.798164598772482,1.02031919994413E-16));
#3465=DIRECTION('',(0.,0.,1.));
#3466=DIRECTION('',(-0.602439435351274,0.798164598772482,0.));
#3467=DIRECTION('center_axis',(0.,0.,1.));
#3468=DIRECTION('ref_axis',(-0.60243943535114,0.798164598772584,0.));
#3469=DIRECTION('',(0.,0.,1.));
#3470=DIRECTION('center_axis',(0.,0.,1.));
#3471=DIRECTION('ref_axis',(-0.60243943535114,0.798164598772584,0.));
#3472=DIRECTION('center_axis',(0.,0.,1.));
#3473=DIRECTION('ref_axis',(-1.,1.32469792710434E-15,0.));
#3474=DIRECTION('',(0.,0.,1.));
#3475=DIRECTION('center_axis',(0.,0.,1.));
#3476=DIRECTION('ref_axis',(-0.63482989404215,-0.772651930451502,0.));
#3477=DIRECTION('center_axis',(0.,0.,1.));
#3478=DIRECTION('ref_axis',(-0.994679258136253,-0.103020257393939,0.));
#3479=DIRECTION('',(0.,0.,1.));
#3480=DIRECTION('center_axis',(0.,0.,1.));
#3481=DIRECTION('ref_axis',(-0.994679258136253,-0.103020257393939,0.));
#3482=DIRECTION('center_axis',(0.798164598772585,-0.602439435351139,0.));
#3483=DIRECTION('ref_axis',(0.602439435351139,0.798164598772585,0.));
#3484=DIRECTION('',(0.,0.,1.));
#3485=DIRECTION('',(-0.602439435351139,-0.798164598772585,0.));
#3486=DIRECTION('center_axis',(0.,-1.,0.));
#3487=DIRECTION('ref_axis',(1.,0.,0.));
#3488=DIRECTION('',(0.,0.,1.));
#3489=DIRECTION('',(0.,0.,1.));
#3490=DIRECTION('',(0.,0.,1.));
#3491=DIRECTION('',(-1.,0.,0.));
#3492=DIRECTION('',(0.,0.,1.));
#3493=DIRECTION('',(1.,0.,0.));
#3494=DIRECTION('center_axis',(-0.707106781186549,-0.707106781186546,0.));
#3495=DIRECTION('ref_axis',(0.707106781186546,-0.707106781186549,0.));
#3496=DIRECTION('',(0.,0.,1.));
#3497=DIRECTION('',(0.707106781186546,-0.707106781186549,0.));
#3498=DIRECTION('center_axis',(-1.,0.,0.));
#3499=DIRECTION('ref_axis',(0.,-1.,0.));
#3500=DIRECTION('',(0.,1.,0.));
#3501=DIRECTION('',(0.,0.,1.));
#3502=DIRECTION('',(0.,-1.,0.));
#3503=DIRECTION('',(0.,0.,1.));
#3504=DIRECTION('',(0.,1.,0.));
#3505=DIRECTION('',(0.,0.816496580927728,-0.577350269189623));
#3506=DIRECTION('',(0.,0.,1.));
#3507=DIRECTION('center_axis',(0.500000000000004,-0.500000000000002,0.707106781186543));
#3508=DIRECTION('ref_axis',(0.816496580927722,0.,-0.577350269189632));
#3509=DIRECTION('',(0.707106781186546,0.707106781186549,0.));
#3510=DIRECTION('',(0.,0.816496580927723,0.577350269189629));
#3511=DIRECTION('',(-0.707106781186546,-0.707106781186549,0.));
#3512=DIRECTION('',(0.281084637714816,-0.678598344545848,-0.678598344545848));
#3513=DIRECTION('center_axis',(0.,-0.707106781186548,0.707106781186548));
#3514=DIRECTION('ref_axis',(1.,0.,0.));
#3515=DIRECTION('',(-1.,0.,0.));
#3516=DIRECTION('',(-0.332202812765398,-0.666948757848291,-0.666948757848291));
#3517=DIRECTION('',(1.,0.,0.));
#3518=DIRECTION('center_axis',(0.,0.,1.));
#3519=DIRECTION('ref_axis',(0.994679258136253,-0.103020257393939,0.));
#3520=DIRECTION('center_axis',(0.,0.,1.));
#3521=DIRECTION('ref_axis',(0.994679258136253,-0.103020257393939,0.));
#3522=DIRECTION('center_axis',(0.,0.,-1.));
#3523=DIRECTION('ref_axis',(0.994679258136253,-0.103020257393939,0.));
#3524=DIRECTION('center_axis',(0.,0.,1.));
#3525=DIRECTION('ref_axis',(0.63482989404215,-0.772651930451502,0.));
#3526=DIRECTION('center_axis',(0.,0.,1.));
#3527=DIRECTION('ref_axis',(0.63482989404215,-0.772651930451502,0.));
#3528=DIRECTION('center_axis',(0.,0.,-1.));
#3529=DIRECTION('ref_axis',(0.63482989404215,-0.772651930451502,0.));
#3530=DIRECTION('center_axis',(0.,0.,1.));
#3531=DIRECTION('ref_axis',(0.60243943535114,0.798164598772584,0.));
#3532=DIRECTION('center_axis',(0.,0.,1.));
#3533=DIRECTION('ref_axis',(0.60243943535114,0.798164598772584,0.));
#3534=DIRECTION('center_axis',(0.,0.,-1.));
#3535=DIRECTION('ref_axis',(0.60243943535114,0.798164598772584,0.));
#3536=DIRECTION('center_axis',(-0.564387600295062,0.42598900999108,0.707106781186549));
#3537=DIRECTION('ref_axis',(0.781568071257434,0.,0.623819966008571));
#3538=DIRECTION('',(0.602439435351274,0.798164598772482,0.));
#3539=DIRECTION('',(-0.782612683012538,-0.00357723936464323,-0.622498668068008));
#3540=DIRECTION('',(-0.602439435351274,-0.798164598772482,0.));
#3541=DIRECTION('center_axis',(-0.560469797626995,-0.431130613559229,0.707106781186547));
#3542=DIRECTION('ref_axis',(0.783680579790996,0.,0.621164027337746));
#3543=DIRECTION('',(-0.609710760849695,0.792623989104599,0.));
#3544=DIRECTION('',(0.783680579790996,0.,0.621164027337746));
#3545=DIRECTION('',(0.609710760849695,-0.792623989104599,0.));
#3546=DIRECTION('center_axis',(-0.564387600295136,-0.425989009990986,0.707106781186546));
#3547=DIRECTION('ref_axis',(0.781568071257392,0.,0.623819966008623));
#3548=DIRECTION('',(-0.602439435351139,0.798164598772585,0.));
#3549=DIRECTION('',(0.602439435351139,-0.798164598772585,0.));
#3550=DIRECTION('center_axis',(-1.,0.,0.));
#3551=DIRECTION('ref_axis',(0.,-1.,0.));
#3552=DIRECTION('',(0.,0.,1.));
#3553=DIRECTION('',(0.,0.,1.));
#3554=DIRECTION('',(0.,-0.816496580927724,0.577350269189629));
#3555=DIRECTION('',(0.,1.,0.));
#3556=DIRECTION('',(-3.78189718429742E-46,1.57772181044202E-31,-1.));
#3557=DIRECTION('',(-2.42861286636753E-15,1.,0.));
#3558=DIRECTION('',(0.,0.,1.));
#3559=DIRECTION('',(-2.42861286636753E-15,1.,0.));
#3560=DIRECTION('',(-3.78189718429742E-46,1.57772181044202E-31,-1.));
#3561=DIRECTION('',(-2.42861286636753E-15,1.,0.));
#3562=DIRECTION('center_axis',(-0.707106781186549,0.707106781186546,0.));
#3563=DIRECTION('ref_axis',(-0.707106781186546,-0.707106781186549,0.));
#3564=DIRECTION('',(0.,0.,1.));
#3565=DIRECTION('center_axis',(0.,1.,0.));
#3566=DIRECTION('ref_axis',(-1.,0.,0.));
#3567=DIRECTION('',(0.,0.,1.));
#3568=DIRECTION('',(-1.,0.,0.));
#3569=DIRECTION('',(0.,0.,1.));
#3570=DIRECTION('',(0.,0.,1.));
#3571=DIRECTION('',(-1.,0.,0.));
#3572=DIRECTION('',(1.,0.,0.));
#3573=DIRECTION('center_axis',(0.798164598772585,0.602439435351139,0.));
#3574=DIRECTION('ref_axis',(-0.602439435351139,0.798164598772585,0.));
#3575=DIRECTION('',(0.,0.,1.));
#3576=DIRECTION('',(-0.602439435351139,0.798164598772585,0.));
#3577=DIRECTION('center_axis',(0.,0.,-1.));
#3578=DIRECTION('ref_axis',(0.994679258136253,-0.103020257393939,0.));
#3579=DIRECTION('',(0.,0.,1.));
#3580=DIRECTION('center_axis',(0.,0.,1.));
#3581=DIRECTION('ref_axis',(0.994679258136253,-0.103020257393939,0.));
#3582=DIRECTION('center_axis',(0.,0.,-1.));
#3583=DIRECTION('ref_axis',(1.,1.32469792710434E-15,0.));
#3584=DIRECTION('',(0.,0.,1.));
#3585=DIRECTION('center_axis',(0.,0.,1.));
#3586=DIRECTION('ref_axis',(0.63482989404215,-0.772651930451502,0.));
#3587=DIRECTION('center_axis',(0.,0.,-1.));
#3588=DIRECTION('ref_axis',(0.60243943535114,0.798164598772584,0.));
#3589=DIRECTION('',(0.,0.,1.));
#3590=DIRECTION('center_axis',(0.,0.,1.));
#3591=DIRECTION('ref_axis',(0.60243943535114,0.798164598772584,0.));
#3592=DIRECTION('center_axis',(0.798164598772483,-0.602439435351274,0.));
#3593=DIRECTION('ref_axis',(0.602439435351274,0.798164598772482,0.));
#3594=DIRECTION('',(0.,0.,-1.));
#3595=DIRECTION('',(0.602439435351274,0.798164598772482,-4.50559925974207E-17));
#3596=DIRECTION('',(0.,0.,1.));
#3597=DIRECTION('',(-0.602439435351274,-0.798164598772482,-1.81390079990066E-16));
#3598=DIRECTION('',(0.,0.,-1.));
#3599=DIRECTION('',(0.602439435351274,0.798164598772482,0.));
#3600=DIRECTION('center_axis',(-0.792623989104599,-0.609710760849695,0.));
#3601=DIRECTION('ref_axis',(0.609710760849695,-0.792623989104599,0.));
#3602=DIRECTION('',(0.,0.,1.));
#3603=DIRECTION('',(0.609710760849695,-0.792623989104599,-4.55998095665728E-17));
#3604=DIRECTION('center_axis',(0.560469797627003,0.431130613559236,0.707106781186536));
#3605=DIRECTION('ref_axis',(0.783680579790987,0.,-0.621164027337757));
#3606=DIRECTION('',(-0.609710760849695,0.792623989104598,0.));
#3607=DIRECTION('',(0.495819602323723,0.509209468605726,-0.703469003605574));
#3608=DIRECTION('',(0.609710760849695,-0.792623989104598,0.));
#3609=DIRECTION('center_axis',(0.,0.,-1.));
#3610=DIRECTION('ref_axis',(0.602439435351174,0.798164598772559,0.));
#3611=DIRECTION('center_axis',(0.,0.,1.));
#3612=DIRECTION('ref_axis',(0.602439435351174,0.798164598772559,0.));
#3613=DIRECTION('center_axis',(0.,0.,-1.));
#3614=DIRECTION('ref_axis',(0.602439435351173,0.798164598772559,0.));
#3615=DIRECTION('center_axis',(1.08698708678108E-15,0.707106781186548,0.707106781186548));
#3616=DIRECTION('ref_axis',(1.,0.,-1.53723188025022E-15));
#3617=DIRECTION('',(1.,-1.53723188025022E-15,0.));
#3618=DIRECTION('',(0.,-0.707106781186548,0.707106781186548));
#3619=DIRECTION('',(-1.,1.53723188025022E-15,0.));
#3620=DIRECTION('center_axis',(0.792623989104598,0.609710760849695,0.));
#3621=DIRECTION('ref_axis',(-0.609710760849695,0.792623989104598,0.));
#3622=DIRECTION('',(0.,0.,1.));
#3623=DIRECTION('',(-0.609710760849695,0.792623989104598,4.55998095665728E-17));
#3624=DIRECTION('',(0.,0.,1.));
#3625=DIRECTION('center_axis',(0.,0.,-1.));
#3626=DIRECTION('ref_axis',(0.602439435351174,0.798164598772559,0.));
#3627=DIRECTION('',(0.,0.,-1.));
#3628=DIRECTION('center_axis',(0.,0.,-1.));
#3629=DIRECTION('ref_axis',(0.602439435351174,0.798164598772559,0.));
#3630=DIRECTION('',(0.,0.,1.));
#3631=DIRECTION('center_axis',(-1.53723188025022E-15,-1.,0.));
#3632=DIRECTION('ref_axis',(1.,-1.53723188025022E-15,0.));
#3633=DIRECTION('',(0.,0.,1.));
#3634=DIRECTION('',(1.,-1.53723188025022E-15,0.));
#3635=DIRECTION('center_axis',(1.08698708678108E-15,0.707106781186547,-0.707106781186548));
#3636=DIRECTION('ref_axis',(-1.,0.,-1.53723188025022E-15));
#3637=DIRECTION('',(0.,0.707106781186548,0.707106781186547));
#3638=DIRECTION('',(-1.,1.53723188025022E-15,0.));
#3639=DIRECTION('center_axis',(0.,0.,1.));
#3640=DIRECTION('ref_axis',(0.602439435351174,0.798164598772559,0.));
#3641=DIRECTION('center_axis',(0.,0.,1.));
#3642=DIRECTION('ref_axis',(0.602439435351173,0.798164598772559,0.));
#3643=DIRECTION('center_axis',(0.560469797626992,0.431130613559228,-0.707106781186549));
#3644=DIRECTION('ref_axis',(-0.783680579790998,0.,-0.621164027337743));
#3645=DIRECTION('',(-0.609710760849695,0.792623989104598,0.));
#3646=DIRECTION('',(-2.06070277082212E-16,-0.853813381233217,-0.520579206295354));
#3647=DIRECTION('',(0.609710760849695,-0.792623989104598,0.));
#3648=DIRECTION('center_axis',(0.792623989104598,0.609710760849695,0.));
#3649=DIRECTION('ref_axis',(-0.609710760849695,0.792623989104598,0.));
#3650=DIRECTION('',(0.,0.,1.));
#3651=DIRECTION('',(0.609710760849695,-0.792623989104598,1.83579422580204E-16));
#3652=DIRECTION('center_axis',(-0.560469797626994,-0.431130613559229,-0.707106781186547));
#3653=DIRECTION('ref_axis',(-0.783680579790997,0.,0.621164027337746));
#3654=DIRECTION('',(-0.609710760849695,0.792623989104599,0.));
#3655=DIRECTION('',(-0.783680579790997,0.,0.621164027337746));
#3656=DIRECTION('',(0.609710760849695,-0.792623989104599,0.));
#3657=DIRECTION('',(-0.782612683012538,-0.00357723936463977,0.622498668068008));
#3658=DIRECTION('center_axis',(0.,0.,-1.));
#3659=DIRECTION('ref_axis',(0.60243943535114,0.798164598772584,0.));
#3660=DIRECTION('center_axis',(0.,0.,-1.));
#3661=DIRECTION('ref_axis',(0.60243943535114,0.798164598772584,0.));
#3662=DIRECTION('center_axis',(0.,0.,-1.));
#3663=DIRECTION('ref_axis',(0.994679258136253,-0.103020257393939,0.));
#3664=DIRECTION('center_axis',(0.,0.,-1.));
#3665=DIRECTION('ref_axis',(0.994679258136253,-0.103020257393939,0.));
#3666=DIRECTION('center_axis',(-0.564387600295136,-0.425989009990986,-0.707106781186546));
#3667=DIRECTION('ref_axis',(-0.781568071257393,0.,0.623819966008623));
#3668=DIRECTION('',(0.602439435351139,-0.798164598772585,0.));
#3669=DIRECTION('',(-0.332202812765398,-0.666948757848292,0.666948757848291));
#3670=DIRECTION('center_axis',(0.,-0.707106781186547,-0.707106781186548));
#3671=DIRECTION('ref_axis',(-1.,0.,0.));
#3672=DIRECTION('',(1.,0.,0.));
#3673=DIRECTION('',(0.281084637714817,-0.678598344545846,0.678598344545849));
#3674=DIRECTION('center_axis',(0.,0.,-1.));
#3675=DIRECTION('ref_axis',(0.63482989404215,-0.772651930451502,0.));
#3676=DIRECTION('center_axis',(0.,0.,-1.));
#3677=DIRECTION('ref_axis',(0.63482989404215,-0.772651930451502,0.));
#3678=DIRECTION('center_axis',(0.500000000000004,-0.500000000000002,-0.707106781186543));
#3679=DIRECTION('ref_axis',(-0.816496580927722,0.,-0.577350269189631));
#3680=DIRECTION('',(0.707106781186546,0.707106781186549,0.));
#3681=DIRECTION('',(-0.707106781186546,-0.707106781186549,0.));
#3682=DIRECTION('center_axis',(-0.564387600295063,0.425989009991081,-0.707106781186547));
#3683=DIRECTION('ref_axis',(-0.781568071257433,0.,0.623819966008573));
#3684=DIRECTION('',(-0.602439435351274,-0.798164598772482,0.));
#3685=DIRECTION('center_axis',(-0.707106781186549,0.707106781186546,0.));
#3686=DIRECTION('ref_axis',(-0.707106781186546,-0.707106781186549,0.));
#3687=DIRECTION('',(0.707106781186546,0.707106781186549,0.));
#3688=DIRECTION('center_axis',(0.,0.,-1.));
#3689=DIRECTION('ref_axis',(-0.60243943535114,0.798164598772584,0.));
#3690=DIRECTION('center_axis',(0.,0.,-1.));
#3691=DIRECTION('ref_axis',(-0.60243943535114,0.798164598772584,0.));
#3692=DIRECTION('center_axis',(-0.5,-0.499999999999998,-0.707106781186549));
#3693=DIRECTION('ref_axis',(-0.816496580927726,0.,0.577350269189625));
#3694=DIRECTION('',(-0.707106781186546,0.707106781186549,0.));
#3695=DIRECTION('',(0.707106781186546,-0.707106781186549,0.));
#3696=DIRECTION('',(-0.281084637714823,-0.678598344545847,0.678598344545846));
#3697=DIRECTION('center_axis',(0.,-0.707106781186547,-0.707106781186548));
#3698=DIRECTION('ref_axis',(-1.,0.,0.));
#3699=DIRECTION('',(1.,0.,0.));
#3700=DIRECTION('',(0.332202812765406,-0.666948757848288,0.666948757848291));
#3701=DIRECTION('center_axis',(0.564387600295135,-0.425989009990985,-0.707106781186547));
#3702=DIRECTION('ref_axis',(-0.781568071257393,0.,-0.623819966008622));
#3703=DIRECTION('',(0.602439435351139,0.798164598772585,0.));
#3704=DIRECTION('center_axis',(0.,0.,-1.));
#3705=DIRECTION('ref_axis',(-0.994679258136253,-0.103020257393939,0.));
#3706=DIRECTION('center_axis',(0.,0.,-1.));
#3707=DIRECTION('ref_axis',(-0.994679258136253,-0.103020257393939,0.));
#3708=DIRECTION('center_axis',(0.,0.,-1.));
#3709=DIRECTION('ref_axis',(-0.63482989404215,-0.772651930451502,0.));
#3710=DIRECTION('center_axis',(0.,0.,-1.));
#3711=DIRECTION('ref_axis',(-0.63482989404215,-0.772651930451502,0.));
#3712=DIRECTION('center_axis',(0.564387600295062,0.42598900999108,-0.707106781186548));
#3713=DIRECTION('ref_axis',(-0.781568071257433,0.,-0.623819966008572));
#3714=DIRECTION('',(-0.602439435351274,0.798164598772482,0.));
#3715=DIRECTION('center_axis',(0.,0.,1.));
#3716=DIRECTION('ref_axis',(-0.602439435351174,0.798164598772559,0.));
#3717=DIRECTION('center_axis',(0.,0.,1.));
#3718=DIRECTION('ref_axis',(-0.602439435351173,0.798164598772559,0.));
#3719=DIRECTION('center_axis',(-1.08698708678108E-15,0.707106781186547,
-0.707106781186548));
#3720=DIRECTION('ref_axis',(-1.,0.,1.53723188025022E-15));
#3721=DIRECTION('',(-1.,-1.53723188025022E-15,0.));
#3722=DIRECTION('',(0.,-0.707106781186548,-0.707106781186547));
#3723=DIRECTION('center_axis',(-0.707106781186549,-0.707106781186546,0.));
#3724=DIRECTION('ref_axis',(0.707106781186546,-0.707106781186549,0.));
#3725=DIRECTION('',(-0.707106781186546,0.707106781186549,0.));
#3726=DIRECTION('center_axis',(-0.894427190999916,1.98602732259782E-15,
0.447213595499958));
#3727=DIRECTION('ref_axis',(-0.447213595499958,1.12676663818151E-15,-0.894427190999916));
#3728=DIRECTION('',(0.447213595499958,0.,0.894427190999916));
#3729=DIRECTION('',(-2.22044604925031E-15,-1.,0.));
#3730=DIRECTION('',(-0.447213595499958,1.21256346132249E-15,-0.894427190999916));
#3731=DIRECTION('',(-2.22044604925031E-15,-1.,0.));
#3732=DIRECTION('center_axis',(0.894427190999916,-1.98602732259782E-15,
0.447213595499958));
#3733=DIRECTION('ref_axis',(-0.447213595499958,1.12676663818151E-15,0.894427190999916));
#3734=DIRECTION('',(0.447213595499958,0.,-0.894427190999916));
#3735=DIRECTION('',(-0.447213595499958,1.21256346132249E-15,0.894427190999916));
#3736=DIRECTION('',(-2.22044604925031E-15,-1.,0.));
#3737=DIRECTION('center_axis',(2.71137432654951E-15,1.,0.));
#3738=DIRECTION('ref_axis',(-1.,2.71137432654951E-15,0.));
#3739=DIRECTION('',(-1.,2.71137432654951E-15,0.));
#3740=DIRECTION('',(1.,-2.71137432654951E-15,0.));
#3741=DIRECTION('',(0.,0.,-1.));
#3742=DIRECTION('',(-1.,2.71137432654951E-15,7.47892484348228E-17));
#3743=DIRECTION('',(1.24344978758018E-15,-3.37145783039833E-30,-1.));
#3744=DIRECTION('',(-1.,2.71137432654951E-15,0.));
#3745=DIRECTION('center_axis',(-0.630898269711665,0.775865563918664,0.));
#3746=DIRECTION('ref_axis',(-0.775865563918664,-0.630898269711665,5.80264024119368E-17));
#3747=DIRECTION('',(0.775865563918664,0.630898269711665,0.));
#3748=DIRECTION('',(0.,0.,1.));
#3749=DIRECTION('',(-0.775865563918664,-0.630898269711665,5.80264024119368E-17));
#3750=DIRECTION('center_axis',(0.,1.,0.));
#3751=DIRECTION('ref_axis',(-1.,0.,7.47892484348228E-17));
#3752=DIRECTION('',(1.,0.,0.));
#3753=DIRECTION('',(0.,0.,1.));
#3754=DIRECTION('',(-1.,0.,7.47892484348228E-17));
#3755=DIRECTION('center_axis',(1.,0.,0.));
#3756=DIRECTION('ref_axis',(0.,1.,1.99278589456203E-31));
#3757=DIRECTION('',(0.,-1.,0.));
#3758=DIRECTION('',(0.,0.,1.));
#3759=DIRECTION('',(0.,1.,1.99278589456203E-31));
#3760=DIRECTION('center_axis',(0.,-1.,0.));
#3761=DIRECTION('ref_axis',(1.,0.,-7.47892484348228E-17));
#3762=DIRECTION('',(-1.,0.,0.));
#3763=DIRECTION('',(0.,0.,1.));
#3764=DIRECTION('',(1.,0.,-7.47892484348228E-17));
#3765=DIRECTION('center_axis',(1.,-2.46716227694479E-15,0.));
#3766=DIRECTION('ref_axis',(2.46716227694479E-15,1.,1.47613769967559E-32));
#3767=DIRECTION('',(-2.46716227694479E-15,-1.,0.));
#3768=DIRECTION('',(0.,0.,1.));
#3769=DIRECTION('',(2.46716227694479E-15,1.,1.47613769967559E-32));
#3770=DIRECTION('center_axis',(0.,1.,0.));
#3771=DIRECTION('ref_axis',(-1.,0.,7.47892484348228E-17));
#3772=DIRECTION('',(1.,0.,0.));
#3773=DIRECTION('',(0.,0.,1.));
#3774=DIRECTION('',(-1.,0.,7.47892484348228E-17));
#3775=DIRECTION('center_axis',(1.,0.,0.));
#3776=DIRECTION('ref_axis',(0.,1.,1.99278589456203E-31));
#3777=DIRECTION('',(0.,-1.,0.));
#3778=DIRECTION('',(0.,0.,1.));
#3779=DIRECTION('',(0.,1.,1.99278589456203E-31));
#3780=DIRECTION('center_axis',(0.716463886234964,-0.697624182293799,0.));
#3781=DIRECTION('ref_axis',(0.697624182293799,0.716463886234964,-5.21747882837109E-17));
#3782=DIRECTION('',(-0.697624182293799,-0.716463886234964,0.));
#3783=DIRECTION('',(0.697624182293799,0.716463886234964,-5.21747882837109E-17));
#3784=DIRECTION('center_axis',(3.38921790818689E-17,8.23109821874592E-32,
1.));
#3785=DIRECTION('ref_axis',(1.,0.,-3.38921790818689E-17));
#3786=DIRECTION('',(-6.77236045021345E-13,-1.,2.30353163007475E-29));
#3787=DIRECTION('',(1.,0.,-3.38921790818689E-17));
#3788=DIRECTION('',(1.96201080074034E-12,1.,-6.65791324014402E-29));
#3789=DIRECTION('',(-1.,0.,3.38921790818689E-17));
#3790=DIRECTION('center_axis',(0.,-1.,0.));
#3791=DIRECTION('ref_axis',(1.,0.,0.));
#3792=DIRECTION('',(0.,0.,1.));
#3793=DIRECTION('',(1.,0.,-3.38921790818689E-17));
#3794=DIRECTION('',(0.,0.,1.));
#3795=DIRECTION('',(1.,0.,0.));
#3796=DIRECTION('',(0.,0.,1.));
#3797=DIRECTION('',(1.,0.,-3.38921790818689E-17));
#3798=DIRECTION('',(0.,0.,-1.));
#3799=DIRECTION('center_axis',(-1.,6.77236045021345E-13,0.));
#3800=DIRECTION('ref_axis',(-6.77236045021345E-13,-1.,0.));
#3801=DIRECTION('',(0.,0.,-1.));
#3802=DIRECTION('',(-6.77236045021345E-13,-1.,2.30353163007475E-29));
#3803=DIRECTION('center_axis',(3.38921790818689E-17,8.23109821874592E-32,
1.));
#3804=DIRECTION('ref_axis',(1.,0.,-3.38921790818689E-17));
#3805=DIRECTION('',(-1.,0.,3.38921790818689E-17));
#3806=DIRECTION('',(0.,-1.,8.23109821874592E-32));
#3807=DIRECTION('center_axis',(1.,-1.96201080074034E-12,0.));
#3808=DIRECTION('ref_axis',(1.96201080074034E-12,1.,0.));
#3809=DIRECTION('',(1.96201080074034E-12,1.,-6.65791324014402E-29));
#3810=DIRECTION('',(0.,0.,1.));
#3811=DIRECTION('center_axis',(3.38921790818689E-17,8.23109821874592E-32,
1.));
#3812=DIRECTION('ref_axis',(1.,0.,-3.38921790818689E-17));
#3813=DIRECTION('',(-1.,0.,3.38921790818689E-17));
#3814=DIRECTION('',(2.46716227694479E-15,1.,-1.65928487901703E-31));
#3815=DIRECTION('center_axis',(0.,1.,0.));
#3816=DIRECTION('ref_axis',(-1.,0.,0.));
#3817=DIRECTION('',(0.,0.,1.));
#3818=DIRECTION('',(-1.,0.,0.));
#3819=DIRECTION('',(0.,0.,1.));
#3820=DIRECTION('center_axis',(1.,-2.41352831440252E-16,0.));
#3821=DIRECTION('ref_axis',(2.41352831440252E-16,1.,0.));
#3822=DIRECTION('',(-2.41352831440252E-16,-1.,7.29602394185074E-31));
#3823=DIRECTION('',(2.41352831440252E-16,1.,0.));
#3824=DIRECTION('',(0.,0.,-1.));
#3825=DIRECTION('center_axis',(-1.,0.,0.));
#3826=DIRECTION('ref_axis',(0.,-1.,0.));
#3827=DIRECTION('',(0.,-1.,0.));
#3828=DIRECTION('center_axis',(1.,-2.46716227694479E-15,0.));
#3829=DIRECTION('ref_axis',(2.46716227694479E-15,1.,0.));
#3830=DIRECTION('',(2.46716227694479E-15,1.,0.));
#3831=DIRECTION('center_axis',(-0.21486178267512,0.97664446670509,0.));
#3832=DIRECTION('ref_axis',(-0.97664446670509,-0.21486178267512,0.));
#3833=DIRECTION('',(0.97664446670509,0.21486178267512,0.));
#3834=DIRECTION('',(-0.97664446670509,-0.21486178267512,0.));
#3835=DIRECTION('',(0.,0.,1.));
#3836=DIRECTION('center_axis',(0.,1.,0.));
#3837=DIRECTION('ref_axis',(-1.,0.,0.));
#3838=DIRECTION('',(1.,0.,0.));
#3839=DIRECTION('',(-1.,0.,0.));
#3840=DIRECTION('',(0.,0.,1.));
#3841=DIRECTION('center_axis',(1.,0.,0.));
#3842=DIRECTION('ref_axis',(0.,1.,0.));
#3843=DIRECTION('',(0.,-1.,0.));
#3844=DIRECTION('',(0.,1.,0.));
#3845=DIRECTION('',(0.,0.,1.));
#3846=DIRECTION('center_axis',(0.,-1.,0.));
#3847=DIRECTION('ref_axis',(1.,0.,0.));
#3848=DIRECTION('',(-1.,0.,0.));
#3849=DIRECTION('',(1.,0.,0.));
#3850=DIRECTION('',(0.,0.,1.));
#3851=DIRECTION('',(1.,0.,3.01092639933673E-16));
#3852=DIRECTION('center_axis',(0.,0.,1.));
#3853=DIRECTION('ref_axis',(1.,0.,0.));
#3854=DIRECTION('',(-9.65411325761034E-16,1.,0.));
#3855=DIRECTION('',(-1.,0.,0.));
#3856=DIRECTION('center_axis',(-1.,-2.42861286636753E-15,2.41352831440249E-16));
#3857=DIRECTION('ref_axis',(2.41352831440249E-16,5.78537729278372E-31,1.));
#3858=DIRECTION('',(0.,0.,1.));
#3859=DIRECTION('',(-2.42861286636753E-15,1.,0.));
#3860=DIRECTION('',(2.41352831440249E-16,5.78537729278372E-31,1.));
#3861=DIRECTION('',(-2.42861286636753E-15,1.,0.));
#3862=DIRECTION('center_axis',(-2.03353074491213E-16,-4.93865893124755E-31,
-1.));
#3863=DIRECTION('ref_axis',(-1.,-2.39706211783804E-15,2.03353074491213E-16));
#3864=DIRECTION('',(1.,2.71137432654951E-15,-2.03353074491213E-16));
#3865=DIRECTION('',(-1.,-2.39706211783804E-15,2.03353074491213E-16));
#3866=DIRECTION('center_axis',(-2.42861286636753E-15,1.,0.));
#3867=DIRECTION('ref_axis',(0.,0.,1.));
#3868=DIRECTION('',(1.,2.39706211783804E-15,-2.57758592625745E-15));
#3869=DIRECTION('',(3.37669391455127E-45,-1.40868018789466E-30,1.));
#3870=DIRECTION('',(1.,2.39706211783804E-15,1.38793761300765E-78));
#3871=DIRECTION('center_axis',(-1.,-2.42861286636753E-15,2.41352831440249E-16));
#3872=DIRECTION('ref_axis',(2.41352831440249E-16,5.78537729278372E-31,1.));
#3873=DIRECTION('',(0.,0.,1.));
#3874=DIRECTION('',(-2.42861286636753E-15,1.,0.));
#3875=DIRECTION('',(2.41352831440249E-16,5.78537729278372E-31,1.));
#3876=DIRECTION('',(-2.42861286636753E-15,1.,0.));
#3877=DIRECTION('center_axis',(3.38921790818689E-17,8.23109821874592E-32,
1.));
#3878=DIRECTION('ref_axis',(1.,2.39706211783804E-15,-3.38921790818689E-17));
#3879=DIRECTION('',(-1.,-2.71137432654951E-15,3.38921790818689E-17));
#3880=DIRECTION('',(1.,2.39706211783804E-15,-3.38921790818689E-17));
#3881=DIRECTION('center_axis',(-2.42861286636753E-15,1.,0.));
#3882=DIRECTION('ref_axis',(0.,0.,1.));
#3883=DIRECTION('',(-1.,-2.39706211783804E-15,0.));
#3884=DIRECTION('',(-8.01187697842245E-63,3.34237353250091E-48,1.));
#3885=DIRECTION('',(-1.,-2.39706211783804E-15,-2.33892056271509E-15));
#3886=DIRECTION('center_axis',(2.71137432654951E-15,-1.,0.));
#3887=DIRECTION('ref_axis',(1.,2.71137432654951E-15,0.));
#3888=DIRECTION('',(0.,0.,1.));
#3889=DIRECTION('center_axis',(1.,-2.66453525910038E-15,0.));
#3890=DIRECTION('ref_axis',(0.,0.,1.));
#3891=DIRECTION('',(0.,0.,-1.));
#3892=DIRECTION('',(-2.66453525910038E-15,-1.,0.));
#3893=DIRECTION('',(2.66453525910038E-15,1.,0.));
#3894=DIRECTION('center_axis',(0.,0.,-1.));
#3895=DIRECTION('ref_axis',(1.,-2.71137432654951E-15,0.));
#3896=DIRECTION('',(-1.,0.,0.));
#3897=DIRECTION('',(-2.66453525910038E-15,-1.,0.));
#3898=DIRECTION('',(0.609710760849695,0.792623989104598,0.));
#3899=DIRECTION('',(-0.609710760849695,-0.792623989104599,0.));
#3900=DIRECTION('center_axis',(-1.69364609962691E-16,4.51277974889373E-31,
1.));
#3901=DIRECTION('ref_axis',(-1.,2.71137432654951E-15,-1.69364609962691E-16));
#3902=DIRECTION('',(1.,0.,1.69364609962691E-16));
#3903=DIRECTION('',(0.609710760849695,0.792623989104599,1.03263425201364E-16));
#3904=DIRECTION('',(-0.609710760849695,-0.792623989104598,-1.03263425201364E-16));
#3905=DIRECTION('center_axis',(1.,-2.66453525910038E-15,0.));
#3906=DIRECTION('ref_axis',(0.,0.,1.));
#3907=DIRECTION('',(0.,0.,-1.));
#3908=DIRECTION('',(-2.42861286636753E-15,1.,0.));
#3909=DIRECTION('center_axis',(0.,1.,0.));
#3910=DIRECTION('ref_axis',(-1.,0.,0.));
#3911=DIRECTION('',(-1.,0.,0.));
#3912=DIRECTION('',(0.,0.,1.));
#3913=DIRECTION('',(1.,0.,0.));
#3914=DIRECTION('',(0.,0.,1.));
#3915=DIRECTION('center_axis',(0.,0.,-1.));
#3916=DIRECTION('ref_axis',(-1.,0.,0.));
#3917=DIRECTION('center_axis',(0.,0.,-1.));
#3918=DIRECTION('ref_axis',(-1.,0.,0.));
#3919=DIRECTION('center_axis',(0.,0.,-1.));
#3920=DIRECTION('ref_axis',(-1.,0.,0.));
#3921=DIRECTION('',(-0.173648177666934,0.984807753012207,0.));
#3922=DIRECTION('center_axis',(0.,0.,1.));
#3923=DIRECTION('ref_axis',(0.984807753012208,0.173648177666931,0.));
#3924=DIRECTION('',(0.984807753012208,0.17364817766693,0.));
#3925=DIRECTION('center_axis',(-0.17364817766693,0.984807753012208,0.));
#3926=DIRECTION('ref_axis',(-0.984807753012208,-0.17364817766693,0.));
#3927=DIRECTION('',(0.,0.,1.));
#3928=DIRECTION('center_axis',(0.,0.,-1.));
#3929=DIRECTION('ref_axis',(0.984807753012208,0.173648177666931,0.));
#3930=DIRECTION('',(0.,0.,1.));
#3931=DIRECTION('center_axis',(-0.984807753012207,-0.173648177666934,0.));
#3932=DIRECTION('ref_axis',(0.173648177666934,-0.984807753012207,0.));
#3933=DIRECTION('center_axis',(0.792623989104598,-0.609710760849695,0.));
#3934=DIRECTION('ref_axis',(0.609710760849695,0.792623989104598,0.));
#3935=DIRECTION('center_axis',(-0.792623989104599,0.609710760849695,0.));
#3936=DIRECTION('ref_axis',(-0.609710760849695,-0.792623989104599,0.));
#3937=DIRECTION('center_axis',(1.,0.,0.));
#3938=DIRECTION('ref_axis',(0.,1.,0.));
#3939=DIRECTION('',(0.,-1.,0.));
#3940=DIRECTION('',(0.,-1.,0.));
#3941=DIRECTION('center_axis',(7.47892484348228E-17,-1.99278589456203E-31,
1.));
#3942=DIRECTION('ref_axis',(-1.,2.71137432654951E-15,7.47892484348228E-17));
#3943=DIRECTION('',(1.,0.,-7.47892484348228E-17));
#3944=DIRECTION('',(-2.66453525910038E-15,-1.,0.));
#3945=DIRECTION('center_axis',(3.01092639933673E-16,-8.02271955358886E-31,
-1.));
#3946=DIRECTION('ref_axis',(1.,-2.71137432654951E-15,3.01092639933673E-16));
#3947=DIRECTION('',(-1.,0.,-3.01092639933673E-16));
#3948=DIRECTION('',(-0.609710760849695,0.792623989104599,-1.83579422580204E-16));
#3949=DIRECTION('',(-2.66453525910038E-15,-1.,0.));
#3950=DIRECTION('center_axis',(-1.,2.66453525910038E-15,-1.24344978758018E-15));
#3951=DIRECTION('ref_axis',(1.24344978758018E-15,-3.37145783039833E-30,
-1.));
#3952=DIRECTION('',(-1.24344978758018E-15,0.,1.));
#3953=DIRECTION('center_axis',(-0.792623989104599,-0.609710760849695,0.));
#3954=DIRECTION('ref_axis',(0.609710760849695,-0.792623989104599,0.));
#3955=DIRECTION('',(0.,0.,1.));
#3956=DIRECTION('center_axis',(0.,0.,1.));
#3957=DIRECTION('ref_axis',(-0.766044443118978,0.64278760968654,0.));
#3958=DIRECTION('',(0.,0.,1.));
#3959=DIRECTION('center_axis',(-0.766044443118976,0.642787609686542,0.));
#3960=DIRECTION('ref_axis',(-0.642787609686542,-0.766044443118976,0.));
#3961=DIRECTION('center_axis',(0.,0.,1.));
#3962=DIRECTION('ref_axis',(1.,0.,0.));
#3963=DIRECTION('center_axis',(0.,0.,1.));
#3964=DIRECTION('ref_axis',(1.,0.,0.));
#3965=DIRECTION('',(-0.984807753012208,0.17364817766693,0.));
#3966=DIRECTION('center_axis',(0.,0.,-1.));
#3967=DIRECTION('ref_axis',(-0.984807753012208,0.173648177666931,0.));
#3968=DIRECTION('center_axis',(-0.17364817766693,-0.984807753012208,0.));
#3969=DIRECTION('ref_axis',(0.984807753012208,-0.17364817766693,0.));
#3970=DIRECTION('',(0.984807753012208,-0.17364817766693,0.));
#3971=DIRECTION('',(0.,0.,1.));
#3972=DIRECTION('center_axis',(0.,0.,1.));
#3973=DIRECTION('ref_axis',(-0.984807753012208,0.173648177666931,0.));
#3974=DIRECTION('center_axis',(0.,0.,1.));
#3975=DIRECTION('ref_axis',(-0.984807753012208,0.173648177666931,0.));
#3976=DIRECTION('center_axis',(0.,0.,1.));
#3977=DIRECTION('ref_axis',(1.,0.,0.));
#3978=DIRECTION('center_axis',(0.,-1.,0.));
#3979=DIRECTION('ref_axis',(1.,0.,0.));
#3980=DIRECTION('',(-1.,0.,0.));
#3981=DIRECTION('',(0.,0.,1.));
#3982=DIRECTION('',(1.,0.,0.));
#3983=DIRECTION('center_axis',(1.,0.,0.));
#3984=DIRECTION('ref_axis',(0.,1.,0.));
#3985=DIRECTION('',(0.,-1.,0.));
#3986=DIRECTION('',(0.,-1.,0.));
#3987=DIRECTION('center_axis',(0.,0.,1.));
#3988=DIRECTION('ref_axis',(1.,0.,0.));
#3989=DIRECTION('center_axis',(0.,0.,1.));
#3990=DIRECTION('ref_axis',(1.,0.,0.));
#3991=CARTESIAN_POINT('',(0.,0.,0.));
#3992=CARTESIAN_POINT('Origin',(29.6043080398294,-15.1210592062736,8.6));
#3993=CARTESIAN_POINT('',(28.9520996624321,-15.6130819423696,8.5));
#3994=CARTESIAN_POINT('',(29.4985098239459,-15.0666717808558,8.7));
#3995=CARTESIAN_POINT('',(28.7558550687163,-15.8093265360855,8.42816949334465));
#3996=CARTESIAN_POINT('',(32.4985098239459,-13.334620973287,8.7));
#3997=CARTESIAN_POINT('',(29.5543080398294,-15.0344566658952,8.7));
#3998=CARTESIAN_POINT('',(32.5354683301267,-13.5442230774705,8.5));
#3999=CARTESIAN_POINT('',(32.3961417268209,-12.754062645153,9.2539623091051));
#4000=CARTESIAN_POINT('',(29.6543080398294,-15.2076617466521,8.5));
#4001=CARTESIAN_POINT('Origin',(29.4985098239459,-15.0666717808559,12.5));
#4002=CARTESIAN_POINT('',(29.4985098239459,-15.0666717808558,16.3));
#4003=CARTESIAN_POINT('',(29.4985098239459,-15.0666717808558,0.));
#4004=CARTESIAN_POINT('',(32.4985098239459,-13.334620973287,16.3));
#4005=CARTESIAN_POINT('',(29.5543080398294,-15.0344566658952,16.3));
#4006=CARTESIAN_POINT('',(32.4985098239459,-13.334620973287,12.5));
#4007=CARTESIAN_POINT('Origin',(29.6043080398294,-15.1210592062736,16.4));
#4008=CARTESIAN_POINT('',(32.5354683301267,-13.5442230774705,16.5));
#4009=CARTESIAN_POINT('',(32.3961417268209,-12.754062645153,15.7460376908949));
#4010=CARTESIAN_POINT('',(28.9520996624321,-15.6130819423696,16.5));
#4011=CARTESIAN_POINT('',(30.8998906891119,-13.6652909156899,15.7870590029718));
#4012=CARTESIAN_POINT('',(29.6543080398294,-15.2076617466521,16.5));
#4013=CARTESIAN_POINT('Origin',(29.868992902789,-15.4506463770714,16.5));
#4014=CARTESIAN_POINT('',(26.9985098239459,-17.5666717808558,16.5));
#4015=CARTESIAN_POINT('',(29.4951369446028,-15.070044660199,16.5));
#4016=CARTESIAN_POINT('',(31.0867723369659,-16.8458007955915,16.5));
#4017=CARTESIAN_POINT('',(26.9985098239459,-17.5666717808558,16.5));
#4018=CARTESIAN_POINT('',(32.7090914876564,-14.5288889342332,16.5));
#4019=CARTESIAN_POINT('Origin',(30.739475981632,-14.876185289567,16.5));
#4020=CARTESIAN_POINT('',(32.7090914876564,-14.5288889342332,16.5));
#4021=CARTESIAN_POINT('Origin',(19.9418173354151,-19.982507492989,8.6));
#4022=CARTESIAN_POINT('',(17.784149751446,-17.5666717808558,8.7));
#4023=CARTESIAN_POINT('',(18.0452312093125,-17.5666717808558,8.5));
#4024=CARTESIAN_POINT('',(23.4915305768882,-17.5666717808558,4.32789263390612));
#4025=CARTESIAN_POINT('',(19.8551839636737,-19.7236894782916,8.5));
#4026=CARTESIAN_POINT('',(20.018421779727,-19.9182287320204,8.5));
#4027=CARTESIAN_POINT('',(19.7019750750499,-19.8522470002289,8.7));
#4028=CARTESIAN_POINT('',(19.8551839636737,-19.7236894782916,8.5));
#4029=CARTESIAN_POINT('',(19.8652128911032,-20.0467862539577,8.7));
#4030=CARTESIAN_POINT('Origin',(21.2340639612879,-18.5666717808558,8.6));
#4031=CARTESIAN_POINT('',(21.2340639612879,-20.3666717808558,8.5));
#4032=CARTESIAN_POINT('',(21.2340639612879,-20.5666717808558,8.7));
#4033=CARTESIAN_POINT('',(21.2340639612879,-20.3666717808558,8.5));
#4034=CARTESIAN_POINT('Origin',(21.2340639612879,-18.5666717808558,8.7));
#4035=CARTESIAN_POINT('Origin',(21.2340639612879,-18.5666717808558,8.5));
#4036=CARTESIAN_POINT('Origin',(23.1504478835185,-20.4666717808558,8.6));
#4037=CARTESIAN_POINT('',(24.872547260876,-20.3666717808558,8.5));
#4038=CARTESIAN_POINT('',(24.872547260876,-20.5666717808558,8.7));
#4039=CARTESIAN_POINT('',(24.872547260876,-20.3666717808558,8.5));
#4040=CARTESIAN_POINT('',(23.1504478835185,-20.5666717808558,8.7));
#4041=CARTESIAN_POINT('',(23.1504478835185,-20.3666717808558,8.5));
#4042=CARTESIAN_POINT('Origin',(22.796756007073,-17.7372677139745,8.6));
#4043=CARTESIAN_POINT('',(22.5230682935796,-17.5666717808558,8.5));
#4044=CARTESIAN_POINT('',(22.784149751446,-17.5666717808558,8.7));
#4045=CARTESIAN_POINT('',(21.9919306299275,-17.5666717808558,8.09312494422817));
#4046=CARTESIAN_POINT('',(25.0257561494998,-20.2381142589185,8.7));
#4047=CARTESIAN_POINT('',(22.8733604513849,-17.6729889530059,8.7));
#4048=CARTESIAN_POINT('',(25.0257561494998,-20.2381142589185,8.7));
#4049=CARTESIAN_POINT('',(22.7201515627611,-17.8015464749432,8.5));
#4050=CARTESIAN_POINT('Origin',(24.872547260876,-20.3666717808558,8.7));
#4051=CARTESIAN_POINT('Origin',(24.872547260876,-20.3666717808558,8.7));
#4052=CARTESIAN_POINT('Origin',(19.7019750750499,-19.8522470002289,12.5));
#4053=CARTESIAN_POINT('',(19.7019750750499,-19.8522470002289,16.3));
#4054=CARTESIAN_POINT('',(19.7019750750499,-19.8522470002289,12.5));
#4055=CARTESIAN_POINT('',(17.784149751446,-17.5666717808558,16.3));
#4056=CARTESIAN_POINT('',(19.8652128911032,-20.0467862539577,16.3));
#4057=CARTESIAN_POINT('',(17.784149751446,-17.5666717808558,6.25));
#4058=CARTESIAN_POINT('Origin',(21.2340639612879,-18.5666717808558,12.5));
#4059=CARTESIAN_POINT('',(21.2340639612879,-20.5666717808558,16.3));
#4060=CARTESIAN_POINT('',(21.2340639612879,-20.5666717808558,12.5));
#4061=CARTESIAN_POINT('Origin',(21.2340639612879,-18.5666717808558,16.3));
#4062=CARTESIAN_POINT('Origin',(24.872547260876,-20.5666717808558,12.5));
#4063=CARTESIAN_POINT('',(24.872547260876,-20.5666717808558,16.3));
#4064=CARTESIAN_POINT('',(24.872547260876,-20.5666717808558,12.5));
#4065=CARTESIAN_POINT('',(23.1504478835185,-20.5666717808558,16.3));
#4066=CARTESIAN_POINT('Origin',(24.872547260876,-20.3666717808558,12.5));
#4067=CARTESIAN_POINT('',(25.0257561494998,-20.2381142589185,16.3));
#4068=CARTESIAN_POINT('',(25.0257561494998,-20.2381142589185,12.5));
#4069=CARTESIAN_POINT('Origin',(24.872547260876,-20.3666717808558,16.3));
#4070=CARTESIAN_POINT('Origin',(22.784149751446,-17.5666717808558,12.5));
#4071=CARTESIAN_POINT('',(22.784149751446,-17.5666717808558,16.3));
#4072=CARTESIAN_POINT('',(22.784149751446,-17.5666717808558,6.25));
#4073=CARTESIAN_POINT('',(22.8733604513849,-17.6729889530059,16.3));
#4074=CARTESIAN_POINT('Origin',(22.796756007073,-17.7372677139745,16.4));
#4075=CARTESIAN_POINT('',(22.5230682935796,-17.5666717808558,16.5));
#4076=CARTESIAN_POINT('',(28.0263459166444,-17.5666717808558,12.2842447579102));
#4077=CARTESIAN_POINT('',(24.872547260876,-20.3666717808558,16.5));
#4078=CARTESIAN_POINT('',(22.7201515627611,-17.8015464749432,16.5));
#4079=CARTESIAN_POINT('',(24.872547260876,-20.3666717808558,16.5));
#4080=CARTESIAN_POINT('Origin',(23.1504478835185,-20.4666717808558,16.4));
#4081=CARTESIAN_POINT('',(21.2340639612879,-20.3666717808558,16.5));
#4082=CARTESIAN_POINT('',(21.2340639612879,-20.3666717808558,16.5));
#4083=CARTESIAN_POINT('',(24.872547260876,-20.5666717808558,16.3));
#4084=CARTESIAN_POINT('',(23.1504478835185,-20.3666717808558,16.5));
#4085=CARTESIAN_POINT('Origin',(21.2340639612879,-18.5666717808558,16.4));
#4086=CARTESIAN_POINT('',(19.8551839636737,-19.7236894782916,16.5));
#4087=CARTESIAN_POINT('',(19.8551839636737,-19.7236894782916,16.5));
#4088=CARTESIAN_POINT('Origin',(21.2340639612879,-18.5666717808558,16.5));
#4089=CARTESIAN_POINT('Origin',(19.9418173354151,-19.982507492989,16.4));
#4090=CARTESIAN_POINT('',(18.0452312093125,-17.5666717808558,16.5));
#4091=CARTESIAN_POINT('',(17.4571152901714,-17.5666717808558,16.0494770682321));
#4092=CARTESIAN_POINT('',(20.018421779727,-19.9182287320204,16.5));
#4093=CARTESIAN_POINT('Origin',(24.872547260876,-20.3666717808558,16.3));
#4094=CARTESIAN_POINT('Origin',(-22.796756007073,-17.7372677139745,16.4));
#4095=CARTESIAN_POINT('',(-22.5230682935796,-17.5666717808558,16.5));
#4096=CARTESIAN_POINT('',(-22.784149751446,-17.5666717808558,16.3));
#4097=CARTESIAN_POINT('',(-28.0263459166444,-17.5666717808558,12.2842447579102));
#4098=CARTESIAN_POINT('',(-25.0257561494998,-20.2381142589185,16.3));
#4099=CARTESIAN_POINT('',(-22.8733604513849,-17.6729889530059,16.3));
#4100=CARTESIAN_POINT('',(-24.872547260876,-20.3666717808558,16.5));
#4101=CARTESIAN_POINT('',(-25.0257561494998,-20.2381142589185,16.3));
#4102=CARTESIAN_POINT('',(-22.7201515627611,-17.8015464749432,16.5));
#4103=CARTESIAN_POINT('Origin',(-23.1504478835185,-20.4666717808558,16.4));
#4104=CARTESIAN_POINT('',(-21.2340639612879,-20.5666717808558,16.3));
#4105=CARTESIAN_POINT('',(-21.2340639612879,-20.3666717808558,16.5));
#4106=CARTESIAN_POINT('',(-21.2340639612879,-20.5666717808558,16.3));
#4107=CARTESIAN_POINT('',(-23.1504478835185,-20.3666717808558,16.5));
#4108=CARTESIAN_POINT('',(-24.872547260876,-20.5666717808558,16.3));
#4109=CARTESIAN_POINT('',(-24.872547260876,-20.3666717808558,16.5));
#4110=CARTESIAN_POINT('',(-23.1504478835185,-20.5666717808558,16.3));
#4111=CARTESIAN_POINT('Origin',(-21.2340639612879,-18.5666717808558,16.4));
#4112=CARTESIAN_POINT('',(-19.7019750750499,-19.8522470002289,16.3));
#4113=CARTESIAN_POINT('',(-19.8551839636737,-19.7236894782916,16.5));
#4114=CARTESIAN_POINT('',(-19.7019750750499,-19.8522470002289,16.3));
#4115=CARTESIAN_POINT('Origin',(-21.2340639612879,-18.5666717808558,16.5));
#4116=CARTESIAN_POINT('Origin',(-21.2340639612879,-18.5666717808558,16.3));
#4117=CARTESIAN_POINT('Origin',(-19.9418173354151,-19.982507492989,16.4));
#4118=CARTESIAN_POINT('',(-17.784149751446,-17.5666717808558,16.3));
#4119=CARTESIAN_POINT('',(-18.0452312093125,-17.5666717808558,16.5));
#4120=CARTESIAN_POINT('',(-17.4571152901714,-17.5666717808558,16.0494770682321));
#4121=CARTESIAN_POINT('',(-20.018421779727,-19.9182287320204,16.5));
#4122=CARTESIAN_POINT('',(-19.8652128911032,-20.0467862539577,16.3));
#4123=CARTESIAN_POINT('Origin',(-24.872547260876,-20.3666717808558,16.3));
#4124=CARTESIAN_POINT('Origin',(-24.872547260876,-20.3666717808558,16.3));
#4125=CARTESIAN_POINT('Origin',(-19.7019750750499,-19.8522470002289,12.5));
#4126=CARTESIAN_POINT('',(-19.7019750750499,-19.8522470002289,8.7));
#4127=CARTESIAN_POINT('',(-19.7019750750499,-19.8522470002289,12.5));
#4128=CARTESIAN_POINT('',(-17.784149751446,-17.5666717808558,8.7));
#4129=CARTESIAN_POINT('',(-19.8652128911032,-20.0467862539577,8.7));
#4130=CARTESIAN_POINT('',(-17.784149751446,-17.5666717808558,6.25));
#4131=CARTESIAN_POINT('Origin',(-21.2340639612879,-18.5666717808558,12.5));
#4132=CARTESIAN_POINT('',(-21.2340639612879,-20.5666717808558,8.7));
#4133=CARTESIAN_POINT('',(-21.2340639612879,-20.5666717808558,12.5));
#4134=CARTESIAN_POINT('Origin',(-21.2340639612879,-18.5666717808558,8.7));
#4135=CARTESIAN_POINT('Origin',(-24.872547260876,-20.5666717808558,12.5));
#4136=CARTESIAN_POINT('',(-24.872547260876,-20.5666717808558,8.7));
#4137=CARTESIAN_POINT('',(-24.872547260876,-20.5666717808558,12.5));
#4138=CARTESIAN_POINT('',(-23.1504478835185,-20.5666717808558,8.7));
#4139=CARTESIAN_POINT('Origin',(-19.9418173354151,-19.982507492989,8.6));
#4140=CARTESIAN_POINT('',(-18.0452312093125,-17.5666717808558,8.5));
#4141=CARTESIAN_POINT('',(-23.4915305768882,-17.5666717808558,4.32789263390611));
#4142=CARTESIAN_POINT('',(-19.8551839636737,-19.7236894782916,8.5));
#4143=CARTESIAN_POINT('',(-19.7019750750499,-19.8522470002289,8.7));
#4144=CARTESIAN_POINT('',(-20.018421779727,-19.9182287320204,8.5));
#4145=CARTESIAN_POINT('Origin',(-21.2340639612879,-18.5666717808558,8.6));
#4146=CARTESIAN_POINT('',(-21.2340639612879,-20.3666717808558,8.5));
#4147=CARTESIAN_POINT('',(-21.2340639612879,-20.5666717808558,8.7));
#4148=CARTESIAN_POINT('Origin',(-21.2340639612879,-18.5666717808558,8.5));
#4149=CARTESIAN_POINT('Origin',(-23.1504478835185,-20.4666717808558,8.6));
#4150=CARTESIAN_POINT('',(-24.872547260876,-20.3666717808558,8.5));
#4151=CARTESIAN_POINT('',(-24.872547260876,-20.5666717808558,8.7));
#4152=CARTESIAN_POINT('',(-23.1504478835185,-20.3666717808558,8.5));
#4153=CARTESIAN_POINT('Origin',(-22.796756007073,-17.7372677139745,8.6));
#4154=CARTESIAN_POINT('',(-22.784149751446,-17.5666717808558,8.7));
#4155=CARTESIAN_POINT('',(-22.5230682935796,-17.5666717808558,8.5));
#4156=CARTESIAN_POINT('',(-21.9919306299275,-17.5666717808558,8.09312494422816));
#4157=CARTESIAN_POINT('',(-22.7201515627611,-17.8015464749432,8.5));
#4158=CARTESIAN_POINT('',(-25.0257561494998,-20.2381142589185,8.7));
#4159=CARTESIAN_POINT('',(-24.872547260876,-20.3666717808558,8.5));
#4160=CARTESIAN_POINT('',(-22.8733604513849,-17.6729889530059,8.7));
#4161=CARTESIAN_POINT('Origin',(-24.872547260876,-20.3666717808558,8.7));
#4162=CARTESIAN_POINT('Origin',(-24.872547260876,-20.3666717808558,8.7));
#4163=CARTESIAN_POINT('Origin',(-21.428348506161,-19.0666717808558,8.5));
#4164=CARTESIAN_POINT('',(-24.2134291650535,-17.5666717808558,8.5));
#4165=CARTESIAN_POINT('Origin',(-29.6043080398294,-15.1210592062737,8.6));
#4166=CARTESIAN_POINT('',(-28.9520996624321,-15.6130819423696,8.5));
#4167=CARTESIAN_POINT('',(-29.4985098239459,-15.0666717808558,8.7));
#4168=CARTESIAN_POINT('',(-28.7558550687163,-15.8093265360855,8.42816949334465));
#4169=CARTESIAN_POINT('',(-32.5354683301267,-13.5442230774705,8.5));
#4170=CARTESIAN_POINT('',(-29.6543080398294,-15.2076617466521,8.5));
#4171=CARTESIAN_POINT('',(-32.4985098239459,-13.334620973287,8.7));
#4172=CARTESIAN_POINT('',(-32.3961417268209,-12.754062645153,9.25396230910511));
#4173=CARTESIAN_POINT('',(-29.5543080398294,-15.0344566658952,8.7));
#4174=CARTESIAN_POINT('Origin',(-29.4985098239459,-15.0666717808559,12.5));
#4175=CARTESIAN_POINT('',(-32.4985098239459,-13.334620973287,16.3));
#4176=CARTESIAN_POINT('',(-32.4985098239459,-13.334620973287,12.5));
#4177=CARTESIAN_POINT('',(-29.4985098239459,-15.0666717808558,16.3));
#4178=CARTESIAN_POINT('',(-29.5543080398294,-15.0344566658952,16.3));
#4179=CARTESIAN_POINT('',(-29.4985098239459,-15.0666717808558,0.));
#4180=CARTESIAN_POINT('Origin',(-32.4985098239459,-13.334620973287,12.5));
#4181=CARTESIAN_POINT('',(-32.7090914876564,-14.5288889342332,8.5));
#4182=CARTESIAN_POINT('',(-32.7090914876564,-14.5288889342332,8.5));
#4183=CARTESIAN_POINT('',(-32.7090914876564,-14.5288889342332,16.5));
#4184=CARTESIAN_POINT('',(-32.7090914876564,-14.5288889342332,12.5));
#4185=CARTESIAN_POINT('',(-32.5354683301267,-13.5442230774705,16.5));
#4186=CARTESIAN_POINT('',(-32.7090914876564,-14.5288889342332,16.5));
#4187=CARTESIAN_POINT('',(-32.3961417268209,-12.754062645153,15.7460376908949));
#4188=CARTESIAN_POINT('Origin',(-29.6043080398294,-15.1210592062737,16.4));
#4189=CARTESIAN_POINT('',(-28.9520996624321,-15.6130819423696,16.5));
#4190=CARTESIAN_POINT('',(-29.6543080398294,-15.2076617466521,16.5));
#4191=CARTESIAN_POINT('',(-30.8998906891119,-13.6652909156899,15.7870590029718));
#4192=CARTESIAN_POINT('Origin',(-16.2365259643352,-14.7666717808558,24.8));
#4193=CARTESIAN_POINT('',(-16.4985098239459,-14.5666717808558,24.6));
#4194=CARTESIAN_POINT('',(-28.8485098239459,-14.5666717808558,24.6));
#4195=CARTESIAN_POINT('',(-16.2365259643352,-14.5666717808558,24.6));
#4196=CARTESIAN_POINT('',(-28.8485098239459,-14.9666717808558,25.));
#4197=CARTESIAN_POINT('',(-28.8485098239459,-8.51667178085584,18.55));
#4198=CARTESIAN_POINT('',(-15.5865461910338,-14.9666717808558,25.));
#4199=CARTESIAN_POINT('',(-16.2365259643352,-14.9666717808558,25.));
#4200=CARTESIAN_POINT('Ctrl Pts',(-15.5865461910338,-14.9666717808558,25.));
#4201=CARTESIAN_POINT('Ctrl Pts',(-15.8929297072879,-14.8361073282753,24.8694355474195));
#4202=CARTESIAN_POINT('Ctrl Pts',(-16.1969270997174,-14.7027099708043,24.7360381899485));
#4203=CARTESIAN_POINT('Ctrl Pts',(-16.4985098239459,-14.5666717808558,24.6));
#4204=CARTESIAN_POINT('Origin',(0.,0.,24.8));
#4205=CARTESIAN_POINT('',(-13.3350487714639,17.0034749573073,25.));
#4206=CARTESIAN_POINT('Origin',(0.,0.,25.));
#4207=CARTESIAN_POINT('',(-13.258989242235,17.5666717808558,24.6));
#4208=CARTESIAN_POINT('Ctrl Pts',(-13.3350487714639,17.0034749573073,25.));
#4209=CARTESIAN_POINT('Ctrl Pts',(-13.310531451697,17.191608708814,24.8670919522771));
#4210=CARTESIAN_POINT('Ctrl Pts',(-13.2851657147004,17.3793536440699,24.733740966199));
#4211=CARTESIAN_POINT('Ctrl Pts',(-13.258989242235,17.5666717808558,24.6));
#4212=CARTESIAN_POINT('Origin',(0.,0.,24.6));
#4213=CARTESIAN_POINT('Origin',(-8.0286046888998,10.3050160330249,24.8));
#4214=CARTESIAN_POINT('',(-10.4976401131265,13.2442271218549,25.));
#4215=CARTESIAN_POINT('',(-8.1882376086543,10.1845281459547,25.));
#4216=CARTESIAN_POINT('',(-9.94025068329381,13.1697158797476,24.6));
#4217=CARTESIAN_POINT('Ctrl Pts',(-10.4976401131265,13.2442271218549,25.));
#4218=CARTESIAN_POINT('Ctrl Pts',(-10.3120746273123,13.2205311128748,24.8661636087391));
#4219=CARTESIAN_POINT('Ctrl Pts',(-10.126252216666,13.1957083655815,24.7328009407659));
#4220=CARTESIAN_POINT('Ctrl Pts',(-9.94025068329381,13.1697158797476,24.6));
#4221=CARTESIAN_POINT('',(-7.86897176914531,10.4255039200952,24.6));
#4222=CARTESIAN_POINT('Origin',(0.,0.,24.8));
#4223=CARTESIAN_POINT('',(-16.7333966788705,2.36715770230171,25.));
#4224=CARTESIAN_POINT('Origin',(0.,0.,25.));
#4225=CARTESIAN_POINT('',(-16.4122077592482,1.699834247,24.6));
#4226=CARTESIAN_POINT('Ctrl Pts',(-16.7333966788705,2.36715770230171,25.));
#4227=CARTESIAN_POINT('Ctrl Pts',(-16.6180869636727,2.15704171226459,24.8563963970695));
#4228=CARTESIAN_POINT('Ctrl Pts',(-16.5082778326843,1.93361510028578,24.7196430730538));
#4229=CARTESIAN_POINT('Ctrl Pts',(-16.4122077592482,1.699834247,24.6));
#4230=CARTESIAN_POINT('Origin',(0.,0.,24.6));
#4231=CARTESIAN_POINT('Origin',(-17.8088335261464,0.,24.8));
#4232=CARTESIAN_POINT('',(-16.7333966788705,-2.36715770230171,25.));
#4233=CARTESIAN_POINT('Origin',(-17.8088335261464,0.,25.));
#4234=CARTESIAN_POINT('',(-16.4122077592482,-1.699834247,24.6));
#4235=CARTESIAN_POINT('Ctrl Pts',(-16.7333966788705,-2.36715770230171,25.));
#4236=CARTESIAN_POINT('Ctrl Pts',(-16.6180869636727,-2.15704171226461,24.8563963970695));
#4237=CARTESIAN_POINT('Ctrl Pts',(-16.5082778326843,-1.93361510028578,24.7196430730538));
#4238=CARTESIAN_POINT('Ctrl Pts',(-16.4122077592482,-1.699834247,24.6));
#4239=CARTESIAN_POINT('Origin',(-17.8088335261464,0.,24.6));
#4240=CARTESIAN_POINT('Origin',(0.,0.,24.8));
#4241=CARTESIAN_POINT('',(-10.4976401131272,-13.2442271218544,25.));
#4242=CARTESIAN_POINT('Origin',(0.,0.,25.));
#4243=CARTESIAN_POINT('',(-9.94025068329456,-13.1697158797471,24.6));
#4244=CARTESIAN_POINT('Ctrl Pts',(-10.4976401131272,-13.2442271218544,25.));
#4245=CARTESIAN_POINT('Ctrl Pts',(-10.3120746273137,-13.2205311128744,24.8661636087396));
#4246=CARTESIAN_POINT('Ctrl Pts',(-10.126252216667,-13.195708365581,24.7328009407661));
#4247=CARTESIAN_POINT('Ctrl Pts',(-9.94025068329456,-13.1697158797471,24.6));
#4248=CARTESIAN_POINT('Origin',(0.,0.,24.6));
#4249=CARTESIAN_POINT('Origin',(-9.68797396837062,-12.5034939835776,24.8));
#4250=CARTESIAN_POINT('',(-13.4582266252311,-17.1666717808559,25.));
#4251=CARTESIAN_POINT('',(-9.84760688812513,-12.3830060965073,25.));
#4252=CARTESIAN_POINT('',(-13.258989242235,-17.5666717808558,24.6));
#4253=CARTESIAN_POINT('',(-13.4582266252311,-17.1666717808559,25.));
#4254=CARTESIAN_POINT('',(-9.5283410486161,-12.6239818706478,24.6));
#4255=CARTESIAN_POINT('Origin',(-21.4865259643353,-17.3666717808558,24.8));
#4256=CARTESIAN_POINT('',(-26.9985098239459,-17.5666717808558,24.6));
#4257=CARTESIAN_POINT('',(-21.4865259643353,-17.5666717808558,24.6));
#4258=CARTESIAN_POINT('',(-26.8328243989967,-17.1666717808559,25.));
#4259=CARTESIAN_POINT('',(-21.4865259643353,-17.1666717808559,25.));
#4260=CARTESIAN_POINT('',(-26.8328243989967,-17.1666717808559,25.));
#4261=CARTESIAN_POINT('Origin',(-29.7427644831173,-14.5395744092099,24.8));
#4262=CARTESIAN_POINT('',(-29.4985098239459,-14.5009863559066,25.));
#4263=CARTESIAN_POINT('',(-29.6013431268799,-14.3981530529726,25.));
#4264=CARTESIAN_POINT('',(-29.4985098239459,-15.0666717808558,24.6));
#4265=CARTESIAN_POINT('',(-29.4985098239459,-5.43099329005386,31.4134536021794));
#4266=CARTESIAN_POINT('',(-29.8841858393546,-14.6809957654472,24.6));
#4267=CARTESIAN_POINT('Origin',(-16.4985098239459,-14.5666717808558,0.));
#4268=CARTESIAN_POINT('',(-16.4985098239459,-14.5666717808558,0.4));
#4269=CARTESIAN_POINT('',(-16.4985098239459,-14.5666717808558,0.));
#4270=CARTESIAN_POINT('',(-28.8485098239459,-14.5666717808558,0.4));
#4271=CARTESIAN_POINT('',(-16.2365259643352,-14.5666717808558,0.4));
#4272=CARTESIAN_POINT('',(-28.8485098239459,-14.5666717808558,0.));
#4273=CARTESIAN_POINT('Origin',(0.,0.,0.));
#4274=CARTESIAN_POINT('',(-13.258989242235,17.5666717808559,19.4));
#4275=CARTESIAN_POINT('',(-13.258989242235,17.5666717808558,0.));
#4276=CARTESIAN_POINT('',(-13.258989242235,17.5666717808559,5.6));
#4277=CARTESIAN_POINT('',(-13.258989242235,17.5666717808558,0.));
#4278=CARTESIAN_POINT('',(-13.258989242235,17.5666717808558,0.4));
#4279=CARTESIAN_POINT('',(-13.258989242235,17.5666717808558,0.));
#4280=CARTESIAN_POINT('Origin',(0.,0.,0.4));
#4281=CARTESIAN_POINT('Origin',(-9.94025068329381,13.1697158797476,0.));
#4282=CARTESIAN_POINT('',(-9.94025068329381,13.1697158797476,0.4));
#4283=CARTESIAN_POINT('',(-9.94025068329381,13.1697158797476,0.));
#4284=CARTESIAN_POINT('',(-7.86897176914531,10.4255039200952,0.4));
#4285=CARTESIAN_POINT('',(-11.3844839682315,15.0831627970034,5.6));
#4286=CARTESIAN_POINT('',(-8.68972094346901,11.5129044071416,5.6));
#4287=CARTESIAN_POINT('',(-11.3844839682315,15.0831627970034,19.4));
#4288=CARTESIAN_POINT('',(-11.3844839682315,15.0831627970034,0.));
#4289=CARTESIAN_POINT('',(-15.9483864087963,21.129821011179,19.4));
#4290=CARTESIAN_POINT('Origin',(0.,0.,0.));
#4291=CARTESIAN_POINT('',(-16.4122077592482,1.699834247,0.4));
#4292=CARTESIAN_POINT('',(-16.4122077592482,1.699834247,0.));
#4293=CARTESIAN_POINT('Origin',(0.,0.,0.4));
#4294=CARTESIAN_POINT('Origin',(-17.8088335261464,0.,0.));
#4295=CARTESIAN_POINT('',(-16.4122077592482,-1.699834247,0.4));
#4296=CARTESIAN_POINT('',(-16.4122077592482,-1.699834247,0.));
#4297=CARTESIAN_POINT('Origin',(-17.8088335261464,0.,0.4));
#4298=CARTESIAN_POINT('Origin',(0.,0.,0.));
#4299=CARTESIAN_POINT('',(-9.94025068329456,-13.1697158797471,0.4));
#4300=CARTESIAN_POINT('',(-9.94025068329456,-13.1697158797471,0.));
#4301=CARTESIAN_POINT('Origin',(0.,0.,0.4));
#4302=CARTESIAN_POINT('Origin',(-13.258989242235,-17.5666717808558,0.));
#4303=CARTESIAN_POINT('',(-13.258989242235,-17.5666717808558,0.4));
#4304=CARTESIAN_POINT('',(-13.258989242235,-17.5666717808558,0.));
#4305=CARTESIAN_POINT('',(-9.5283410486161,-12.6239818706478,0.4));
#4306=CARTESIAN_POINT('Origin',(-26.9985098239459,-17.5666717808558,0.));
#4307=CARTESIAN_POINT('',(-26.9985098239459,-17.5666717808558,16.5));
#4308=CARTESIAN_POINT('',(-26.9985098239459,-17.5666717808558,0.));
#4309=CARTESIAN_POINT('',(-26.9985098239459,-17.5666717808558,8.5));
#4310=CARTESIAN_POINT('',(-26.9985098239459,-17.5666717808558,0.));
#4311=CARTESIAN_POINT('',(-26.9985098239459,-17.5666717808558,0.4));
#4312=CARTESIAN_POINT('',(-26.9985098239459,-17.5666717808558,0.));
#4313=CARTESIAN_POINT('',(-21.4865259643353,-17.5666717808558,0.4));
#4314=CARTESIAN_POINT('',(-22.784149751446,-17.5666717808558,6.25));
#4315=CARTESIAN_POINT('',(-24.2134291650535,-17.5666717808558,16.5));
#4316=CARTESIAN_POINT('Origin',(-29.4985098239459,-15.0666717808558,0.));
#4317=CARTESIAN_POINT('',(-29.4985098239459,-15.0666717808558,0.));
#4318=CARTESIAN_POINT('',(-29.4951369446028,-15.070044660199,16.5));
#4319=CARTESIAN_POINT('Origin',(-29.4985098239459,30.5666717808558,0.));
#4320=CARTESIAN_POINT('',(-29.4985098239459,30.5666717808558,25.));
#4321=CARTESIAN_POINT('',(-29.4985098239459,18.5333358904279,25.));
#4322=CARTESIAN_POINT('',(-29.4985098239459,30.5666717808559,8.));
#4323=CARTESIAN_POINT('',(-29.4985098239459,30.5666717808558,0.));
#4324=CARTESIAN_POINT('',(-29.4985098239459,32.8666717808558,8.));
#4325=CARTESIAN_POINT('',(-29.4985098239459,30.5666717808559,8.));
#4326=CARTESIAN_POINT('',(-29.4985098239459,32.8666717808558,0.));
#4327=CARTESIAN_POINT('',(-29.4985098239459,32.8666717808558,0.));
#4328=CARTESIAN_POINT('',(-29.4985098239459,-14.5009863559067,0.));
#4329=CARTESIAN_POINT('',(-29.4985098239459,30.5666717808559,0.));
#4330=CARTESIAN_POINT('',(-29.4985098239459,-15.0666717808558,0.4));
#4331=CARTESIAN_POINT('',(-29.4985098239459,0.461563219834082,-10.5801202688461));
#4332=CARTESIAN_POINT('',(-29.4985098239459,-15.0666717808558,0.));
#4333=CARTESIAN_POINT('Origin',(21.755493430755,-22.5268454615722,24.8));
#4334=CARTESIAN_POINT('',(26.9985098239459,-17.5666717808558,24.6));
#4335=CARTESIAN_POINT('',(29.4985098239459,-15.0666717808558,24.6));
#4336=CARTESIAN_POINT('',(21.8969147869923,-22.6682668178095,24.6));
#4337=CARTESIAN_POINT('',(29.498509823946,-14.5009863559065,25.));
#4338=CARTESIAN_POINT('',(29.4985098239459,-8.09341697417475,29.5308357607459));
#4339=CARTESIAN_POINT('',(26.8328243989967,-17.1666717808559,25.));
#4340=CARTESIAN_POINT('',(21.6140720745177,-22.3854241053349,25.));
#4341=CARTESIAN_POINT('',(26.8328243989967,-17.1666717808559,25.));
#4342=CARTESIAN_POINT('Origin',(5.51198385961066,-17.3666717808558,24.8));
#4343=CARTESIAN_POINT('',(13.4582266252311,-17.1666717808559,25.));
#4344=CARTESIAN_POINT('',(5.51198385961066,-17.1666717808559,25.));
#4345=CARTESIAN_POINT('',(13.258989242235,-17.5666717808558,24.6));
#4346=CARTESIAN_POINT('',(13.4582266252311,-17.1666717808559,25.));
#4347=CARTESIAN_POINT('',(5.51198385961066,-17.5666717808558,24.6));
#4348=CARTESIAN_POINT('Origin',(0.,0.,24.8));
#4349=CARTESIAN_POINT('',(10.4976401131272,-13.2442271218544,25.));
#4350=CARTESIAN_POINT('',(16.7333966788705,-2.36715770230171,25.));
#4351=CARTESIAN_POINT('Origin',(0.,0.,25.));
#4352=CARTESIAN_POINT('',(16.4122077592482,-1.699834247,24.6));
#4353=CARTESIAN_POINT('Ctrl Pts',(16.7333966788705,-2.36715770230171,25.));
#4354=CARTESIAN_POINT('Ctrl Pts',(16.6180869636727,-2.15704171226461,24.8563963970695));
#4355=CARTESIAN_POINT('Ctrl Pts',(16.5082778326843,-1.93361510028578,24.7196430730538));
#4356=CARTESIAN_POINT('Ctrl Pts',(16.4122077592482,-1.699834247,24.6));
#4357=CARTESIAN_POINT('',(9.94025068329456,-13.1697158797471,24.6));
#4358=CARTESIAN_POINT('Origin',(0.,0.,24.6));
#4359=CARTESIAN_POINT('Ctrl Pts',(9.94025068329456,-13.1697158797471,24.6));
#4360=CARTESIAN_POINT('Ctrl Pts',(10.1262522166671,-13.1957083655811,24.7328009407662));
#4361=CARTESIAN_POINT('Ctrl Pts',(10.3120746273138,-13.2205311128744,24.8661636087397));
#4362=CARTESIAN_POINT('Ctrl Pts',(10.4976401131272,-13.2442271218544,25.));
#4363=CARTESIAN_POINT('Origin',(17.8088335261464,0.,24.8));
#4364=CARTESIAN_POINT('',(16.7333966788705,2.36715770230171,25.));
#4365=CARTESIAN_POINT('Origin',(17.8088335261464,0.,25.));
#4366=CARTESIAN_POINT('',(16.4122077592482,1.699834247,24.6));
#4367=CARTESIAN_POINT('Ctrl Pts',(16.7333966788705,2.36715770230171,25.));
#4368=CARTESIAN_POINT('Ctrl Pts',(16.6180869636727,2.15704171226463,24.8563963970695));
#4369=CARTESIAN_POINT('Ctrl Pts',(16.5082778326843,1.93361510028578,24.7196430730538));
#4370=CARTESIAN_POINT('Ctrl Pts',(16.4122077592482,1.699834247,24.6));
#4371=CARTESIAN_POINT('Origin',(17.8088335261464,0.,24.6));
#4372=CARTESIAN_POINT('Origin',(0.,0.,24.8));
#4373=CARTESIAN_POINT('',(10.4976401131265,13.2442271218549,25.));
#4374=CARTESIAN_POINT('Origin',(0.,0.,25.));
#4375=CARTESIAN_POINT('',(9.94025068329381,13.1697158797476,24.6));
#4376=CARTESIAN_POINT('Ctrl Pts',(10.4976401131265,13.2442271218549,25.));
#4377=CARTESIAN_POINT('Ctrl Pts',(10.3120746273122,13.2205311128748,24.866163608739));
#4378=CARTESIAN_POINT('Ctrl Pts',(10.1262522166659,13.1957083655815,24.7328009407659));
#4379=CARTESIAN_POINT('Ctrl Pts',(9.94025068329381,13.1697158797476,24.6));
#4380=CARTESIAN_POINT('Origin',(0.,0.,24.6));
#4381=CARTESIAN_POINT('Origin',(2.23091183390078,2.62372407258388,24.8));
#4382=CARTESIAN_POINT('',(11.8873686959637,15.0854614296258,25.));
#4383=CARTESIAN_POINT('',(2.39054475365528,2.50323618551363,25.));
#4384=CARTESIAN_POINT('',(11.3844839682315,15.0831627970034,24.6));
#4385=CARTESIAN_POINT('',(11.8873686959637,15.0854614296258,25.));
#4386=CARTESIAN_POINT('',(2.07127891414629,2.74421195965414,24.6));
#4387=CARTESIAN_POINT('Origin',(5.30096874110664,23.3197569816028,24.8));
#4388=CARTESIAN_POINT('',(2.28643765655591,27.5666717808558,25.));
#4389=CARTESIAN_POINT('',(5.45949353892756,23.4416991337727,25.));
#4390=CARTESIAN_POINT('',(1.7817847498834,27.5666717808558,24.6));
#4391=CARTESIAN_POINT('',(-12.4823197725001,27.5666717808558,13.2939285724634));
#4392=CARTESIAN_POINT('',(5.14244394328573,23.1978148294328,24.6));
#4393=CARTESIAN_POINT('Origin',(3.8902811133742,-4.82220202313726,24.8));
#4394=CARTESIAN_POINT('',(4.04991403312872,-4.70171413606703,25.));
#4395=CARTESIAN_POINT('',(3.73064819361969,-4.94268991020749,24.6));
#4396=CARTESIAN_POINT('Origin',(29.4985098239459,30.5666717808558,0.));
#4397=CARTESIAN_POINT('',(29.4985098239459,-15.0666717808558,0.));
#4398=CARTESIAN_POINT('',(29.4985098239459,-15.0666717808558,0.4));
#4399=CARTESIAN_POINT('',(29.4985098239459,-15.0666717808558,0.));
#4400=CARTESIAN_POINT('',(29.4985098239459,-14.5009863559066,0.));
#4401=CARTESIAN_POINT('',(29.4985098239459,-2.20086046428683,-8.69750242741266));
#4402=CARTESIAN_POINT('',(29.4985098239459,32.1666717808558,0.));
#4403=CARTESIAN_POINT('',(29.4985098239459,-17.5666717808558,0.));
#4404=CARTESIAN_POINT('',(29.4985098239459,32.1666717808558,7.20000000000001));
#4405=CARTESIAN_POINT('',(29.4985098239459,32.1666717808558,25.));
#4406=CARTESIAN_POINT('',(29.4985098239459,30.5666717808558,7.20000000000001));
#4407=CARTESIAN_POINT('',(29.4985098239459,30.5666717808558,7.20000000000001));
#4408=CARTESIAN_POINT('',(29.4985098239459,30.5666717808558,17.8));
#4409=CARTESIAN_POINT('',(29.4985098239459,30.5666717808558,0.));
#4410=CARTESIAN_POINT('',(29.4985098239459,32.1666717808558,17.8));
#4411=CARTESIAN_POINT('',(29.4985098239459,30.5666717808558,17.8));
#4412=CARTESIAN_POINT('',(29.4985098239459,32.1666717808558,25.));
#4413=CARTESIAN_POINT('',(29.4985098239459,32.1666717808558,25.));
#4414=CARTESIAN_POINT('',(29.4985098239459,30.5666717808558,25.));
#4415=CARTESIAN_POINT('Origin',(29.4985098239459,-15.0666717808558,0.));
#4416=CARTESIAN_POINT('',(26.9985098239459,-17.5666717808558,0.));
#4417=CARTESIAN_POINT('Origin',(26.9985098239459,-17.5666717808558,0.));
#4418=CARTESIAN_POINT('',(13.258989242235,-17.5666717808558,0.4));
#4419=CARTESIAN_POINT('',(13.258989242235,-17.5666717808558,0.));
#4420=CARTESIAN_POINT('',(26.9985098239459,-17.5666717808558,0.4));
#4421=CARTESIAN_POINT('',(5.51198385961066,-17.5666717808558,0.4));
#4422=CARTESIAN_POINT('',(26.9985098239459,-17.5666717808558,8.5));
#4423=CARTESIAN_POINT('',(26.9985098239459,-17.5666717808558,0.));
#4424=CARTESIAN_POINT('',(26.9985098239459,-17.5666717808558,0.));
#4425=CARTESIAN_POINT('',(24.2134291650535,-17.5666717808558,16.5));
#4426=CARTESIAN_POINT('',(24.2134291650535,-17.5666717808558,8.5));
#4427=CARTESIAN_POINT('Origin',(13.258989242235,-17.5666717808558,0.));
#4428=CARTESIAN_POINT('',(9.94025068329456,-13.1697158797471,0.4));
#4429=CARTESIAN_POINT('',(9.94025068329456,-13.1697158797471,0.));
#4430=CARTESIAN_POINT('',(3.73064819361969,-4.94268991020749,0.4));
#4431=CARTESIAN_POINT('Origin',(0.,0.,0.));
#4432=CARTESIAN_POINT('',(16.4122077592482,-1.699834247,0.4));
#4433=CARTESIAN_POINT('',(16.4122077592482,-1.699834247,0.));
#4434=CARTESIAN_POINT('Origin',(0.,0.,0.4));
#4435=CARTESIAN_POINT('Origin',(17.8088335261464,0.,0.));
#4436=CARTESIAN_POINT('',(16.4122077592482,1.699834247,0.4));
#4437=CARTESIAN_POINT('',(16.4122077592482,1.699834247,0.));
#4438=CARTESIAN_POINT('Origin',(17.8088335261464,0.,0.4));
#4439=CARTESIAN_POINT('Origin',(0.,0.,0.));
#4440=CARTESIAN_POINT('',(9.94025068329381,13.1697158797476,0.4));
#4441=CARTESIAN_POINT('',(9.94025068329381,13.1697158797476,0.));
#4442=CARTESIAN_POINT('Origin',(0.,0.,0.4));
#4443=CARTESIAN_POINT('Origin',(9.94025068329381,13.1697158797476,0.));
#4444=CARTESIAN_POINT('',(11.3844839682315,15.0831627970034,21.));
#4445=CARTESIAN_POINT('',(11.3844839682315,15.0831627970034,0.));
#4446=CARTESIAN_POINT('',(13.258989242235,17.5666717808559,21.));
#4447=CARTESIAN_POINT('',(15.9483864087962,21.129821011179,21.));
#4448=CARTESIAN_POINT('',(13.258989242235,17.5666717808559,4.));
#4449=CARTESIAN_POINT('',(13.258989242235,17.5666717808558,0.));
#4450=CARTESIAN_POINT('',(11.3844839682315,15.0831627970034,4.));
#4451=CARTESIAN_POINT('',(8.68972094346903,11.5129044071416,4.));
#4452=CARTESIAN_POINT('',(11.3844839682315,15.0831627970034,0.4));
#4453=CARTESIAN_POINT('',(11.3844839682315,15.0831627970034,0.));
#4454=CARTESIAN_POINT('',(2.07127891414629,2.74421195965414,0.4));
#4455=CARTESIAN_POINT('Origin',(1.7817847498834,27.5666717808558,0.));
#4456=CARTESIAN_POINT('',(1.7817847498834,27.5666717808558,21.));
#4457=CARTESIAN_POINT('',(1.7817847498834,27.5666717808558,0.));
#4458=CARTESIAN_POINT('',(4.44316304916163,24.1068799917942,21.));
#4459=CARTESIAN_POINT('Origin',(11.9114573752975,18.9904388185375,24.8));
#4460=CARTESIAN_POINT('',(13.258989242235,17.5666717808558,24.6));
#4461=CARTESIAN_POINT('',(3.25898924223503,30.5666717808558,24.6));
#4462=CARTESIAN_POINT('',(12.0699821731184,19.1123809707074,24.6));
#4463=CARTESIAN_POINT('',(2.97706091289432,30.2771298303244,25.));
#4464=CARTESIAN_POINT('',(3.45412660448654,30.7670789290837,24.3231390506831));
#4465=CARTESIAN_POINT('',(12.9750389044841,17.2797584412578,25.));
#4466=CARTESIAN_POINT('',(11.7529325774766,18.8684966663675,25.));
#4467=CARTESIAN_POINT('Ctrl Pts',(12.9750389044841,17.2797584412578,25.));
#4468=CARTESIAN_POINT('Ctrl Pts',(13.0696306728615,17.3754568586281,24.8666759403452));
#4469=CARTESIAN_POINT('Ctrl Pts',(13.1642863684085,17.4710991780562,24.7333354140014));
#4470=CARTESIAN_POINT('Ctrl Pts',(13.258989242235,17.5666717808559,24.6));
#4471=CARTESIAN_POINT('Origin',(0.,0.,24.8));
#4472=CARTESIAN_POINT('',(16.4985098239459,-14.5666717808558,24.6));
#4473=CARTESIAN_POINT('Origin',(0.,0.,24.6));
#4474=CARTESIAN_POINT('',(15.5865461910338,-14.9666717808558,25.));
#4475=CARTESIAN_POINT('Origin',(0.,0.,25.));
#4476=CARTESIAN_POINT('Ctrl Pts',(15.5865461910338,-14.9666717808558,25.));
#4477=CARTESIAN_POINT('Ctrl Pts',(15.8929297072879,-14.8361073282753,24.8694355474195));
#4478=CARTESIAN_POINT('Ctrl Pts',(16.1969270997173,-14.7027099708043,24.7360381899485));
#4479=CARTESIAN_POINT('Ctrl Pts',(16.4985098239459,-14.5666717808558,24.6));
#4480=CARTESIAN_POINT('Origin',(0.261983859610647,-14.7666717808558,24.8));
#4481=CARTESIAN_POINT('',(28.8485098239459,-14.9666717808558,25.));
#4482=CARTESIAN_POINT('',(0.261983859610647,-14.9666717808558,25.));
#4483=CARTESIAN_POINT('',(28.8485098239459,-14.5666717808558,24.6));
#4484=CARTESIAN_POINT('',(28.8485098239459,-8.51667178085584,18.55));
#4485=CARTESIAN_POINT('',(0.261983859610647,-14.5666717808558,24.6));
#4486=CARTESIAN_POINT('Origin',(13.258989242235,17.5666717808559,0.));
#4487=CARTESIAN_POINT('',(13.258989242235,17.5666717808558,0.));
#4488=CARTESIAN_POINT('',(3.25898924223503,30.5666717808558,21.));
#4489=CARTESIAN_POINT('',(11.3707012789944,20.0214461330687,21.));
#4490=CARTESIAN_POINT('',(3.25898924223503,30.5666717808558,0.));
#4491=CARTESIAN_POINT('Origin',(0.,0.,0.));
#4492=CARTESIAN_POINT('',(16.4985098239459,-14.5666717808558,0.4));
#4493=CARTESIAN_POINT('',(16.4985098239459,-14.5666717808558,0.));
#4494=CARTESIAN_POINT('',(13.258989242235,17.5666717808558,0.4));
#4495=CARTESIAN_POINT('Origin',(0.,0.,0.4));
#4496=CARTESIAN_POINT('',(13.258989242235,17.5666717808558,0.));
#4497=CARTESIAN_POINT('Origin',(16.4985098239459,-14.5666717808558,0.));
#4498=CARTESIAN_POINT('',(28.8485098239459,-14.5666717808558,0.4));
#4499=CARTESIAN_POINT('',(28.8485098239459,-14.5666717808558,0.));
#4500=CARTESIAN_POINT('',(0.261983859610647,-14.5666717808558,0.4));
#4501=CARTESIAN_POINT('Origin',(0.261983859610647,-14.7666717808558,0.2));
#4502=CARTESIAN_POINT('',(28.8485098239459,-14.9666717808558,0.));
#4503=CARTESIAN_POINT('',(28.8485098239459,-14.7666717808558,0.200000000000011));
#4504=CARTESIAN_POINT('',(15.5865461910338,-14.9666717808558,0.));
#4505=CARTESIAN_POINT('',(0.261983859610647,-14.9666717808558,0.));
#4506=CARTESIAN_POINT('Ctrl Pts',(15.5865461910338,-14.9666717808558,-8.67361737988404E-16));
#4507=CARTESIAN_POINT('Ctrl Pts',(15.8929297072879,-14.8361073282753,0.130564452580517));
#4508=CARTESIAN_POINT('Ctrl Pts',(16.1969270997174,-14.7027099708043,0.263961810051539));
#4509=CARTESIAN_POINT('Ctrl Pts',(16.4985098239459,-14.5666717808558,0.4));
#4510=CARTESIAN_POINT('Origin',(0.,0.,0.2));
#4511=CARTESIAN_POINT('',(12.975038904484,17.2797584412579,0.));
#4512=CARTESIAN_POINT('Origin',(0.,0.,0.));
#4513=CARTESIAN_POINT('Ctrl Pts',(12.975038904484,17.2797584412579,2.08166817117217E-16));
#4514=CARTESIAN_POINT('Ctrl Pts',(13.0696306728648,17.3754568586315,0.133324059659403));
#4515=CARTESIAN_POINT('Ctrl Pts',(13.1642863684152,17.471099178063,0.266664586008099));
#4516=CARTESIAN_POINT('Ctrl Pts',(13.258989242235,17.5666717808558,0.4));
#4517=CARTESIAN_POINT('Origin',(11.9114573752975,18.9904388185375,0.2));
#4518=CARTESIAN_POINT('',(3.25898924223502,29.9106230021815,0.));
#4519=CARTESIAN_POINT('',(11.7529325774766,18.8684966663675,0.));
#4520=CARTESIAN_POINT('',(3.25898924223503,30.5666717808558,0.4));
#4521=CARTESIAN_POINT('',(3.25898924223503,26.2138073043453,-2.25398831184883));
#4522=CARTESIAN_POINT('',(12.0699821731184,19.1123809707074,0.4));
#4523=CARTESIAN_POINT('Origin',(13.258989242235,17.5666717808559,0.));
#4524=CARTESIAN_POINT('',(3.25898924223503,30.5666717808558,4.));
#4525=CARTESIAN_POINT('',(3.25898924223503,30.5666717808558,0.));
#4526=CARTESIAN_POINT('',(3.93575704107605,29.6868736423624,4.));
#4527=CARTESIAN_POINT('Origin',(5.30096874110664,23.3197569816028,0.2));
#4528=CARTESIAN_POINT('',(1.7817847498834,27.5666717808558,0.4));
#4529=CARTESIAN_POINT('',(5.14244394328573,23.1978148294328,0.4));
#4530=CARTESIAN_POINT('',(2.28643765655591,27.5666717808558,0.));
#4531=CARTESIAN_POINT('',(-6.39739245888321,27.5666717808558,6.88301206680602));
#4532=CARTESIAN_POINT('',(11.8873686959637,15.0854614296258,0.));
#4533=CARTESIAN_POINT('',(5.45949353892756,23.4416991337727,0.));
#4534=CARTESIAN_POINT('',(11.8873686959637,15.0854614296258,0.));
#4535=CARTESIAN_POINT('Origin',(0.,0.,0.2));
#4536=CARTESIAN_POINT('',(10.4976401131265,13.2442271218549,0.));
#4537=CARTESIAN_POINT('',(16.7333966788705,2.36715770230171,0.));
#4538=CARTESIAN_POINT('Origin',(0.,0.,0.));
#4539=CARTESIAN_POINT('Ctrl Pts',(16.7333966788705,2.36715770230171,-1.04083408558608E-15));
#4540=CARTESIAN_POINT('Ctrl Pts',(16.6180869636727,2.1570417122646,0.143603602930481));
#4541=CARTESIAN_POINT('Ctrl Pts',(16.5082778326843,1.93361510028578,0.280356926946209));
#4542=CARTESIAN_POINT('Ctrl Pts',(16.4122077592482,1.699834247,0.400000000000002));
#4543=CARTESIAN_POINT('Ctrl Pts',(9.94025068329381,13.1697158797476,0.4));
#4544=CARTESIAN_POINT('Ctrl Pts',(10.1262522166659,13.1957083655815,0.267199059234179));
#4545=CARTESIAN_POINT('Ctrl Pts',(10.3120746273121,13.2205311128748,0.133836391261041));
#4546=CARTESIAN_POINT('Ctrl Pts',(10.4976401131265,13.2442271218549,1.04083408558608E-16));
#4547=CARTESIAN_POINT('Origin',(0.,0.,0.2));
#4548=CARTESIAN_POINT('',(16.7333966788705,-2.36715770230171,0.));
#4549=CARTESIAN_POINT('',(10.4976401131272,-13.2442271218544,0.));
#4550=CARTESIAN_POINT('Origin',(0.,0.,0.));
#4551=CARTESIAN_POINT('Ctrl Pts',(10.4976401131272,-13.2442271218544,1.80411241501588E-15));
#4552=CARTESIAN_POINT('Ctrl Pts',(10.3120746273136,-13.2205311128744,0.133836391260431));
#4553=CARTESIAN_POINT('Ctrl Pts',(10.126252216667,-13.195708365581,0.267199059233889));
#4554=CARTESIAN_POINT('Ctrl Pts',(9.94025068329456,-13.1697158797471,0.399999999999999));
#4555=CARTESIAN_POINT('Ctrl Pts',(16.4122077592482,-1.699834247,0.400000000000001));
#4556=CARTESIAN_POINT('Ctrl Pts',(16.5082778326843,-1.93361510028578,0.28035692694621));
#4557=CARTESIAN_POINT('Ctrl Pts',(16.6180869636727,-2.1570417122646,0.143603602930485));
#4558=CARTESIAN_POINT('Ctrl Pts',(16.7333966788705,-2.36715770230171,1.31838984174237E-15));
#4559=CARTESIAN_POINT('Origin',(3.8902811133742,-4.82220202313726,0.2));
#4560=CARTESIAN_POINT('',(13.4582266252311,-17.1666717808559,0.));
#4561=CARTESIAN_POINT('',(4.04991403312872,-4.70171413606703,0.));
#4562=CARTESIAN_POINT('',(13.4582266252311,-17.1666717808559,0.));
#4563=CARTESIAN_POINT('Origin',(5.51198385961066,-17.3666717808558,0.2));
#4564=CARTESIAN_POINT('',(26.8328243989967,-17.1666717808559,0.));
#4565=CARTESIAN_POINT('',(5.51198385961066,-17.1666717808559,0.));
#4566=CARTESIAN_POINT('',(26.8328243989967,-17.1666717808559,0.));
#4567=CARTESIAN_POINT('Origin',(17.8088335261464,0.,0.2));
#4568=CARTESIAN_POINT('Origin',(17.8088335261464,0.,0.));
#4569=CARTESIAN_POINT('Origin',(21.755493430755,-22.5268454615722,0.2));
#4570=CARTESIAN_POINT('',(21.6140720745177,-22.3854241053349,0.));
#4571=CARTESIAN_POINT('',(21.8969147869923,-22.6682668178095,0.4));
#4572=CARTESIAN_POINT('Origin',(2.23091183390078,2.62372407258388,0.2));
#4573=CARTESIAN_POINT('',(2.39054475365528,2.50323618551363,0.));
#4574=CARTESIAN_POINT('Origin',(29.4985098239459,-15.0666717808558,0.));
#4575=CARTESIAN_POINT('',(29.4951369446028,-15.070044660199,8.5));
#4576=CARTESIAN_POINT('Origin',(0.,0.,0.2));
#4577=CARTESIAN_POINT('',(-16.7333966788705,2.36715770230171,0.));
#4578=CARTESIAN_POINT('Ctrl Pts',(-16.4122077592482,1.699834247,0.400000000000002));
#4579=CARTESIAN_POINT('Ctrl Pts',(-16.5082778326843,1.93361510028578,0.280356926946209));
#4580=CARTESIAN_POINT('Ctrl Pts',(-16.6180869636727,2.1570417122646,0.143603602930481));
#4581=CARTESIAN_POINT('Ctrl Pts',(-16.7333966788705,2.36715770230171,-7.63278329429795E-16));
#4582=CARTESIAN_POINT('',(-10.4976401131265,13.2442271218549,0.));
#4583=CARTESIAN_POINT('Origin',(0.,0.,0.));
#4584=CARTESIAN_POINT('Ctrl Pts',(-10.4976401131265,13.2442271218549,-1.04083408558608E-15));
#4585=CARTESIAN_POINT('Ctrl Pts',(-10.3120746273123,13.2205311128748,0.133836391260868));
#4586=CARTESIAN_POINT('Ctrl Pts',(-10.126252216666,13.1957083655816,0.267199059234097));
#4587=CARTESIAN_POINT('Ctrl Pts',(-9.94025068329381,13.1697158797476,0.4));
#4588=CARTESIAN_POINT('Origin',(-29.7427644831173,-14.5395744092099,0.2));
#4589=CARTESIAN_POINT('',(-29.8841858393546,-14.6809957654472,0.4));
#4590=CARTESIAN_POINT('',(-26.8328243989967,-17.1666717808559,0.));
#4591=CARTESIAN_POINT('',(-29.6013431268799,-14.3981530529726,0.));
#4592=CARTESIAN_POINT('',(-26.8328243989967,-17.1666717808559,0.));
#4593=CARTESIAN_POINT('Origin',(-21.4865259643353,-17.3666717808558,0.2));
#4594=CARTESIAN_POINT('',(-13.4582266252311,-17.1666717808559,0.));
#4595=CARTESIAN_POINT('',(-21.4865259643353,-17.1666717808559,0.));
#4596=CARTESIAN_POINT('',(-13.4582266252311,-17.1666717808559,0.));
#4597=CARTESIAN_POINT('Origin',(-9.68797396837062,-12.5034939835776,0.2));
#4598=CARTESIAN_POINT('',(-10.4976401131272,-13.2442271218544,0.));
#4599=CARTESIAN_POINT('',(-9.84760688812513,-12.3830060965073,0.));
#4600=CARTESIAN_POINT('Ctrl Pts',(-10.4976401131272,-13.2442271218544,-7.97972798949331E-16));
#4601=CARTESIAN_POINT('Ctrl Pts',(-10.3120746273143,-13.2205311128745,0.133836391259916));
#4602=CARTESIAN_POINT('Ctrl Pts',(-10.1262522166673,-13.1957083655811,0.267199059233646));
#4603=CARTESIAN_POINT('Ctrl Pts',(-9.94025068329456,-13.1697158797471,0.4));
#4604=CARTESIAN_POINT('Origin',(0.,0.,0.2));
#4605=CARTESIAN_POINT('',(-16.7333966788705,-2.36715770230171,0.));
#4606=CARTESIAN_POINT('Origin',(0.,0.,0.));
#4607=CARTESIAN_POINT('Ctrl Pts',(-16.7333966788705,-2.36715770230171,1.66533453693773E-15));
#4608=CARTESIAN_POINT('Ctrl Pts',(-16.6180869636727,-2.1570417122646,0.143603602930485));
#4609=CARTESIAN_POINT('Ctrl Pts',(-16.5082778326843,-1.93361510028578,0.28035692694621));
#4610=CARTESIAN_POINT('Ctrl Pts',(-16.4122077592482,-1.699834247,0.400000000000001));
#4611=CARTESIAN_POINT('Origin',(-17.8088335261464,0.,0.2));
#4612=CARTESIAN_POINT('Origin',(-17.8088335261464,0.,0.));
#4613=CARTESIAN_POINT('Origin',(-8.0286046888998,10.3050160330249,0.2));
#4614=CARTESIAN_POINT('',(-13.3350487714639,17.0034749573073,0.));
#4615=CARTESIAN_POINT('',(-8.1882376086543,10.1845281459547,0.));
#4616=CARTESIAN_POINT('Ctrl Pts',(-13.3350487714639,17.0034749573073,0.));
#4617=CARTESIAN_POINT('Ctrl Pts',(-13.310531451697,17.1916087088138,0.13290804772281));
#4618=CARTESIAN_POINT('Ctrl Pts',(-13.2851657147005,17.3793536440696,0.266259033800773));
#4619=CARTESIAN_POINT('Ctrl Pts',(-13.258989242235,17.5666717808558,0.4));
#4620=CARTESIAN_POINT('Origin',(0.,0.,0.2));
#4621=CARTESIAN_POINT('',(-15.5865461910338,-14.9666717808558,0.));
#4622=CARTESIAN_POINT('Origin',(0.,0.,0.));
#4623=CARTESIAN_POINT('Ctrl Pts',(-15.5865461910338,-14.9666717808558,-4.5102810375397E-16));
#4624=CARTESIAN_POINT('Ctrl Pts',(-15.8929297072879,-14.8361073282753,0.130564452580503));
#4625=CARTESIAN_POINT('Ctrl Pts',(-16.1969270997173,-14.7027099708043,0.263961810051505));
#4626=CARTESIAN_POINT('Ctrl Pts',(-16.4985098239459,-14.5666717808558,0.399999999999998));
#4627=CARTESIAN_POINT('Origin',(-16.2365259643352,-14.7666717808558,0.2));
#4628=CARTESIAN_POINT('',(-28.8485098239459,-14.9666717808558,0.));
#4629=CARTESIAN_POINT('',(-16.2365259643352,-14.9666717808558,0.));
#4630=CARTESIAN_POINT('',(-28.8485098239459,-14.7666717808558,0.200000000000005));
#4631=CARTESIAN_POINT('Origin',(-29.4985098239459,-15.0666717808558,0.));
#4632=CARTESIAN_POINT('',(-29.4951369446028,-15.070044660199,8.5));
#4633=CARTESIAN_POINT('Origin',(-24.7492549119729,30.5666717808558,12.));
#4634=CARTESIAN_POINT('',(-26.7492549119729,27.5666717808558,8.));
#4635=CARTESIAN_POINT('',(-24.7492549119729,27.5666717808558,12.));
#4636=CARTESIAN_POINT('',(-27.5591804031702,27.5666717808558,6.38014901760541));
#4637=CARTESIAN_POINT('',(-26.7492549119729,30.5666717808558,8.));
#4638=CARTESIAN_POINT('',(-26.7492549119729,30.5666717808558,8.));
#4639=CARTESIAN_POINT('',(-24.7492549119729,30.5666717808558,12.));
#4640=CARTESIAN_POINT('',(-24.3484304965521,30.5666717808558,12.8016488308416));
#4641=CARTESIAN_POINT('',(-24.7492549119729,30.5666717808558,12.));
#4642=CARTESIAN_POINT('Origin',(-22.7492549119729,30.5666717808558,8.));
#4643=CARTESIAN_POINT('',(-22.7492549119729,27.5666717808558,8.));
#4644=CARTESIAN_POINT('',(-21.7591804031702,27.5666717808558,6.0198509823946));
#4645=CARTESIAN_POINT('',(-22.7492549119729,30.5666717808558,8.));
#4646=CARTESIAN_POINT('',(-18.5484304965521,30.5666717808558,-0.401648830841594));
#4647=CARTESIAN_POINT('',(-22.7492549119729,30.5666717808558,8.));
#4648=CARTESIAN_POINT('Origin',(3.25898924223503,30.5666717808558,0.));
#4649=CARTESIAN_POINT('',(0.879494621117511,30.5666717808558,8.));
#4650=CARTESIAN_POINT('',(-8.74101075776498,30.5666717808558,25.));
#4651=CARTESIAN_POINT('',(-2.43038552431018,30.5666717808558,25.));
#4652=CARTESIAN_POINT('',(-8.74101075776498,30.5666717808558,21.));
#4653=CARTESIAN_POINT('',(-8.74101075776498,30.5666717808558,10.5));
#4654=CARTESIAN_POINT('',(-20.,30.5666717808558,21.));
#4655=CARTESIAN_POINT('',(11.6294946211175,30.5666717808557,21.));
#4656=CARTESIAN_POINT('',(-20.,30.5666717808558,8.));
#4657=CARTESIAN_POINT('',(-20.,30.5666717808558,10.5));
#4658=CARTESIAN_POINT('',(0.879494621117511,30.5666717808558,8.));
#4659=CARTESIAN_POINT('Origin',(-0.501490176054131,37.2666717808558,21.));
#4660=CARTESIAN_POINT('',(-0.501490176054131,37.2666717808558,25.));
#4661=CARTESIAN_POINT('',(-1.65841926156961,36.3259101435635,25.));
#4662=CARTESIAN_POINT('',(-0.501490176054131,37.2666717808558,21.));
#4663=CARTESIAN_POINT('',(-0.501490176054131,37.2666717808558,21.));
#4664=CARTESIAN_POINT('',(-1.65841926156961,36.3259101435635,21.));
#4665=CARTESIAN_POINT('Origin',(5.49850982394587,37.2666717808558,21.));
#4666=CARTESIAN_POINT('',(5.49850982394587,37.2666717808558,25.));
#4667=CARTESIAN_POINT('',(1.93862967851816,37.2666717808558,25.));
#4668=CARTESIAN_POINT('',(5.49850982394587,37.2666717808558,21.));
#4669=CARTESIAN_POINT('',(5.49850982394587,37.2666717808558,21.));
#4670=CARTESIAN_POINT('',(1.93862967851816,37.2666717808558,21.));
#4671=CARTESIAN_POINT('Origin',(5.49850982394587,35.2666717808558,21.));
#4672=CARTESIAN_POINT('',(5.49850982394587,35.2666717808558,25.));
#4673=CARTESIAN_POINT('',(5.49850982394587,34.5916717808558,25.));
#4674=CARTESIAN_POINT('',(5.49850982394587,35.2666717808558,21.));
#4675=CARTESIAN_POINT('',(5.49850982394587,35.2666717808558,21.));
#4676=CARTESIAN_POINT('',(5.49850982394587,34.5916717808558,21.));
#4677=CARTESIAN_POINT('Origin',(2.49850982394587,35.2666717808558,21.));
#4678=CARTESIAN_POINT('',(2.49850982394587,35.2666717808558,25.));
#4679=CARTESIAN_POINT('',(0.438629678518158,35.2666717808558,25.));
#4680=CARTESIAN_POINT('',(2.49850982394587,35.2666717808558,21.));
#4681=CARTESIAN_POINT('',(2.49850982394587,35.2666717808558,21.));
#4682=CARTESIAN_POINT('',(0.438629678518159,35.2666717808558,21.));
#4683=CARTESIAN_POINT('Origin',(2.49850982394586,33.4666717808558,21.));
#4684=CARTESIAN_POINT('',(2.49850982394586,33.4666717808558,25.));
#4685=CARTESIAN_POINT('',(2.49850982394587,33.6916717808557,25.));
#4686=CARTESIAN_POINT('',(2.49850982394586,33.4666717808558,21.));
#4687=CARTESIAN_POINT('',(2.49850982394586,33.4666717808558,21.));
#4688=CARTESIAN_POINT('',(2.49850982394587,33.6916717808557,21.));
#4689=CARTESIAN_POINT('Origin',(5.49850982394586,33.4666717808558,21.));
#4690=CARTESIAN_POINT('',(5.49850982394586,33.4666717808558,25.));
#4691=CARTESIAN_POINT('',(1.93862967851816,33.4666717808558,25.));
#4692=CARTESIAN_POINT('',(5.49850982394586,33.4666717808558,21.));
#4693=CARTESIAN_POINT('',(5.49850982394586,33.4666717808558,21.));
#4694=CARTESIAN_POINT('',(1.93862967851816,33.4666717808558,21.));
#4695=CARTESIAN_POINT('Origin',(5.49850982394586,32.8666717808558,21.));
#4696=CARTESIAN_POINT('',(5.49850982394586,32.8666717808558,25.));
#4697=CARTESIAN_POINT('',(5.49850982394586,33.3916717808558,25.));
#4698=CARTESIAN_POINT('',(5.49850982394586,32.8666717808558,21.));
#4699=CARTESIAN_POINT('',(5.49850982394586,32.8666717808558,21.));
#4700=CARTESIAN_POINT('',(5.49850982394586,33.3916717808558,21.));
#4701=CARTESIAN_POINT('Origin',(3.25898924223503,30.5666717808558,21.));
#4702=CARTESIAN_POINT('',(2.90863567455494,30.2068567328294,25.));
#4703=CARTESIAN_POINT('',(2.90863567455494,30.2068567328294,21.));
#4704=CARTESIAN_POINT('Origin',(13.4985098239465,34.3666717808558,5.00000000000001));
#4705=CARTESIAN_POINT('',(18.4985098239471,35.2666717808558,5.00000000000001));
#4706=CARTESIAN_POINT('',(18.4985098239459,33.4666717808558,5.00000000000001));
#4707=CARTESIAN_POINT('',(18.4985098239468,34.8166717808541,5.00000000000001));
#4708=CARTESIAN_POINT('',(8.4985098239494,35.2666717808558,5.00000000000001));
#4709=CARTESIAN_POINT('',(7.99850982394617,35.2666717808558,5.00000000000001));
#4710=CARTESIAN_POINT('',(8.49850982394587,33.4666717808558,5.00000000000001));
#4711=CARTESIAN_POINT('',(8.49850982394675,33.9166717808607,5.00000000000001));
#4712=CARTESIAN_POINT('',(18.9985098239462,33.4666717808558,5.00000000000001));
#4713=CARTESIAN_POINT('Origin',(2.49850982394587,35.2666717808558,0.));
#4714=CARTESIAN_POINT('',(18.4985098239471,35.2666717808558,6.00000000000001));
#4715=CARTESIAN_POINT('',(18.4985098239471,35.2666717808558,0.));
#4716=CARTESIAN_POINT('',(24.4985098239459,35.2666717808558,6.00000000000001));
#4717=CARTESIAN_POINT('',(7.99850982394587,35.2666717808558,6.00000000000001));
#4718=CARTESIAN_POINT('',(24.4985098239459,35.2666717808558,8.));
#4719=CARTESIAN_POINT('',(24.4985098239459,35.2666717808558,0.));
#4720=CARTESIAN_POINT('',(2.49850982394587,35.2666717808558,8.));
#4721=CARTESIAN_POINT('',(24.4985098239459,35.2666717808558,8.));
#4722=CARTESIAN_POINT('',(2.49850982394587,35.2666717808558,6.00000000000001));
#4723=CARTESIAN_POINT('',(2.49850982394587,35.2666717808558,0.));
#4724=CARTESIAN_POINT('',(8.4985098239494,35.2666717808558,6.00000000000001));
#4725=CARTESIAN_POINT('',(7.99850982394587,35.2666717808558,6.00000000000001));
#4726=CARTESIAN_POINT('',(8.4985098239494,35.2666717808558,0.));
#4727=CARTESIAN_POINT('Origin',(18.4985098239471,35.2666717808558,0.));
#4728=CARTESIAN_POINT('',(18.4985098239459,33.4666717808558,6.00000000000001));
#4729=CARTESIAN_POINT('',(18.4985098239459,33.4666717808558,0.));
#4730=CARTESIAN_POINT('',(18.4985098239468,34.8166717808541,6.00000000000001));
#4731=CARTESIAN_POINT('Origin',(13.4985098239459,34.3666717808558,6.00000000000001));
#4732=CARTESIAN_POINT('',(24.4985098239459,33.4666717808558,6.00000000000001));
#4733=CARTESIAN_POINT('',(18.9985098239459,33.4666717808558,6.00000000000001));
#4734=CARTESIAN_POINT('',(24.4985098239459,34.8166717808558,6.00000000000001));
#4735=CARTESIAN_POINT('Origin',(8.49850982394587,33.4666717808558,0.));
#4736=CARTESIAN_POINT('',(8.49850982394587,33.4666717808558,6.00000000000001));
#4737=CARTESIAN_POINT('',(8.49850982394675,33.9166717808607,6.00000000000001));
#4738=CARTESIAN_POINT('',(8.49850982394587,33.4666717808558,0.));
#4739=CARTESIAN_POINT('Origin',(13.4985098239459,34.3666717808558,6.00000000000001));
#4740=CARTESIAN_POINT('',(2.49850982394586,33.4666717808558,6.00000000000001));
#4741=CARTESIAN_POINT('',(18.9985098239459,33.4666717808558,6.00000000000001));
#4742=CARTESIAN_POINT('',(2.49850982394587,33.9166717808558,6.00000000000001));
#4743=CARTESIAN_POINT('Origin',(24.4985098239459,33.4666717808558,0.));
#4744=CARTESIAN_POINT('',(2.49850982394586,33.4666717808558,8.));
#4745=CARTESIAN_POINT('',(2.49850982394586,33.4666717808558,0.));
#4746=CARTESIAN_POINT('',(24.4985098239459,33.4666717808558,8.));
#4747=CARTESIAN_POINT('',(2.49850982394586,33.4666717808558,8.));
#4748=CARTESIAN_POINT('',(24.4985098239459,33.4666717808558,0.));
#4749=CARTESIAN_POINT('Origin',(3.25898924223503,30.5666717808558,0.));
#4750=CARTESIAN_POINT('',(3.25898924223503,32.8666717808558,4.));
#4751=CARTESIAN_POINT('',(3.25898924223503,31.1416717808558,4.));
#4752=CARTESIAN_POINT('',(3.25898924223503,32.8666717808558,0.));
#4753=CARTESIAN_POINT('',(3.25898924223503,30.5666717808558,0.));
#4754=CARTESIAN_POINT('',(3.25898924223503,32.8666717808558,0.));
#4755=CARTESIAN_POINT('Origin',(24.4985098239459,35.2666717808558,0.));
#4756=CARTESIAN_POINT('',(24.4985098239459,33.4666717808558,8.));
#4757=CARTESIAN_POINT('Origin',(2.49850982394586,33.4666717808558,0.));
#4758=CARTESIAN_POINT('',(2.49850982394587,35.2666717808558,8.));
#4759=CARTESIAN_POINT('Origin',(-9.49850982394586,37.2666717808558,0.));
#4760=CARTESIAN_POINT('',(-9.49850982394586,37.2666717808558,0.));
#4761=CARTESIAN_POINT('',(-29.4985098239459,32.8666717808558,0.));
#4762=CARTESIAN_POINT('',(-9.49850982394586,37.2666717808558,8.));
#4763=CARTESIAN_POINT('',(-29.4985098239459,32.8666717808558,8.));
#4764=CARTESIAN_POINT('',(-9.49850982394586,37.2666717808558,0.));
#4765=CARTESIAN_POINT('Origin',(26.4985098239459,37.2666717808558,0.));
#4766=CARTESIAN_POINT('',(26.4985098239459,37.2666717808558,0.));
#4767=CARTESIAN_POINT('',(-29.4985098239459,37.2666717808558,0.));
#4768=CARTESIAN_POINT('',(26.4985098239459,37.2666717808558,8.));
#4769=CARTESIAN_POINT('',(-29.4985098239459,37.2666717808558,8.));
#4770=CARTESIAN_POINT('',(26.4985098239459,37.2666717808558,0.));
#4771=CARTESIAN_POINT('Origin',(26.4985098239459,32.8666717808558,0.));
#4772=CARTESIAN_POINT('',(26.4985098239459,32.8666717808558,0.));
#4773=CARTESIAN_POINT('',(26.4985098239459,37.2666717808558,0.));
#4774=CARTESIAN_POINT('',(26.4985098239459,32.8666717808558,8.));
#4775=CARTESIAN_POINT('',(26.4985098239459,37.2666717808558,8.));
#4776=CARTESIAN_POINT('',(26.4985098239459,32.8666717808558,0.));
#4777=CARTESIAN_POINT('Origin',(-20.,32.8666717808558,0.));
#4778=CARTESIAN_POINT('',(26.4985098239459,32.8666717808558,0.));
#4779=CARTESIAN_POINT('',(-20.,32.8666717808558,8.));
#4780=CARTESIAN_POINT('',(26.4985098239459,32.8666717808558,8.));
#4781=CARTESIAN_POINT('',(-20.,32.8666717808558,3.99999999999999));
#4782=CARTESIAN_POINT('',(-20.,32.8666717808558,0.));
#4783=CARTESIAN_POINT('',(-14.1852526894412,32.8666717808558,4.));
#4784=CARTESIAN_POINT('Origin',(-1.49999999999999,33.9166717808558,8.));
#4785=CARTESIAN_POINT('',(-20.,30.5666717808558,8.));
#4786=CARTESIAN_POINT('',(-27.7988823679594,27.5666717808558,8.));
#4787=CARTESIAN_POINT('Origin',(-3.25898924223502,30.5666717808558,17.8));
#4788=CARTESIAN_POINT('',(-3.25898924223502,30.5666717808558,17.8));
#4789=CARTESIAN_POINT('',(-3.25898924223503,30.5666717808558,19.4));
#4790=CARTESIAN_POINT('',(-3.25898924223503,30.5666717808558,0.));
#4791=CARTESIAN_POINT('',(-3.25898924223502,32.1666717808558,19.4000000000001));
#4792=CARTESIAN_POINT('',(-3.25898924223502,30.5666717808558,19.4000000000001));
#4793=CARTESIAN_POINT('',(-3.25898924223502,32.1666717808558,17.8));
#4794=CARTESIAN_POINT('',(-3.25898924223503,32.1666717808558,5.59999999999995));
#4795=CARTESIAN_POINT('',(-3.25898924223502,30.5666717808558,17.8));
#4796=CARTESIAN_POINT('Origin',(29.4985098239459,30.5666717808558,17.8));
#4797=CARTESIAN_POINT('',(13.1197602908554,30.5666717808558,17.8));
#4798=CARTESIAN_POINT('',(-3.25898924223502,32.1666717808558,17.8));
#4799=CARTESIAN_POINT('Origin',(13.1197602908554,32.1666717808558,12.5));
#4800=CARTESIAN_POINT('',(20.,32.1666717808558,19.4));
#4801=CARTESIAN_POINT('',(-3.25898924223502,32.1666717808558,19.4000000000001));
#4802=CARTESIAN_POINT('',(20.,32.1666717808558,25.));
#4803=CARTESIAN_POINT('',(20.,32.1666717808558,19.4));
#4804=CARTESIAN_POINT('',(20.,32.1666717808558,25.));
#4805=CARTESIAN_POINT('Origin',(-3.25898924223502,30.5666717808558,5.59999999999995));
#4806=CARTESIAN_POINT('',(-3.25898924223503,30.5666717808558,5.6));
#4807=CARTESIAN_POINT('',(-3.25898924223502,30.5666717808558,7.20000000000001));
#4808=CARTESIAN_POINT('',(-3.25898924223503,30.5666717808558,0.));
#4809=CARTESIAN_POINT('',(-3.25898924223503,32.1666717808558,7.20000000000001));
#4810=CARTESIAN_POINT('',(-3.25898924223502,30.5666717808558,7.20000000000001));
#4811=CARTESIAN_POINT('',(-3.25898924223503,32.1666717808558,5.59999999999995));
#4812=CARTESIAN_POINT('',(-3.25898924223503,32.1666717808558,5.59999999999995));
#4813=CARTESIAN_POINT('',(-3.25898924223502,30.5666717808558,5.59999999999995));
#4814=CARTESIAN_POINT('Origin',(-3.25898924223502,30.5666717808558,7.20000000000001));
#4815=CARTESIAN_POINT('',(-3.25898924223503,30.5666717808558,7.20000000000001));
#4816=CARTESIAN_POINT('',(-3.25898924223503,32.1666717808558,7.20000000000001));
#4817=CARTESIAN_POINT('Origin',(13.1197602908554,32.1666717808558,12.5));
#4818=CARTESIAN_POINT('',(20.,32.1666717808558,0.));
#4819=CARTESIAN_POINT('',(29.4985098239459,32.1666717808558,-1.02527322567088E-46));
#4820=CARTESIAN_POINT('',(20.,32.1666717808558,5.6));
#4821=CARTESIAN_POINT('',(20.,32.1666717808558,-1.02527322567088E-46));
#4822=CARTESIAN_POINT('',(20.,32.1666717808558,5.6));
#4823=CARTESIAN_POINT('Origin',(-3.25898924223503,30.5666717808558,0.));
#4824=CARTESIAN_POINT('',(-3.25898924223503,30.5666717808558,0.));
#4825=CARTESIAN_POINT('Origin',(20.,30.5666717808557,0.));
#4826=CARTESIAN_POINT('',(20.,27.5666717808558,5.6));
#4827=CARTESIAN_POINT('',(20.,27.5666717808558,0.));
#4828=CARTESIAN_POINT('',(20.,27.5666717808558,0.));
#4829=CARTESIAN_POINT('',(20.,30.5666717808557,5.6));
#4830=CARTESIAN_POINT('',(19.9999999999999,7.24999999999994,0.));
#4831=CARTESIAN_POINT('Origin',(-20.,30.5666717808558,19.4));
#4832=CARTESIAN_POINT('',(20.,27.5666717808558,19.4));
#4833=CARTESIAN_POINT('',(-1.7817847498834,27.5666717808558,19.4));
#4834=CARTESIAN_POINT('',(4.42425491197296,27.5666717808558,19.4));
#4835=CARTESIAN_POINT('',(20.,30.5666717808557,19.4));
#4836=CARTESIAN_POINT('',(-11.3707012789943,20.0214461330687,19.4));
#4837=CARTESIAN_POINT('',(-4.4431630491616,24.1068799917942,19.4));
#4838=CARTESIAN_POINT('Origin',(20.,30.5666717808557,5.6));
#4839=CARTESIAN_POINT('',(-1.7817847498834,27.5666717808558,5.6));
#4840=CARTESIAN_POINT('',(24.424254911973,27.5666717808558,5.6));
#4841=CARTESIAN_POINT('',(2.99178118875664,33.7723075010879,5.6));
#4842=CARTESIAN_POINT('',(-3.93575704107607,29.6868736423624,5.6));
#4843=CARTESIAN_POINT('Origin',(20.,30.5666717808557,19.4));
#4844=CARTESIAN_POINT('',(20.,27.5666717808558,25.));
#4845=CARTESIAN_POINT('',(20.,27.5666717808558,9.7));
#4846=CARTESIAN_POINT('',(20.,30.5666717808558,25.));
#4847=CARTESIAN_POINT('Origin',(28.8485098239459,27.5666717808558,0.));
#4848=CARTESIAN_POINT('',(28.8485098239459,27.5666717808558,0.));
#4849=CARTESIAN_POINT('',(29.4985098239459,27.5666717808558,0.));
#4850=CARTESIAN_POINT('',(28.8485098239459,27.5666717808558,25.));
#4851=CARTESIAN_POINT('',(28.8485098239459,27.5666717808558,0.));
#4852=CARTESIAN_POINT('',(18.4841350574007,27.5666717808558,25.));
#4853=CARTESIAN_POINT('',(-1.7817847498834,27.5666717808558,0.));
#4854=CARTESIAN_POINT('Origin',(21.428348506161,-19.0666717808558,8.5));
#4855=CARTESIAN_POINT('Origin',(21.428348506161,-19.0666717808558,16.5));
#4856=CARTESIAN_POINT('Origin',(29.868992902789,-15.4506463770714,8.5));
#4857=CARTESIAN_POINT('',(32.7090914876564,-14.5288889342332,8.5));
#4858=CARTESIAN_POINT('',(32.7090914876564,-14.5288889342332,8.5));
#4859=CARTESIAN_POINT('',(31.0867723369659,-16.8458007955915,8.5));
#4860=CARTESIAN_POINT('Origin',(30.739475981632,-14.876185289567,8.5));
#4861=CARTESIAN_POINT('',(26.9985098239459,-17.5666717808558,8.5));
#4862=CARTESIAN_POINT('Origin',(31.0867723369659,-16.8458007955914,12.5));
#4863=CARTESIAN_POINT('',(31.0867723369659,-16.8458007955915,12.5));
#4864=CARTESIAN_POINT('Origin',(30.739475981632,-14.876185289567,12.5));
#4865=CARTESIAN_POINT('',(32.7090914876564,-14.5288889342332,12.5));
#4866=CARTESIAN_POINT('Origin',(32.4985098239459,-13.334620973287,12.5));
#4867=CARTESIAN_POINT('Origin',(-13.258989242235,17.5666717808559,0.));
#4868=CARTESIAN_POINT('Origin',(-1.7817847498834,27.5666717808558,0.));
#4869=CARTESIAN_POINT('Origin',(28.8485098239459,-14.5666717808558,0.));
#4870=CARTESIAN_POINT('',(28.8485098239459,-4.03333589042792,25.));
#4871=CARTESIAN_POINT('',(28.8485098239459,27.5666717808558,0.));
#4872=CARTESIAN_POINT('Origin',(20.,30.5666717808557,21.));
#4873=CARTESIAN_POINT('',(-20.,27.5666717808558,21.));
#4874=CARTESIAN_POINT('',(-4.42425491197296,27.5666717808558,21.));
#4875=CARTESIAN_POINT('',(-20.,30.5666717808558,21.));
#4876=CARTESIAN_POINT('Origin',(-20.,30.5666717808558,3.99999999999999));
#4877=CARTESIAN_POINT('',(1.7817847498834,27.5666717808558,4.));
#4878=CARTESIAN_POINT('',(-20.,27.5666717808558,3.99999999999999));
#4879=CARTESIAN_POINT('',(-24.4242549119729,27.5666717808558,3.99999999999999));
#4880=CARTESIAN_POINT('',(-2.99178118875666,33.7723075010879,4.));
#4881=CARTESIAN_POINT('',(-20.,30.5666717808558,3.99999999999999));
#4882=CARTESIAN_POINT('Origin',(-20.,30.5666717808558,21.));
#4883=CARTESIAN_POINT('',(-20.,27.5666717808558,10.5));
#4884=CARTESIAN_POINT('Origin',(1.7817847498834,27.5666717808558,0.));
#4885=CARTESIAN_POINT('',(1.7817847498834,27.5666717808558,0.));
#4886=CARTESIAN_POINT('Origin',(-24.872547260876,-20.3666717808558,12.5));
#4887=CARTESIAN_POINT('',(-25.0257561494998,-20.2381142589185,12.5));
#4888=CARTESIAN_POINT('Origin',(-22.784149751446,-17.5666717808558,12.5));
#4889=CARTESIAN_POINT('Origin',(-21.428348506161,-19.0666717808558,16.5));
#4890=CARTESIAN_POINT('Origin',(-29.868992902789,-15.4506463770714,8.5));
#4891=CARTESIAN_POINT('',(-31.0867723369659,-16.8458007955915,8.5));
#4892=CARTESIAN_POINT('',(-26.9985098239459,-17.5666717808558,8.5));
#4893=CARTESIAN_POINT('Origin',(-30.739475981632,-14.876185289567,8.5));
#4894=CARTESIAN_POINT('Origin',(-31.0867723369659,-16.8458007955914,12.5));
#4895=CARTESIAN_POINT('',(-31.0867723369659,-16.8458007955915,16.5));
#4896=CARTESIAN_POINT('',(-26.9985098239459,-17.5666717808558,16.5));
#4897=CARTESIAN_POINT('',(-31.0867723369659,-16.8458007955915,12.5));
#4898=CARTESIAN_POINT('Origin',(-30.739475981632,-14.876185289567,12.5));
#4899=CARTESIAN_POINT('Origin',(-30.739475981632,-14.876185289567,16.5));
#4900=CARTESIAN_POINT('Origin',(-29.868992902789,-15.4506463770714,16.5));
#4901=CARTESIAN_POINT('Origin',(-28.8485098239459,27.5666717808558,0.));
#4902=CARTESIAN_POINT('',(-28.8485098239459,27.5666717808558,25.));
#4903=CARTESIAN_POINT('',(-18.4841350574007,27.5666717808558,25.));
#4904=CARTESIAN_POINT('',(-28.8485098239459,27.5666717808558,0.));
#4905=CARTESIAN_POINT('',(-28.8485098239459,27.5666717808558,0.));
#4906=CARTESIAN_POINT('',(-29.4985098239459,27.5666717808558,0.));
#4907=CARTESIAN_POINT('Origin',(-28.8485098239459,-14.5666717808558,0.));
#4908=CARTESIAN_POINT('',(-28.8485098239459,-4.03333589042792,25.));
#4909=CARTESIAN_POINT('',(-28.8485098239459,27.5666717808558,0.));
#4910=CARTESIAN_POINT('Origin',(-15.9745421047246,0.,25.));
#4911=CARTESIAN_POINT('Origin',(-15.9745421047246,0.,0.));
#4912=UNCERTAINTY_MEASURE_WITH_UNIT(LENGTH_MEASURE(0.01),#4916,
'DISTANCE_ACCURACY_VALUE',
'Maximum model space distance between geometric entities at asserted c
onnectivities');
#4913=UNCERTAINTY_MEASURE_WITH_UNIT(LENGTH_MEASURE(0.01),#4916,
'DISTANCE_ACCURACY_VALUE',
'Maximum model space distance between geometric entities at asserted c
onnectivities');
#4914=(
GEOMETRIC_REPRESENTATION_CONTEXT(3)
GLOBAL_UNCERTAINTY_ASSIGNED_CONTEXT((#4912))
GLOBAL_UNIT_ASSIGNED_CONTEXT((#4916,#4918,#4919))
REPRESENTATION_CONTEXT('','3D')
);
#4915=(
GEOMETRIC_REPRESENTATION_CONTEXT(3)
GLOBAL_UNCERTAINTY_ASSIGNED_CONTEXT((#4913))
GLOBAL_UNIT_ASSIGNED_CONTEXT((#4916,#4918,#4919))
REPRESENTATION_CONTEXT('','3D')
);
#4916=(
LENGTH_UNIT()
NAMED_UNIT(*)
SI_UNIT(.MILLI.,.METRE.)
);
#4917=(
LENGTH_UNIT()
NAMED_UNIT(*)
SI_UNIT($,.METRE.)
);
#4918=(
NAMED_UNIT(*)
PLANE_ANGLE_UNIT()
SI_UNIT($,.RADIAN.)
);
#4919=(
NAMED_UNIT(*)
SI_UNIT($,.STERADIAN.)
SOLID_ANGLE_UNIT()
);
#4920=SHAPE_DEFINITION_REPRESENTATION(#4921,#4922);
#4921=PRODUCT_DEFINITION_SHAPE('',$,#4924);
#4922=SHAPE_REPRESENTATION('',(#3000),#4914);
#4923=PRODUCT_DEFINITION_CONTEXT('part definition',#4928,'design');
#4924=PRODUCT_DEFINITION('omega rubber - as5311',
'omega rubber - as5311 v3',#4925,#4923);
#4925=PRODUCT_DEFINITION_FORMATION('',$,#4930);
#4926=PRODUCT_RELATED_PRODUCT_CATEGORY('omega rubber - as5311 v3',
'omega rubber - as5311 v3',(#4930));
#4927=APPLICATION_PROTOCOL_DEFINITION('international standard',
'automotive_design',2009,#4928);
#4928=APPLICATION_CONTEXT(
'Core Data for Automotive Mechanical Design Process');
#4929=PRODUCT_CONTEXT('part definition',#4928,'mechanical');
#4930=PRODUCT('omega rubber - as5311','omega rubber - as5311 v3',$,(#4929));
#4931=PRESENTATION_STYLE_ASSIGNMENT((#4932));
#4932=SURFACE_STYLE_USAGE(.BOTH.,#4933);
#4933=SURFACE_SIDE_STYLE('',(#4934));
#4934=SURFACE_STYLE_FILL_AREA(#4935);
#4935=FILL_AREA_STYLE('Steel - Satin',(#4936));
#4936=FILL_AREA_STYLE_COLOUR('Steel - Satin',#4937);
#4937=COLOUR_RGB('Steel - Satin',0.627450980392157,0.627450980392157,0.627450980392157);
ENDSEC;
END-ISO-10303-21;
